# Blender 5.2.2 LTS
# www.blender.org
mtllib MONSTER LOGO ver10.mtl
o monster_logo
v 0.386290 0.309871 0.002383
v 0.386290 0.309871 0.002383
v 0.386290 0.309871 0.002383
v 0.386290 0.310891 0.001364
v 0.386290 0.310891 0.001364
v 0.386290 0.310891 0.001364
v 0.360452 0.310891 0.001360
v 0.360452 0.310891 0.001360
v 0.360452 0.310891 0.001360
v 0.360451 0.309871 0.002379
v 0.360451 0.309871 0.002379
v 0.360451 0.309871 0.002379
v 0.386290 0.309037 0.003611
v 0.386290 0.309037 0.003611
v 0.386290 0.309037 0.003611
v 0.360451 0.309037 0.003607
v 0.360451 0.309037 0.003607
v 0.360451 0.309037 0.003607
v 0.386290 0.308286 0.004952
v 0.386290 0.308286 0.004952
v 0.386290 0.308286 0.004952
v 0.360451 0.308286 0.004948
v 0.360451 0.308286 0.004948
v 0.360451 0.308286 0.004948
v 0.386289 0.307634 0.006270
v 0.386289 0.307634 0.006270
v 0.386289 0.307634 0.006270
v 0.360451 0.307634 0.006265
v 0.360451 0.307634 0.006265
v 0.360451 0.307634 0.006265
v 0.386289 0.307010 0.007645
v 0.386289 0.307010 0.007645
v 0.386289 0.307010 0.007645
v 0.360451 0.307010 0.007641
v 0.360451 0.307010 0.007641
v 0.360451 0.307010 0.007641
v 0.386289 0.306418 0.009051
v 0.386289 0.306418 0.009051
v 0.386289 0.306418 0.009051
v 0.360450 0.306418 0.009047
v 0.360450 0.306418 0.009047
v 0.360450 0.306418 0.009047
v 0.386289 0.305859 0.010459
v 0.386289 0.305859 0.010459
v 0.386289 0.305859 0.010459
v 0.360450 0.305859 0.010455
v 0.360450 0.305859 0.010455
v 0.360450 0.305859 0.010455
v 0.386288 0.305321 0.011884
v 0.386288 0.305321 0.011884
v 0.386288 0.305321 0.011884
v 0.360450 0.305321 0.011880
v 0.360450 0.305321 0.011880
v 0.360450 0.305321 0.011880
v 0.386288 0.304823 0.013266
v 0.386288 0.304823 0.013266
v 0.386288 0.304823 0.013266
v 0.360450 0.304823 0.013262
v 0.360450 0.304823 0.013262
v 0.360450 0.304823 0.013262
v 0.386288 0.303837 0.016167
v 0.386288 0.303837 0.016167
v 0.386288 0.303837 0.016167
v 0.386288 0.303837 0.016167
v 0.386288 0.303837 0.016167
v 0.360449 0.303837 0.016162
v 0.360449 0.303837 0.016162
v 0.360449 0.303837 0.016162
v 0.360449 0.303837 0.016162
v 0.360449 0.303837 0.016162
v 0.360449 0.303837 0.016162
v 0.386287 0.303380 0.017583
v 0.386287 0.303380 0.017583
v 0.386287 0.303380 0.017583
v 0.360449 0.303380 0.017578
v 0.360449 0.303380 0.017578
v 0.360449 0.303380 0.017578
v 0.386287 0.302489 0.020487
v 0.386287 0.302489 0.020487
v 0.386287 0.302489 0.020487
v 0.360448 0.302489 0.020483
v 0.360448 0.302489 0.020483
v 0.360448 0.302489 0.020483
v 0.386287 0.302053 0.021972
v 0.386287 0.302053 0.021972
v 0.386287 0.302053 0.021972
v 0.360448 0.302053 0.021968
v 0.360448 0.302053 0.021968
v 0.360448 0.302053 0.021968
v 0.386286 0.301648 0.023393
v 0.386286 0.301648 0.023393
v 0.386286 0.301648 0.023393
v 0.360448 0.301648 0.023389
v 0.360448 0.301648 0.023389
v 0.360448 0.301648 0.023389
v 0.386286 0.301239 0.024866
v 0.386286 0.301239 0.024866
v 0.386286 0.301239 0.024866
v 0.360448 0.301239 0.024862
v 0.360448 0.301239 0.024862
v 0.360448 0.301239 0.024862
v 0.386285 0.299674 0.030743
v 0.386285 0.299674 0.030743
v 0.386285 0.299674 0.030743
v 0.360447 0.299674 0.030739
v 0.360447 0.299674 0.030739
v 0.360447 0.299674 0.030739
v 0.386285 0.299264 0.032198
v 0.386285 0.299264 0.032198
v 0.386285 0.299264 0.032198
v 0.360446 0.299264 0.032194
v 0.360446 0.299264 0.032194
v 0.360446 0.299264 0.032194
v 0.386284 0.297946 0.036565
v 0.386284 0.297946 0.036565
v 0.386284 0.297946 0.036565
v 0.360446 0.297946 0.036560
v 0.360446 0.297946 0.036560
v 0.360446 0.297946 0.036560
v 0.386284 0.297489 0.037987
v 0.386284 0.297489 0.037987
v 0.386284 0.297489 0.037987
v 0.360445 0.297489 0.037983
v 0.360445 0.297489 0.037983
v 0.360445 0.297489 0.037983
v 0.386283 0.296523 0.040858
v 0.386283 0.296523 0.040858
v 0.386283 0.296523 0.040858
v 0.360445 0.296523 0.040854
v 0.360445 0.296523 0.040854
v 0.360445 0.296523 0.040854
v 0.386283 0.296007 0.042315
v 0.386283 0.296007 0.042315
v 0.386283 0.296007 0.042315
v 0.360445 0.296007 0.042311
v 0.360445 0.296007 0.042311
v 0.360445 0.296007 0.042311
v 0.386283 0.295483 0.043740
v 0.386283 0.295483 0.043740
v 0.386283 0.295483 0.043740
v 0.360444 0.295483 0.043736
v 0.360444 0.295483 0.043736
v 0.360444 0.295483 0.043736
v 0.386283 0.294941 0.045147
v 0.386283 0.294941 0.045147
v 0.386283 0.294941 0.045147
v 0.360444 0.294941 0.045142
v 0.360444 0.294941 0.045142
v 0.360444 0.294941 0.045142
v 0.386282 0.294378 0.046526
v 0.386282 0.294378 0.046526
v 0.386282 0.294378 0.046526
v 0.360444 0.294378 0.046521
v 0.360444 0.294378 0.046521
v 0.360444 0.294378 0.046521
v 0.386282 0.293764 0.047916
v 0.386282 0.293764 0.047916
v 0.386282 0.293764 0.047916
v 0.360444 0.293764 0.047912
v 0.360444 0.293764 0.047912
v 0.360444 0.293764 0.047912
v 0.386282 0.293094 0.049251
v 0.386282 0.293094 0.049251
v 0.386282 0.293094 0.049251
v 0.360443 0.293094 0.049247
v 0.360443 0.293094 0.049247
v 0.360443 0.293094 0.049247
v 0.386282 0.292431 0.050598
v 0.386282 0.292431 0.050598
v 0.386282 0.292431 0.050598
v 0.360443 0.292431 0.050593
v 0.360443 0.292431 0.050593
v 0.360443 0.292431 0.050593
v 0.386281 0.291833 0.051982
v 0.386281 0.291833 0.051982
v 0.386281 0.291833 0.051982
v 0.360443 0.291833 0.051978
v 0.360443 0.291833 0.051978
v 0.360443 0.291833 0.051978
v 0.386281 0.291307 0.053400
v 0.386281 0.291307 0.053400
v 0.386281 0.291307 0.053400
v 0.360443 0.291307 0.053396
v 0.360443 0.291307 0.053396
v 0.360443 0.291307 0.053396
v 0.386281 0.290854 0.054849
v 0.386281 0.290854 0.054849
v 0.386281 0.290854 0.054849
v 0.360442 0.290854 0.054844
v 0.360442 0.290854 0.054844
v 0.360442 0.290854 0.054844
v 0.386281 0.290479 0.056322
v 0.386281 0.290479 0.056322
v 0.386281 0.290479 0.056322
v 0.360442 0.290479 0.056318
v 0.360442 0.290479 0.056318
v 0.360442 0.290479 0.056318
v 0.386280 0.290185 0.057817
v 0.386280 0.290185 0.057817
v 0.386280 0.290185 0.057817
v 0.360442 0.290185 0.057813
v 0.360442 0.290185 0.057813
v 0.360442 0.290185 0.057813
v 0.360442 0.290185 0.057813
v 0.386280 0.289975 0.059328
v 0.386280 0.289975 0.059328
v 0.386280 0.289975 0.059328
v 0.386280 0.289975 0.059328
v 0.360442 0.289975 0.059324
v 0.360442 0.289975 0.059324
v 0.360442 0.289975 0.059324
v 0.386280 0.289848 0.060850
v 0.386280 0.289848 0.060850
v 0.386280 0.289848 0.060850
v 0.360441 0.289848 0.060845
v 0.360441 0.289848 0.060845
v 0.360441 0.289848 0.060845
v 0.386280 0.289808 0.062370
v 0.386280 0.289808 0.062370
v 0.386280 0.289808 0.062370
v 0.360441 0.289808 0.062366
v 0.360441 0.289808 0.062366
v 0.360441 0.289808 0.062366
v 0.386279 0.289760 0.063881
v 0.386279 0.289760 0.063881
v 0.386279 0.289760 0.063881
v 0.360441 0.289760 0.063877
v 0.360441 0.289760 0.063877
v 0.360441 0.289760 0.063877
v 0.386279 0.289622 0.065418
v 0.386279 0.289622 0.065418
v 0.386279 0.289622 0.065418
v 0.360441 0.289622 0.065413
v 0.360441 0.289622 0.065413
v 0.360441 0.289622 0.065413
v 0.386279 0.289406 0.066918
v 0.386279 0.289406 0.066918
v 0.386279 0.289406 0.066918
v 0.360440 0.289406 0.066913
v 0.360440 0.289406 0.066913
v 0.360440 0.289406 0.066913
v 0.386279 0.289119 0.068405
v 0.386279 0.289119 0.068405
v 0.386279 0.289119 0.068405
v 0.360440 0.289119 0.068401
v 0.360440 0.289119 0.068401
v 0.360440 0.289119 0.068401
v 0.386278 0.288756 0.069939
v 0.386278 0.288756 0.069939
v 0.386278 0.288756 0.069939
v 0.360440 0.288756 0.069935
v 0.360440 0.288756 0.069935
v 0.360440 0.288756 0.069935
v 0.386278 0.288351 0.071407
v 0.386278 0.288351 0.071407
v 0.386278 0.288351 0.071407
v 0.360440 0.288351 0.071403
v 0.360440 0.288351 0.071403
v 0.360440 0.288351 0.071403
v 0.386278 0.287903 0.072855
v 0.386278 0.287903 0.072855
v 0.386278 0.287903 0.072855
v 0.360439 0.287903 0.072851
v 0.360439 0.287903 0.072851
v 0.360439 0.287903 0.072851
v 0.386277 0.286915 0.075675
v 0.386277 0.286915 0.075675
v 0.386277 0.286915 0.075675
v 0.360439 0.286915 0.075671
v 0.360439 0.286915 0.075671
v 0.360439 0.286915 0.075671
v 0.386277 0.286364 0.077104
v 0.386277 0.286364 0.077104
v 0.386277 0.286364 0.077104
v 0.360439 0.286364 0.077099
v 0.360439 0.286364 0.077099
v 0.360439 0.286364 0.077099
v 0.386277 0.285795 0.078511
v 0.386277 0.285795 0.078511
v 0.386277 0.285795 0.078511
v 0.360438 0.285795 0.078507
v 0.360438 0.285795 0.078507
v 0.360438 0.285795 0.078507
v 0.386277 0.285210 0.079897
v 0.386277 0.285210 0.079897
v 0.386277 0.285210 0.079897
v 0.360438 0.285210 0.079892
v 0.360438 0.285210 0.079892
v 0.360438 0.285210 0.079892
v 0.386276 0.283368 0.083998
v 0.386276 0.283368 0.083998
v 0.386276 0.283368 0.083998
v 0.360437 0.283368 0.083993
v 0.360437 0.283368 0.083993
v 0.360437 0.283368 0.083993
v 0.386276 0.282719 0.085375
v 0.386276 0.282719 0.085375
v 0.386276 0.282719 0.085375
v 0.360437 0.282719 0.085371
v 0.360437 0.282719 0.085371
v 0.360437 0.282719 0.085371
v 0.386275 0.281405 0.088083
v 0.386275 0.281405 0.088083
v 0.386275 0.281405 0.088083
v 0.360437 0.281405 0.088079
v 0.360437 0.281405 0.088079
v 0.360437 0.281405 0.088079
v 0.386275 0.280742 0.089419
v 0.386275 0.280742 0.089419
v 0.386275 0.280742 0.089419
v 0.360437 0.280742 0.089415
v 0.360437 0.280742 0.089415
v 0.360437 0.280742 0.089415
v 0.386274 0.278718 0.093401
v 0.386274 0.278718 0.093401
v 0.386274 0.278718 0.093401
v 0.360436 0.278718 0.093397
v 0.360436 0.278718 0.093397
v 0.360436 0.278718 0.093397
v 0.386274 0.278025 0.094775
v 0.386274 0.278025 0.094775
v 0.386274 0.278025 0.094775
v 0.360436 0.278025 0.094770
v 0.360436 0.278025 0.094770
v 0.360436 0.278025 0.094770
v 0.386274 0.277390 0.096132
v 0.386274 0.277390 0.096132
v 0.386274 0.277390 0.096132
v 0.360435 0.277390 0.096128
v 0.360435 0.277390 0.096128
v 0.360435 0.277390 0.096128
v 0.386274 0.276796 0.097513
v 0.386274 0.276796 0.097513
v 0.386274 0.276796 0.097513
v 0.360435 0.276796 0.097508
v 0.360435 0.276796 0.097508
v 0.360435 0.276796 0.097508
v 0.386273 0.276241 0.098930
v 0.386273 0.276241 0.098930
v 0.386273 0.276241 0.098930
v 0.360435 0.276241 0.098926
v 0.360435 0.276241 0.098926
v 0.360435 0.276241 0.098926
v 0.386273 0.275740 0.100353
v 0.386273 0.275740 0.100353
v 0.386273 0.275740 0.100353
v 0.360435 0.275740 0.100348
v 0.360435 0.275740 0.100348
v 0.360435 0.275740 0.100348
v 0.386273 0.275297 0.101785
v 0.386273 0.275297 0.101785
v 0.386273 0.275297 0.101785
v 0.360434 0.275297 0.101780
v 0.360434 0.275297 0.101780
v 0.360434 0.275297 0.101780
v 0.386273 0.274906 0.103285
v 0.386273 0.274906 0.103285
v 0.386273 0.274906 0.103285
v 0.360434 0.274906 0.103281
v 0.360434 0.274906 0.103281
v 0.360434 0.274906 0.103281
v 0.386272 0.274604 0.104761
v 0.386272 0.274604 0.104761
v 0.386272 0.274604 0.104761
v 0.360434 0.274604 0.104757
v 0.360434 0.274604 0.104757
v 0.360434 0.274604 0.104757
v 0.386272 0.274400 0.106266
v 0.386272 0.274400 0.106266
v 0.386272 0.274400 0.106266
v 0.360434 0.274400 0.106262
v 0.360434 0.274400 0.106262
v 0.360434 0.274400 0.106262
v 0.386272 0.274335 0.107783
v 0.386272 0.274335 0.107783
v 0.386272 0.274335 0.107783
v 0.360433 0.274335 0.107779
v 0.360433 0.274335 0.107779
v 0.360433 0.274335 0.107779
v 0.386272 0.274489 0.109305
v 0.386272 0.274489 0.109305
v 0.386272 0.274489 0.109305
v 0.360433 0.274489 0.109301
v 0.360433 0.274489 0.109301
v 0.360433 0.274489 0.109301
v 0.386271 0.275039 0.110715
v 0.386271 0.275039 0.110715
v 0.386271 0.275039 0.110715
v 0.360433 0.275039 0.110711
v 0.360433 0.275039 0.110711
v 0.360433 0.275039 0.110711
v 0.386271 0.275967 0.111828
v 0.386271 0.275967 0.111828
v 0.386271 0.275967 0.111828
v 0.360433 0.275967 0.111824
v 0.360433 0.275967 0.111824
v 0.360433 0.275967 0.111824
v 0.386271 0.276431 0.113273
v 0.386271 0.276431 0.113273
v 0.386271 0.276431 0.113273
v 0.360432 0.276431 0.113269
v 0.360432 0.276431 0.113269
v 0.360432 0.276431 0.113269
v 0.386271 0.276764 0.114754
v 0.386271 0.276764 0.114754
v 0.386271 0.276764 0.114754
v 0.360432 0.276764 0.114750
v 0.360432 0.276764 0.114750
v 0.360432 0.276764 0.114750
v 0.386270 0.277039 0.116255
v 0.386270 0.277039 0.116255
v 0.386270 0.277039 0.116255
v 0.360432 0.277039 0.116251
v 0.360432 0.277039 0.116251
v 0.360432 0.277039 0.116251
v 0.386270 0.277271 0.117755
v 0.386270 0.277271 0.117755
v 0.386270 0.277271 0.117755
v 0.360432 0.277271 0.117750
v 0.360432 0.277271 0.117750
v 0.360432 0.277271 0.117750
v 0.386270 0.277473 0.119268
v 0.386270 0.277473 0.119268
v 0.386270 0.277473 0.119268
v 0.360431 0.277473 0.119264
v 0.360431 0.277473 0.119264
v 0.360431 0.277473 0.119264
v 0.386270 0.277648 0.120798
v 0.386270 0.277648 0.120798
v 0.386270 0.277648 0.120798
v 0.360431 0.277648 0.120794
v 0.360431 0.277648 0.120794
v 0.360431 0.277648 0.120794
v 0.386268 0.278337 0.128425
v 0.386268 0.278337 0.128425
v 0.386268 0.278337 0.128425
v 0.360430 0.278337 0.128420
v 0.360430 0.278337 0.128420
v 0.360430 0.278337 0.128420
v 0.386268 0.278481 0.129920
v 0.386268 0.278481 0.129920
v 0.386268 0.278481 0.129920
v 0.360430 0.278481 0.129915
v 0.360430 0.278481 0.129915
v 0.360430 0.278481 0.129915
v 0.386268 0.278637 0.131447
v 0.386268 0.278637 0.131447
v 0.386268 0.278637 0.131447
v 0.360429 0.278637 0.131442
v 0.360429 0.278637 0.131442
v 0.360429 0.278637 0.131442
v 0.386268 0.278799 0.132927
v 0.386268 0.278799 0.132927
v 0.386268 0.278799 0.132927
v 0.360429 0.278799 0.132923
v 0.360429 0.278799 0.132923
v 0.360429 0.278799 0.132923
v 0.386267 0.279191 0.135982
v 0.386267 0.279191 0.135982
v 0.386267 0.279191 0.135982
v 0.360429 0.279191 0.135978
v 0.360429 0.279191 0.135978
v 0.360429 0.279191 0.135978
v 0.386267 0.279424 0.137472
v 0.386267 0.279424 0.137472
v 0.386267 0.279424 0.137472
v 0.360428 0.279424 0.137467
v 0.360428 0.279424 0.137467
v 0.360428 0.279424 0.137467
v 0.386267 0.279708 0.139003
v 0.386267 0.279708 0.139003
v 0.386267 0.279708 0.139003
v 0.360428 0.279708 0.138999
v 0.360428 0.279708 0.138999
v 0.360428 0.279708 0.138999
v 0.386266 0.280047 0.140493
v 0.386266 0.280047 0.140493
v 0.386266 0.280047 0.140493
v 0.360428 0.280047 0.140489
v 0.360428 0.280047 0.140489
v 0.360428 0.280047 0.140489
v 0.386266 0.280459 0.141954
v 0.386266 0.280459 0.141954
v 0.386266 0.280459 0.141954
v 0.360428 0.280459 0.141950
v 0.360428 0.280459 0.141950
v 0.360428 0.280459 0.141950
v 0.386266 0.280949 0.143342
v 0.386266 0.280949 0.143342
v 0.386266 0.280949 0.143342
v 0.360427 0.280949 0.143338
v 0.360427 0.280949 0.143338
v 0.360427 0.280949 0.143338
v 0.386266 0.281555 0.144724
v 0.386266 0.281555 0.144724
v 0.386266 0.281555 0.144724
v 0.360427 0.281555 0.144719
v 0.360427 0.281555 0.144719
v 0.360427 0.281555 0.144719
v 0.386265 0.282267 0.146066
v 0.386265 0.282267 0.146066
v 0.386265 0.282267 0.146066
v 0.360427 0.282267 0.146061
v 0.360427 0.282267 0.146061
v 0.360427 0.282267 0.146061
v 0.360427 0.282267 0.146061
v 0.386265 0.283065 0.147357
v 0.386265 0.283065 0.147357
v 0.386265 0.283065 0.147357
v 0.386265 0.283065 0.147357
v 0.360427 0.283065 0.147353
v 0.360427 0.283065 0.147353
v 0.360427 0.283065 0.147353
v 0.386265 0.283887 0.148554
v 0.386265 0.283887 0.148554
v 0.386265 0.283887 0.148554
v 0.360426 0.283887 0.148550
v 0.360426 0.283887 0.148550
v 0.360426 0.283887 0.148550
v 0.386265 0.284778 0.149766
v 0.386265 0.284778 0.149766
v 0.386265 0.284778 0.149766
v 0.360426 0.284778 0.149762
v 0.360426 0.284778 0.149762
v 0.360426 0.284778 0.149762
v 0.386264 0.290235 0.156745
v 0.386264 0.290235 0.156745
v 0.386264 0.290235 0.156745
v 0.360425 0.290235 0.156741
v 0.360425 0.290235 0.156741
v 0.360425 0.290235 0.156741
v 0.360425 0.290235 0.156741
v 0.386263 0.291149 0.157908
v 0.386263 0.291149 0.157908
v 0.386263 0.291149 0.157908
v 0.360425 0.291149 0.157903
v 0.360425 0.291149 0.157903
v 0.360425 0.291149 0.157903
v 0.386263 0.292062 0.159070
v 0.386263 0.292062 0.159070
v 0.386263 0.292062 0.159070
v 0.386263 0.292062 0.159070
v 0.360425 0.292062 0.159066
v 0.360425 0.292062 0.159066
v 0.360425 0.292062 0.159066
v 0.386263 0.292228 0.160246
v 0.386263 0.292228 0.160246
v 0.386263 0.292228 0.160246
v 0.360424 0.292228 0.160241
v 0.360424 0.292228 0.160241
v 0.360424 0.292228 0.160241
v 0.386262 0.288709 0.165017
v 0.386262 0.288709 0.165017
v 0.386262 0.288709 0.165017
v 0.360424 0.288709 0.165013
v 0.360424 0.288709 0.165013
v 0.360424 0.288709 0.165013
v 0.386262 0.287822 0.166250
v 0.386262 0.287822 0.166250
v 0.386262 0.287822 0.166250
v 0.360423 0.287822 0.166245
v 0.360423 0.287822 0.166245
v 0.360423 0.287822 0.166245
v 0.386262 0.287034 0.167448
v 0.386262 0.287034 0.167448
v 0.386262 0.287034 0.167448
v 0.360423 0.287034 0.167444
v 0.360423 0.287034 0.167444
v 0.360423 0.287034 0.167444
v 0.386262 0.286251 0.168742
v 0.386262 0.286251 0.168742
v 0.386262 0.286251 0.168742
v 0.360423 0.286251 0.168737
v 0.360423 0.286251 0.168737
v 0.360423 0.286251 0.168737
v 0.360423 0.286251 0.168737
v 0.386261 0.285503 0.170081
v 0.386261 0.285503 0.170081
v 0.386261 0.285503 0.170081
v 0.386261 0.285503 0.170081
v 0.360423 0.285503 0.170076
v 0.360423 0.285503 0.170076
v 0.360423 0.285503 0.170076
v 0.386261 0.284826 0.171385
v 0.386261 0.284826 0.171385
v 0.386261 0.284826 0.171385
v 0.360423 0.284826 0.171381
v 0.360423 0.284826 0.171381
v 0.360423 0.284826 0.171381
v 0.386261 0.284192 0.172693
v 0.386261 0.284192 0.172693
v 0.386261 0.284192 0.172693
v 0.360422 0.284192 0.172689
v 0.360422 0.284192 0.172689
v 0.360422 0.284192 0.172689
v 0.360422 0.284192 0.172689
v 0.386261 0.283551 0.174103
v 0.386261 0.283551 0.174103
v 0.386261 0.283551 0.174103
v 0.386261 0.283551 0.174103
v 0.360422 0.283551 0.174099
v 0.360422 0.283551 0.174099
v 0.360422 0.283551 0.174099
v 0.386260 0.282964 0.175479
v 0.386260 0.282964 0.175479
v 0.386260 0.282964 0.175479
v 0.360422 0.282964 0.175475
v 0.360422 0.282964 0.175475
v 0.360422 0.282964 0.175475
v 0.386260 0.281857 0.178323
v 0.386260 0.281857 0.178323
v 0.386260 0.281857 0.178323
v 0.360421 0.281857 0.178319
v 0.360421 0.281857 0.178319
v 0.360421 0.281857 0.178319
v 0.386260 0.281357 0.179724
v 0.386260 0.281357 0.179724
v 0.386260 0.281357 0.179724
v 0.360421 0.281357 0.179719
v 0.360421 0.281357 0.179719
v 0.360421 0.281357 0.179719
v 0.386259 0.280409 0.182615
v 0.386259 0.280409 0.182615
v 0.386259 0.280409 0.182615
v 0.360421 0.280409 0.182610
v 0.360421 0.280409 0.182610
v 0.360421 0.280409 0.182610
v 0.386259 0.279983 0.184028
v 0.386259 0.279983 0.184028
v 0.386259 0.279983 0.184028
v 0.360420 0.279983 0.184024
v 0.360420 0.279983 0.184024
v 0.360420 0.279983 0.184024
v 0.386259 0.279555 0.185527
v 0.386259 0.279555 0.185527
v 0.386259 0.279555 0.185527
v 0.360420 0.279555 0.185523
v 0.360420 0.279555 0.185523
v 0.360420 0.279555 0.185523
v 0.386258 0.279172 0.186949
v 0.386258 0.279172 0.186949
v 0.386258 0.279172 0.186949
v 0.360420 0.279172 0.186944
v 0.360420 0.279172 0.186944
v 0.360420 0.279172 0.186944
v 0.386258 0.278425 0.189965
v 0.386258 0.278425 0.189965
v 0.386258 0.278425 0.189965
v 0.360419 0.278425 0.189961
v 0.360419 0.278425 0.189961
v 0.360419 0.278425 0.189961
v 0.386258 0.278100 0.191399
v 0.386258 0.278100 0.191399
v 0.386258 0.278100 0.191399
v 0.360419 0.278100 0.191395
v 0.360419 0.278100 0.191395
v 0.360419 0.278100 0.191395
v 0.386257 0.277199 0.195879
v 0.386257 0.277199 0.195879
v 0.386257 0.277199 0.195879
v 0.360418 0.277199 0.195875
v 0.360418 0.277199 0.195875
v 0.360418 0.277199 0.195875
v 0.386257 0.276931 0.197398
v 0.386257 0.276931 0.197398
v 0.386257 0.276931 0.197398
v 0.360418 0.276931 0.197394
v 0.360418 0.276931 0.197394
v 0.360418 0.276931 0.197394
v 0.386256 0.276448 0.200434
v 0.386256 0.276448 0.200434
v 0.386256 0.276448 0.200434
v 0.360418 0.276448 0.200429
v 0.360418 0.276448 0.200429
v 0.360418 0.276448 0.200429
v 0.386256 0.276234 0.201949
v 0.386256 0.276234 0.201949
v 0.386256 0.276234 0.201949
v 0.360417 0.276234 0.201945
v 0.360417 0.276234 0.201945
v 0.360417 0.276234 0.201945
v 0.386256 0.276036 0.203463
v 0.386256 0.276036 0.203463
v 0.386256 0.276036 0.203463
v 0.360417 0.276036 0.203459
v 0.360417 0.276036 0.203459
v 0.360417 0.276036 0.203459
v 0.386255 0.275855 0.204975
v 0.386255 0.275855 0.204975
v 0.386255 0.275855 0.204975
v 0.360417 0.275855 0.204971
v 0.360417 0.275855 0.204971
v 0.360417 0.275855 0.204971
v 0.386255 0.275538 0.208007
v 0.386255 0.275538 0.208007
v 0.386255 0.275538 0.208007
v 0.360416 0.275538 0.208003
v 0.360416 0.275538 0.208003
v 0.360416 0.275538 0.208003
v 0.386255 0.275379 0.209502
v 0.386255 0.275379 0.209502
v 0.386255 0.275379 0.209502
v 0.360416 0.275379 0.209497
v 0.360416 0.275379 0.209497
v 0.360416 0.275379 0.209497
v 0.386254 0.275013 0.212536
v 0.386254 0.275013 0.212536
v 0.386254 0.275013 0.212536
v 0.360416 0.275013 0.212532
v 0.360416 0.275013 0.212532
v 0.360416 0.275013 0.212532
v 0.386254 0.274805 0.214079
v 0.386254 0.274805 0.214079
v 0.386254 0.274805 0.214079
v 0.360415 0.274805 0.214074
v 0.360415 0.274805 0.214074
v 0.360415 0.274805 0.214074
v 0.386253 0.274358 0.217086
v 0.386253 0.274358 0.217086
v 0.386253 0.274358 0.217086
v 0.360415 0.274358 0.217081
v 0.360415 0.274358 0.217081
v 0.360415 0.274358 0.217081
v 0.386253 0.274112 0.218584
v 0.386253 0.274112 0.218584
v 0.386253 0.274112 0.218584
v 0.360414 0.274112 0.218579
v 0.360414 0.274112 0.218579
v 0.360414 0.274112 0.218579
v 0.386253 0.273563 0.221583
v 0.386253 0.273563 0.221583
v 0.386253 0.273563 0.221583
v 0.360414 0.273563 0.221579
v 0.360414 0.273563 0.221579
v 0.360414 0.273563 0.221579
v 0.386252 0.273258 0.223060
v 0.386252 0.273258 0.223060
v 0.386252 0.273258 0.223060
v 0.360414 0.273258 0.223055
v 0.360414 0.273258 0.223055
v 0.360414 0.273258 0.223055
v 0.386252 0.272910 0.224569
v 0.386252 0.272910 0.224569
v 0.386252 0.272910 0.224569
v 0.360413 0.272910 0.224565
v 0.360413 0.272910 0.224565
v 0.360413 0.272910 0.224565
v 0.386252 0.272516 0.226041
v 0.386252 0.272516 0.226041
v 0.386252 0.272516 0.226041
v 0.360413 0.272516 0.226037
v 0.360413 0.272516 0.226037
v 0.360413 0.272516 0.226037
v 0.386252 0.272022 0.227461
v 0.386252 0.272022 0.227461
v 0.386252 0.272022 0.227461
v 0.360413 0.272022 0.227456
v 0.360413 0.272022 0.227456
v 0.360413 0.272022 0.227456
v 0.386251 0.271451 0.228827
v 0.386251 0.271451 0.228827
v 0.386251 0.271451 0.228827
v 0.360413 0.271451 0.228823
v 0.360413 0.271451 0.228823
v 0.360413 0.271451 0.228823
v 0.386251 0.270909 0.230262
v 0.386251 0.270909 0.230262
v 0.386251 0.270909 0.230262
v 0.360412 0.270909 0.230258
v 0.360412 0.270909 0.230258
v 0.360412 0.270909 0.230258
v 0.386250 0.268916 0.235990
v 0.386250 0.268916 0.235990
v 0.386250 0.268916 0.235990
v 0.360412 0.268916 0.235985
v 0.360412 0.268916 0.235985
v 0.360412 0.268916 0.235985
v 0.386250 0.268435 0.237436
v 0.386250 0.268435 0.237436
v 0.386250 0.268435 0.237436
v 0.360411 0.268435 0.237431
v 0.360411 0.268435 0.237431
v 0.360411 0.268435 0.237431
v 0.386249 0.266582 0.243186
v 0.386249 0.266582 0.243186
v 0.386249 0.266582 0.243186
v 0.360410 0.266582 0.243181
v 0.360410 0.266582 0.243181
v 0.360410 0.266582 0.243181
v 0.386249 0.266131 0.244625
v 0.386249 0.266131 0.244625
v 0.386249 0.266131 0.244625
v 0.360410 0.266131 0.244620
v 0.360410 0.266131 0.244620
v 0.360410 0.266131 0.244620
v 0.386248 0.264347 0.250434
v 0.386248 0.264347 0.250434
v 0.386248 0.264347 0.250434
v 0.360409 0.264347 0.250430
v 0.360409 0.264347 0.250430
v 0.360409 0.264347 0.250430
v 0.386247 0.263888 0.251879
v 0.386247 0.263888 0.251879
v 0.386247 0.263888 0.251879
v 0.360409 0.263888 0.251875
v 0.360409 0.263888 0.251875
v 0.360409 0.263888 0.251875
v 0.386247 0.263417 0.253327
v 0.386247 0.263417 0.253327
v 0.386247 0.263417 0.253327
v 0.360409 0.263417 0.253323
v 0.360409 0.263417 0.253323
v 0.360409 0.263417 0.253323
v 0.386247 0.262942 0.254757
v 0.386247 0.262942 0.254757
v 0.386247 0.262942 0.254757
v 0.360408 0.262942 0.254752
v 0.360408 0.262942 0.254752
v 0.360408 0.262942 0.254752
v 0.386246 0.261451 0.259055
v 0.386246 0.261451 0.259055
v 0.386246 0.261451 0.259055
v 0.360408 0.261451 0.259051
v 0.360408 0.261451 0.259051
v 0.360408 0.261451 0.259051
v 0.386246 0.260943 0.260457
v 0.386246 0.260943 0.260457
v 0.386246 0.260943 0.260457
v 0.360407 0.260943 0.260453
v 0.360407 0.260943 0.260453
v 0.360407 0.260943 0.260453
v 0.386245 0.259869 0.263306
v 0.386245 0.259869 0.263306
v 0.386245 0.259869 0.263306
v 0.360407 0.259869 0.263301
v 0.360407 0.259869 0.263301
v 0.360407 0.259869 0.263301
v 0.386245 0.259316 0.264706
v 0.386245 0.259316 0.264706
v 0.386245 0.259316 0.264706
v 0.360407 0.259316 0.264701
v 0.360407 0.259316 0.264701
v 0.360407 0.259316 0.264701
v 0.386245 0.258141 0.267484
v 0.386245 0.258141 0.267484
v 0.386245 0.258141 0.267484
v 0.360406 0.258141 0.267479
v 0.360406 0.258141 0.267479
v 0.360406 0.258141 0.267479
v 0.386244 0.257489 0.268859
v 0.386244 0.257489 0.268859
v 0.386244 0.257489 0.268859
v 0.360406 0.257489 0.268855
v 0.360406 0.257489 0.268855
v 0.360406 0.257489 0.268855
v 0.360406 0.257489 0.268855
v 0.386244 0.256770 0.270149
v 0.386244 0.256770 0.270149
v 0.386244 0.256770 0.270149
v 0.386244 0.256770 0.270149
v 0.360406 0.256770 0.270145
v 0.360406 0.256770 0.270145
v 0.360406 0.256770 0.270145
v 0.360406 0.256770 0.270145
v 0.386244 0.255259 0.272728
v 0.386244 0.255259 0.272728
v 0.386244 0.255259 0.272728
v 0.360405 0.255259 0.272724
v 0.360405 0.255259 0.272724
v 0.360405 0.255259 0.272724
v 0.386244 0.254503 0.274017
v 0.386244 0.254503 0.274017
v 0.386244 0.254503 0.274017
v 0.386244 0.254503 0.274017
v 0.360405 0.254503 0.274013
v 0.360405 0.254503 0.274013
v 0.360405 0.254503 0.274013
v 0.386243 0.253954 0.274466
v 0.386243 0.253954 0.274466
v 0.386243 0.253954 0.274466
v 0.360405 0.253954 0.274462
v 0.360405 0.253954 0.274462
v 0.360405 0.253954 0.274462
v 0.386247 0.253123 0.254615
v 0.386247 0.253123 0.254615
v 0.386247 0.253123 0.254615
v 0.360408 0.253123 0.254611
v 0.360408 0.253123 0.254611
v 0.360408 0.253123 0.254611
v 0.386247 0.253057 0.253037
v 0.386247 0.253057 0.253037
v 0.386247 0.253057 0.253037
v 0.360409 0.253057 0.253033
v 0.360409 0.253057 0.253033
v 0.360409 0.253057 0.253033
v 0.386247 0.252990 0.251592
v 0.386247 0.252990 0.251592
v 0.386247 0.252990 0.251592
v 0.360409 0.252990 0.251588
v 0.360409 0.252990 0.251588
v 0.360409 0.252990 0.251588
v 0.386248 0.252727 0.246989
v 0.386248 0.252727 0.246989
v 0.386248 0.252727 0.246989
v 0.360410 0.252727 0.246984
v 0.360410 0.252727 0.246984
v 0.360410 0.252727 0.246984
v 0.360410 0.252727 0.246984
v 0.386248 0.252619 0.245428
v 0.386248 0.252619 0.245428
v 0.386248 0.252619 0.245428
v 0.386248 0.252619 0.245428
v 0.360410 0.252619 0.245424
v 0.360410 0.252619 0.245424
v 0.360410 0.252619 0.245424
v 0.386249 0.252101 0.239349
v 0.386249 0.252101 0.239349
v 0.386249 0.252101 0.239349
v 0.360411 0.252101 0.239345
v 0.360411 0.252101 0.239345
v 0.360411 0.252101 0.239345
v 0.386250 0.251948 0.237853
v 0.386250 0.251948 0.237853
v 0.386250 0.251948 0.237853
v 0.360411 0.251948 0.237849
v 0.360411 0.251948 0.237849
v 0.360411 0.251948 0.237849
v 0.386251 0.251409 0.233262
v 0.386251 0.251409 0.233262
v 0.386251 0.251409 0.233262
v 0.360412 0.251409 0.233258
v 0.360412 0.251409 0.233258
v 0.360412 0.251409 0.233258
v 0.386251 0.251208 0.231764
v 0.386251 0.251208 0.231764
v 0.386251 0.251208 0.231764
v 0.360412 0.251208 0.231759
v 0.360412 0.251208 0.231759
v 0.360412 0.251208 0.231759
v 0.386251 0.250995 0.230264
v 0.386251 0.250995 0.230264
v 0.386251 0.250995 0.230264
v 0.360412 0.250995 0.230259
v 0.360412 0.250995 0.230259
v 0.360412 0.250995 0.230259
v 0.386251 0.250768 0.228763
v 0.386251 0.250768 0.228763
v 0.386251 0.250768 0.228763
v 0.360413 0.250768 0.228758
v 0.360413 0.250768 0.228758
v 0.360413 0.250768 0.228758
v 0.386252 0.250526 0.227260
v 0.386252 0.250526 0.227260
v 0.386252 0.250526 0.227260
v 0.360413 0.250526 0.227256
v 0.360413 0.250526 0.227256
v 0.360413 0.250526 0.227256
v 0.386252 0.249706 0.222743
v 0.386252 0.249706 0.222743
v 0.386252 0.249706 0.222743
v 0.360414 0.249706 0.222739
v 0.360414 0.249706 0.222739
v 0.360414 0.249706 0.222739
v 0.386253 0.249398 0.221236
v 0.386253 0.249398 0.221236
v 0.386253 0.249398 0.221236
v 0.360414 0.249398 0.221231
v 0.360414 0.249398 0.221231
v 0.360414 0.249398 0.221231
v 0.386253 0.248748 0.218320
v 0.386253 0.248748 0.218320
v 0.386253 0.248748 0.218320
v 0.360415 0.248748 0.218315
v 0.360415 0.248748 0.218315
v 0.360415 0.248748 0.218315
v 0.386253 0.248382 0.216812
v 0.386253 0.248382 0.216812
v 0.386253 0.248382 0.216812
v 0.360415 0.248382 0.216807
v 0.360415 0.248382 0.216807
v 0.360415 0.248382 0.216807
v 0.386254 0.248017 0.215397
v 0.386254 0.248017 0.215397
v 0.386254 0.248017 0.215397
v 0.360415 0.248017 0.215392
v 0.360415 0.248017 0.215392
v 0.360415 0.248017 0.215392
v 0.386254 0.247605 0.213891
v 0.386254 0.247605 0.213891
v 0.386254 0.247605 0.213891
v 0.360415 0.247605 0.213887
v 0.360415 0.247605 0.213887
v 0.360415 0.247605 0.213887
v 0.386254 0.246729 0.210977
v 0.386254 0.246729 0.210977
v 0.386254 0.246729 0.210977
v 0.360416 0.246729 0.210973
v 0.360416 0.246729 0.210973
v 0.360416 0.246729 0.210973
v 0.386255 0.246263 0.209562
v 0.386255 0.246263 0.209562
v 0.386255 0.246263 0.209562
v 0.360416 0.246263 0.209558
v 0.360416 0.246263 0.209558
v 0.360416 0.246263 0.209558
v 0.386255 0.245239 0.206740
v 0.386255 0.245239 0.206740
v 0.386255 0.245239 0.206740
v 0.360417 0.245239 0.206735
v 0.360417 0.245239 0.206735
v 0.360417 0.245239 0.206735
v 0.386255 0.244678 0.205338
v 0.386255 0.244678 0.205338
v 0.386255 0.244678 0.205338
v 0.360417 0.244678 0.205334
v 0.360417 0.244678 0.205334
v 0.360417 0.244678 0.205334
v 0.386256 0.244081 0.203948
v 0.386256 0.244081 0.203948
v 0.386256 0.244081 0.203948
v 0.360417 0.244081 0.203944
v 0.360417 0.244081 0.203944
v 0.360417 0.244081 0.203944
v 0.386256 0.243446 0.202573
v 0.386256 0.243446 0.202573
v 0.386256 0.243446 0.202573
v 0.360417 0.243446 0.202569
v 0.360417 0.243446 0.202569
v 0.360417 0.243446 0.202569
v 0.386256 0.242735 0.201151
v 0.386256 0.242735 0.201151
v 0.386256 0.242735 0.201151
v 0.360417 0.242735 0.201147
v 0.360417 0.242735 0.201147
v 0.360417 0.242735 0.201147
v 0.386256 0.242053 0.199890
v 0.386256 0.242053 0.199890
v 0.386256 0.242053 0.199890
v 0.360418 0.242053 0.199885
v 0.360418 0.242053 0.199885
v 0.360418 0.242053 0.199885
v 0.386256 0.241263 0.198548
v 0.386256 0.241263 0.198548
v 0.386256 0.241263 0.198548
v 0.360418 0.241263 0.198543
v 0.360418 0.241263 0.198543
v 0.360418 0.241263 0.198543
v 0.386257 0.240481 0.197332
v 0.386257 0.240481 0.197332
v 0.386257 0.240481 0.197332
v 0.360418 0.240481 0.197328
v 0.360418 0.240481 0.197328
v 0.360418 0.240481 0.197328
v 0.386257 0.239639 0.196140
v 0.386257 0.239639 0.196140
v 0.386257 0.239639 0.196140
v 0.360418 0.239639 0.196135
v 0.360418 0.239639 0.196135
v 0.360418 0.239639 0.196135
v 0.386257 0.238712 0.194956
v 0.386257 0.238712 0.194956
v 0.386257 0.238712 0.194956
v 0.360419 0.238712 0.194951
v 0.360419 0.238712 0.194951
v 0.360419 0.238712 0.194951
v 0.360419 0.238712 0.194951
v 0.386257 0.237745 0.193851
v 0.386257 0.237745 0.193851
v 0.386257 0.237745 0.193851
v 0.386257 0.237745 0.193851
v 0.360419 0.237745 0.193847
v 0.360419 0.237745 0.193847
v 0.360419 0.237745 0.193847
v 0.386257 0.236726 0.192814
v 0.386257 0.236726 0.192814
v 0.386257 0.236726 0.192814
v 0.360419 0.236726 0.192810
v 0.360419 0.236726 0.192810
v 0.360419 0.236726 0.192810
v 0.386258 0.235638 0.191837
v 0.386258 0.235638 0.191837
v 0.386258 0.235638 0.191837
v 0.360419 0.235638 0.191833
v 0.360419 0.235638 0.191833
v 0.360419 0.235638 0.191833
v 0.386258 0.234452 0.191035
v 0.386258 0.234452 0.191035
v 0.386258 0.234452 0.191035
v 0.360419 0.234452 0.191030
v 0.360419 0.234452 0.191030
v 0.360419 0.234452 0.191030
v 0.386258 0.233128 0.190524
v 0.386258 0.233128 0.190524
v 0.386258 0.233128 0.190524
v 0.360419 0.233128 0.190519
v 0.360419 0.233128 0.190519
v 0.360419 0.233128 0.190519
v 0.386258 0.231743 0.190323
v 0.386258 0.231743 0.190323
v 0.386258 0.231743 0.190323
v 0.360419 0.231743 0.190318
v 0.360419 0.231743 0.190318
v 0.360419 0.231743 0.190318
v 0.386258 0.230326 0.190319
v 0.386258 0.230326 0.190319
v 0.386258 0.230326 0.190319
v 0.360419 0.230326 0.190315
v 0.360419 0.230326 0.190315
v 0.360419 0.230326 0.190315
v 0.360419 0.230326 0.190315
v 0.386258 0.227531 0.190572
v 0.386258 0.227531 0.190572
v 0.386258 0.227531 0.190572
v 0.386258 0.227531 0.190572
v 0.360419 0.227531 0.190568
v 0.360419 0.227531 0.190568
v 0.360419 0.227531 0.190568
v 0.386258 0.226120 0.190754
v 0.386258 0.226120 0.190754
v 0.386258 0.226120 0.190754
v 0.360419 0.226120 0.190750
v 0.360419 0.226120 0.190750
v 0.360419 0.226120 0.190750
v 0.386258 0.223322 0.191113
v 0.386258 0.223322 0.191113
v 0.386258 0.223322 0.191113
v 0.360419 0.223322 0.191109
v 0.360419 0.223322 0.191109
v 0.360419 0.223322 0.191109
v 0.386258 0.221936 0.191242
v 0.386258 0.221936 0.191242
v 0.386258 0.221936 0.191242
v 0.360419 0.221936 0.191238
v 0.360419 0.221936 0.191238
v 0.360419 0.221936 0.191238
v 0.386258 0.220536 0.191273
v 0.386258 0.220536 0.191273
v 0.386258 0.220536 0.191273
v 0.360419 0.220536 0.191268
v 0.360419 0.220536 0.191268
v 0.360419 0.220536 0.191268
v 0.386258 0.219125 0.191079
v 0.386258 0.219125 0.191079
v 0.386258 0.219125 0.191079
v 0.360419 0.219125 0.191074
v 0.360419 0.219125 0.191074
v 0.360419 0.219125 0.191074
v 0.386258 0.217820 0.190521
v 0.386258 0.217820 0.190521
v 0.386258 0.217820 0.190521
v 0.360419 0.217820 0.190516
v 0.360419 0.217820 0.190516
v 0.360419 0.217820 0.190516
v 0.386258 0.216681 0.189645
v 0.386258 0.216681 0.189645
v 0.386258 0.216681 0.189645
v 0.360419 0.216681 0.189641
v 0.360419 0.216681 0.189641
v 0.360419 0.216681 0.189641
v 0.386258 0.215650 0.188600
v 0.386258 0.215650 0.188600
v 0.386258 0.215650 0.188600
v 0.360420 0.215650 0.188595
v 0.360420 0.215650 0.188595
v 0.360420 0.215650 0.188595
v 0.386258 0.214686 0.187504
v 0.386258 0.214686 0.187504
v 0.386258 0.214686 0.187504
v 0.360420 0.214686 0.187500
v 0.360420 0.214686 0.187500
v 0.360420 0.214686 0.187500
v 0.386259 0.212775 0.185241
v 0.386259 0.212775 0.185241
v 0.386259 0.212775 0.185241
v 0.360420 0.212775 0.185237
v 0.360420 0.212775 0.185237
v 0.360420 0.212775 0.185237
v 0.386259 0.211815 0.184138
v 0.386259 0.211815 0.184138
v 0.386259 0.211815 0.184138
v 0.360420 0.211815 0.184134
v 0.360420 0.211815 0.184134
v 0.360420 0.211815 0.184134
v 0.386259 0.210804 0.183032
v 0.386259 0.210804 0.183032
v 0.386259 0.210804 0.183032
v 0.360421 0.210804 0.183027
v 0.360421 0.210804 0.183027
v 0.360421 0.210804 0.183027
v 0.386259 0.209790 0.181994
v 0.386259 0.209790 0.181994
v 0.386259 0.209790 0.181994
v 0.360421 0.209790 0.181990
v 0.360421 0.209790 0.181990
v 0.360421 0.209790 0.181990
v 0.360421 0.209790 0.181990
v 0.386259 0.208750 0.181023
v 0.386259 0.208750 0.181023
v 0.386259 0.208750 0.181023
v 0.386259 0.208750 0.181023
v 0.360421 0.208750 0.181018
v 0.360421 0.208750 0.181018
v 0.360421 0.208750 0.181018
v 0.386260 0.207591 0.180065
v 0.386260 0.207591 0.180065
v 0.386260 0.207591 0.180065
v 0.360421 0.207591 0.180061
v 0.360421 0.207591 0.180061
v 0.360421 0.207591 0.180061
v 0.386260 0.206437 0.179250
v 0.386260 0.206437 0.179250
v 0.386260 0.206437 0.179250
v 0.360421 0.206437 0.179246
v 0.360421 0.206437 0.179246
v 0.360421 0.206437 0.179246
v 0.386260 0.205214 0.178532
v 0.386260 0.205214 0.178532
v 0.386260 0.205214 0.178532
v 0.360421 0.205214 0.178527
v 0.360421 0.205214 0.178527
v 0.360421 0.205214 0.178527
v 0.386260 0.203907 0.177912
v 0.386260 0.203907 0.177912
v 0.386260 0.203907 0.177912
v 0.360421 0.203907 0.177908
v 0.360421 0.203907 0.177908
v 0.360421 0.203907 0.177908
v 0.386260 0.202564 0.177411
v 0.386260 0.202564 0.177411
v 0.386260 0.202564 0.177411
v 0.360422 0.202564 0.177407
v 0.360422 0.202564 0.177407
v 0.360422 0.202564 0.177407
v 0.386260 0.201223 0.177020
v 0.386260 0.201223 0.177020
v 0.386260 0.201223 0.177020
v 0.360422 0.201223 0.177016
v 0.360422 0.201223 0.177016
v 0.360422 0.201223 0.177016
v 0.386260 0.199841 0.176708
v 0.386260 0.199841 0.176708
v 0.386260 0.199841 0.176708
v 0.386260 0.199841 0.176708
v 0.360422 0.199841 0.176703
v 0.360422 0.199841 0.176703
v 0.360422 0.199841 0.176703
v 0.360422 0.199841 0.176703
v 0.386260 0.198430 0.176462
v 0.386260 0.198430 0.176462
v 0.386260 0.198430 0.176462
v 0.386260 0.198430 0.176462
v 0.360422 0.198430 0.176458
v 0.360422 0.198430 0.176458
v 0.360422 0.198430 0.176458
v 0.360422 0.198430 0.176458
v 0.360422 0.198430 0.176458
v 0.386260 0.197064 0.176279
v 0.386260 0.197064 0.176279
v 0.386260 0.197064 0.176279
v 0.360422 0.197064 0.176274
v 0.360422 0.197064 0.176274
v 0.360422 0.197064 0.176274
v 0.360422 0.197064 0.176274
v 0.386260 0.195642 0.176132
v 0.386260 0.195642 0.176132
v 0.386260 0.195642 0.176132
v 0.360422 0.195642 0.176127
v 0.360422 0.195642 0.176127
v 0.360422 0.195642 0.176127
v 0.360422 0.195642 0.176127
v 0.386260 0.192837 0.175936
v 0.386260 0.192837 0.175936
v 0.386260 0.192837 0.175936
v 0.386260 0.192837 0.175936
v 0.360422 0.192837 0.175932
v 0.360422 0.192837 0.175932
v 0.360422 0.192837 0.175932
v 0.360422 0.192837 0.175932
v 0.360422 0.192837 0.175932
v 0.386260 0.191425 0.175872
v 0.386260 0.191425 0.175872
v 0.386260 0.191425 0.175872
v 0.386260 0.191425 0.175872
v 0.360422 0.191425 0.175868
v 0.360422 0.191425 0.175868
v 0.360422 0.191425 0.175868
v 0.360422 0.191425 0.175868
v 0.386260 0.190038 0.175825
v 0.386260 0.190038 0.175825
v 0.386260 0.190038 0.175825
v 0.360422 0.190038 0.175821
v 0.360422 0.190038 0.175821
v 0.360422 0.190038 0.175821
v 0.360422 0.190038 0.175821
v 0.386260 0.188629 0.175790
v 0.386260 0.188629 0.175790
v 0.386260 0.188629 0.175790
v 0.360422 0.188629 0.175785
v 0.360422 0.188629 0.175785
v 0.360422 0.188629 0.175785
v 0.360422 0.188629 0.175785
v 0.386260 0.178781 0.175734
v 0.386260 0.178781 0.175734
v 0.386260 0.178781 0.175734
v 0.360422 0.178781 0.175730
v 0.360422 0.178781 0.175730
v 0.360422 0.178781 0.175730
v 0.360422 0.178781 0.175730
v 0.386260 0.177354 0.175744
v 0.386260 0.177354 0.175744
v 0.386260 0.177354 0.175744
v 0.360422 0.177354 0.175739
v 0.360422 0.177354 0.175739
v 0.360422 0.177354 0.175739
v 0.360422 0.177354 0.175739
v 0.386260 0.174562 0.175780
v 0.386260 0.174562 0.175780
v 0.386260 0.174562 0.175780
v 0.360422 0.174562 0.175776
v 0.360422 0.174562 0.175776
v 0.360422 0.174562 0.175776
v 0.360422 0.174562 0.175776
v 0.360422 0.174562 0.175776
v 0.386260 0.173152 0.175811
v 0.386260 0.173152 0.175811
v 0.386260 0.173152 0.175811
v 0.386260 0.173152 0.175811
v 0.386260 0.173152 0.175811
v 0.360422 0.173152 0.175806
v 0.360422 0.173152 0.175806
v 0.360422 0.173152 0.175806
v 0.360422 0.173152 0.175806
v 0.360422 0.173152 0.175806
v 0.386260 0.170307 0.175906
v 0.386260 0.170307 0.175906
v 0.386260 0.170307 0.175906
v 0.386260 0.170307 0.175906
v 0.360422 0.170307 0.175901
v 0.360422 0.170307 0.175901
v 0.360422 0.170307 0.175901
v 0.360422 0.170307 0.175901
v 0.386260 0.168928 0.175973
v 0.386260 0.168928 0.175973
v 0.386260 0.168928 0.175973
v 0.360422 0.168928 0.175969
v 0.360422 0.168928 0.175969
v 0.360422 0.168928 0.175969
v 0.386260 0.167501 0.176063
v 0.386260 0.167501 0.176063
v 0.386260 0.167501 0.176063
v 0.360422 0.167501 0.176058
v 0.360422 0.167501 0.176058
v 0.360422 0.167501 0.176058
v 0.386260 0.166121 0.176171
v 0.386260 0.166121 0.176171
v 0.386260 0.166121 0.176171
v 0.360422 0.166121 0.176167
v 0.360422 0.166121 0.176167
v 0.360422 0.166121 0.176167
v 0.386260 0.164712 0.176311
v 0.386260 0.164712 0.176311
v 0.386260 0.164712 0.176311
v 0.360422 0.164712 0.176306
v 0.360422 0.164712 0.176306
v 0.360422 0.164712 0.176306
v 0.360422 0.164712 0.176306
v 0.386260 0.163318 0.176481
v 0.386260 0.163318 0.176481
v 0.386260 0.163318 0.176481
v 0.386260 0.163318 0.176481
v 0.360422 0.163318 0.176476
v 0.360422 0.163318 0.176476
v 0.360422 0.163318 0.176476
v 0.360422 0.163318 0.176476
v 0.386260 0.161918 0.176689
v 0.386260 0.161918 0.176689
v 0.386260 0.161918 0.176689
v 0.386260 0.161918 0.176689
v 0.360422 0.161918 0.176685
v 0.360422 0.161918 0.176685
v 0.360422 0.161918 0.176685
v 0.386260 0.159178 0.177224
v 0.386260 0.159178 0.177224
v 0.386260 0.159178 0.177224
v 0.360422 0.159178 0.177219
v 0.360422 0.159178 0.177219
v 0.360422 0.159178 0.177219
v 0.386260 0.157760 0.177570
v 0.386260 0.157760 0.177570
v 0.386260 0.157760 0.177570
v 0.360422 0.157760 0.177566
v 0.360422 0.157760 0.177566
v 0.360422 0.157760 0.177566
v 0.386260 0.156412 0.177941
v 0.386260 0.156412 0.177941
v 0.386260 0.156412 0.177941
v 0.360421 0.156412 0.177937
v 0.360421 0.156412 0.177937
v 0.360421 0.156412 0.177937
v 0.386260 0.155068 0.178349
v 0.386260 0.155068 0.178349
v 0.386260 0.155068 0.178349
v 0.360421 0.155068 0.178345
v 0.360421 0.155068 0.178345
v 0.360421 0.155068 0.178345
v 0.386260 0.153693 0.178799
v 0.386260 0.153693 0.178799
v 0.386260 0.153693 0.178799
v 0.360421 0.153693 0.178794
v 0.360421 0.153693 0.178794
v 0.360421 0.153693 0.178794
v 0.360421 0.153693 0.178794
v 0.386259 0.148328 0.180632
v 0.386259 0.148328 0.180632
v 0.386259 0.148328 0.180632
v 0.386259 0.148328 0.180632
v 0.360421 0.148328 0.180627
v 0.360421 0.148328 0.180627
v 0.360421 0.148328 0.180627
v 0.386259 0.147045 0.181055
v 0.386259 0.147045 0.181055
v 0.386259 0.147045 0.181055
v 0.360421 0.147045 0.181051
v 0.360421 0.147045 0.181051
v 0.360421 0.147045 0.181051
v 0.386259 0.145606 0.181522
v 0.386259 0.145606 0.181522
v 0.386259 0.145606 0.181522
v 0.360421 0.145606 0.181517
v 0.360421 0.145606 0.181517
v 0.360421 0.145606 0.181517
v 0.360421 0.145606 0.181517
v 0.386259 0.144328 0.181928
v 0.386259 0.144328 0.181928
v 0.386259 0.144328 0.181928
v 0.386259 0.144328 0.181928
v 0.360421 0.144328 0.181924
v 0.360421 0.144328 0.181924
v 0.360421 0.144328 0.181924
v 0.386259 0.138872 0.183564
v 0.386259 0.138872 0.183564
v 0.386259 0.138872 0.183564
v 0.360420 0.138872 0.183559
v 0.360420 0.138872 0.183559
v 0.360420 0.138872 0.183559
v 0.360420 0.138872 0.183559
v 0.386259 0.137512 0.183943
v 0.386259 0.137512 0.183943
v 0.386259 0.137512 0.183943
v 0.386259 0.137512 0.183943
v 0.360420 0.137512 0.183938
v 0.360420 0.137512 0.183938
v 0.360420 0.137512 0.183938
v 0.360420 0.137512 0.183938
v 0.386259 0.136141 0.184311
v 0.386259 0.136141 0.184311
v 0.386259 0.136141 0.184311
v 0.386259 0.136141 0.184311
v 0.360420 0.136141 0.184307
v 0.360420 0.136141 0.184307
v 0.360420 0.136141 0.184307
v 0.386259 0.134819 0.184653
v 0.386259 0.134819 0.184653
v 0.386259 0.134819 0.184653
v 0.360420 0.134819 0.184648
v 0.360420 0.134819 0.184648
v 0.360420 0.134819 0.184648
v 0.386259 0.132019 0.185326
v 0.386259 0.132019 0.185326
v 0.386259 0.132019 0.185326
v 0.360420 0.132019 0.185321
v 0.360420 0.132019 0.185321
v 0.360420 0.132019 0.185321
v 0.360420 0.132019 0.185321
v 0.386259 0.130659 0.185625
v 0.386259 0.130659 0.185625
v 0.386259 0.130659 0.185625
v 0.386259 0.130659 0.185625
v 0.360420 0.130659 0.185621
v 0.360420 0.130659 0.185621
v 0.360420 0.130659 0.185621
v 0.386259 0.129286 0.185908
v 0.386259 0.129286 0.185908
v 0.386259 0.129286 0.185908
v 0.360420 0.129286 0.185903
v 0.360420 0.129286 0.185903
v 0.360420 0.129286 0.185903
v 0.386259 0.127901 0.186170
v 0.386259 0.127901 0.186170
v 0.386259 0.127901 0.186170
v 0.360420 0.127901 0.186165
v 0.360420 0.127901 0.186165
v 0.360420 0.127901 0.186165
v 0.386259 0.126504 0.186409
v 0.386259 0.126504 0.186409
v 0.386259 0.126504 0.186409
v 0.360420 0.126504 0.186405
v 0.360420 0.126504 0.186405
v 0.360420 0.126504 0.186405
v 0.386258 0.123682 0.186807
v 0.386258 0.123682 0.186807
v 0.386258 0.123682 0.186807
v 0.360420 0.123682 0.186803
v 0.360420 0.123682 0.186803
v 0.360420 0.123682 0.186803
v 0.360420 0.123682 0.186803
v 0.386258 0.122344 0.186950
v 0.386258 0.122344 0.186950
v 0.386258 0.122344 0.186950
v 0.386258 0.122344 0.186950
v 0.360420 0.122344 0.186946
v 0.360420 0.122344 0.186946
v 0.360420 0.122344 0.186946
v 0.386258 0.120914 0.187066
v 0.386258 0.120914 0.187066
v 0.386258 0.120914 0.187066
v 0.360420 0.120914 0.187062
v 0.360420 0.120914 0.187062
v 0.360420 0.120914 0.187062
v 0.386258 0.119483 0.187140
v 0.386258 0.119483 0.187140
v 0.386258 0.119483 0.187140
v 0.360420 0.119483 0.187136
v 0.360420 0.119483 0.187136
v 0.360420 0.119483 0.187136
v 0.386258 0.118055 0.187168
v 0.386258 0.118055 0.187168
v 0.386258 0.118055 0.187168
v 0.360420 0.118055 0.187164
v 0.360420 0.118055 0.187164
v 0.360420 0.118055 0.187164
v 0.386258 0.116632 0.187145
v 0.386258 0.116632 0.187145
v 0.386258 0.116632 0.187145
v 0.360420 0.116632 0.187141
v 0.360420 0.116632 0.187141
v 0.360420 0.116632 0.187141
v 0.386258 0.115316 0.187074
v 0.386258 0.115316 0.187074
v 0.386258 0.115316 0.187074
v 0.360420 0.115316 0.187070
v 0.360420 0.115316 0.187070
v 0.360420 0.115316 0.187070
v 0.386258 0.113901 0.186939
v 0.386258 0.113901 0.186939
v 0.386258 0.113901 0.186939
v 0.360420 0.113901 0.186935
v 0.360420 0.113901 0.186935
v 0.360420 0.113901 0.186935
v 0.386258 0.112427 0.186727
v 0.386258 0.112427 0.186727
v 0.386258 0.112427 0.186727
v 0.360420 0.112427 0.186723
v 0.360420 0.112427 0.186723
v 0.360420 0.112427 0.186723
v 0.386259 0.111115 0.186470
v 0.386259 0.111115 0.186470
v 0.386259 0.111115 0.186470
v 0.360420 0.111115 0.186465
v 0.360420 0.111115 0.186465
v 0.360420 0.111115 0.186465
v 0.386259 0.109701 0.186113
v 0.386259 0.109701 0.186113
v 0.386259 0.109701 0.186113
v 0.360420 0.109701 0.186109
v 0.360420 0.109701 0.186109
v 0.360420 0.109701 0.186109
v 0.386259 0.108404 0.185707
v 0.386259 0.108404 0.185707
v 0.386259 0.108404 0.185707
v 0.360420 0.108404 0.185703
v 0.360420 0.108404 0.185703
v 0.360420 0.108404 0.185703
v 0.386259 0.107053 0.185196
v 0.386259 0.107053 0.185196
v 0.386259 0.107053 0.185196
v 0.360420 0.107053 0.185191
v 0.360420 0.107053 0.185191
v 0.360420 0.107053 0.185191
v 0.386259 0.105744 0.184607
v 0.386259 0.105744 0.184607
v 0.386259 0.105744 0.184607
v 0.360420 0.105744 0.184603
v 0.360420 0.105744 0.184603
v 0.360420 0.105744 0.184603
v 0.386259 0.104474 0.183942
v 0.386259 0.104474 0.183942
v 0.386259 0.104474 0.183942
v 0.360420 0.104474 0.183937
v 0.360420 0.104474 0.183937
v 0.360420 0.104474 0.183937
v 0.360420 0.104474 0.183937
v 0.386259 0.103245 0.183203
v 0.386259 0.103245 0.183203
v 0.386259 0.103245 0.183203
v 0.386259 0.103245 0.183203
v 0.360421 0.103245 0.183199
v 0.360421 0.103245 0.183199
v 0.360421 0.103245 0.183199
v 0.386259 0.100768 0.181692
v 0.386259 0.100768 0.181692
v 0.386259 0.100768 0.181692
v 0.360421 0.100768 0.181687
v 0.360421 0.100768 0.181687
v 0.360421 0.100768 0.181687
v 0.360421 0.100768 0.181687
v 0.386259 0.099571 0.181001
v 0.386259 0.099571 0.181001
v 0.386259 0.099571 0.181001
v 0.386259 0.099571 0.181001
v 0.360421 0.099571 0.180997
v 0.360421 0.099571 0.180997
v 0.360421 0.099571 0.180997
v 0.386260 0.097025 0.179600
v 0.386260 0.097025 0.179600
v 0.386260 0.097025 0.179600
v 0.360421 0.097025 0.179596
v 0.360421 0.097025 0.179596
v 0.360421 0.097025 0.179596
v 0.386260 0.095733 0.178921
v 0.386260 0.095733 0.178921
v 0.386260 0.095733 0.178921
v 0.360421 0.095733 0.178917
v 0.360421 0.095733 0.178917
v 0.360421 0.095733 0.178917
v 0.386260 0.094506 0.178294
v 0.386260 0.094506 0.178294
v 0.386260 0.094506 0.178294
v 0.386260 0.094506 0.178294
v 0.360421 0.094506 0.178289
v 0.360421 0.094506 0.178289
v 0.360421 0.094506 0.178289
v 0.360421 0.094506 0.178289
v 0.386260 0.093204 0.177645
v 0.386260 0.093204 0.177645
v 0.386260 0.093204 0.177645
v 0.360421 0.093204 0.177641
v 0.360421 0.093204 0.177641
v 0.360421 0.093204 0.177641
v 0.386260 0.089359 0.175821
v 0.386260 0.089359 0.175821
v 0.386260 0.089359 0.175821
v 0.360422 0.089359 0.175817
v 0.360422 0.089359 0.175817
v 0.360422 0.089359 0.175817
v 0.360422 0.089359 0.175817
v 0.360422 0.089359 0.175817
v 0.386260 0.088041 0.175225
v 0.386260 0.088041 0.175225
v 0.386260 0.088041 0.175225
v 0.360422 0.088041 0.175221
v 0.360422 0.088041 0.175221
v 0.360422 0.088041 0.175221
v 0.386261 0.084121 0.173529
v 0.386261 0.084121 0.173529
v 0.386261 0.084121 0.173529
v 0.360422 0.084121 0.173525
v 0.360422 0.084121 0.173525
v 0.360422 0.084121 0.173525
v 0.386261 0.082841 0.172999
v 0.386261 0.082841 0.172999
v 0.386261 0.082841 0.172999
v 0.360422 0.082841 0.172995
v 0.360422 0.082841 0.172995
v 0.360422 0.082841 0.172995
v 0.360422 0.082841 0.172995
v 0.386261 0.081512 0.172460
v 0.386261 0.081512 0.172460
v 0.386261 0.081512 0.172460
v 0.360422 0.081512 0.172456
v 0.360422 0.081512 0.172456
v 0.360422 0.081512 0.172456
v 0.386261 0.080181 0.171932
v 0.386261 0.080181 0.171932
v 0.386261 0.080181 0.171932
v 0.360422 0.080181 0.171928
v 0.360422 0.080181 0.171928
v 0.360422 0.080181 0.171928
v 0.360422 0.080181 0.171928
v 0.386261 0.074843 0.169926
v 0.386261 0.074843 0.169926
v 0.386261 0.074843 0.169926
v 0.386261 0.074843 0.169926
v 0.386261 0.074843 0.169926
v 0.360423 0.074843 0.169921
v 0.360423 0.074843 0.169921
v 0.360423 0.074843 0.169921
v 0.360423 0.074843 0.169921
v 0.386261 0.073505 0.169450
v 0.386261 0.073505 0.169450
v 0.386261 0.073505 0.169450
v 0.360423 0.073505 0.169446
v 0.360423 0.073505 0.169446
v 0.360423 0.073505 0.169446
v 0.386262 0.070866 0.168543
v 0.386262 0.070866 0.168543
v 0.386262 0.070866 0.168543
v 0.360423 0.070866 0.168539
v 0.360423 0.070866 0.168539
v 0.360423 0.070866 0.168539
v 0.386262 0.069514 0.168095
v 0.386262 0.069514 0.168095
v 0.386262 0.069514 0.168095
v 0.360423 0.069514 0.168091
v 0.360423 0.069514 0.168091
v 0.360423 0.069514 0.168091
v 0.386262 0.065421 0.166805
v 0.386262 0.065421 0.166805
v 0.386262 0.065421 0.166805
v 0.360423 0.065421 0.166800
v 0.360423 0.065421 0.166800
v 0.360423 0.065421 0.166800
v 0.360423 0.065421 0.166800
v 0.386262 0.064074 0.166402
v 0.386262 0.064074 0.166402
v 0.386262 0.064074 0.166402
v 0.360423 0.064074 0.166398
v 0.360423 0.064074 0.166398
v 0.360423 0.064074 0.166398
v 0.386262 0.059972 0.165250
v 0.386262 0.059972 0.165250
v 0.386262 0.059972 0.165250
v 0.360424 0.059972 0.165246
v 0.360424 0.059972 0.165246
v 0.360424 0.059972 0.165246
v 0.386262 0.058608 0.164898
v 0.386262 0.058608 0.164898
v 0.386262 0.058608 0.164898
v 0.360424 0.058608 0.164894
v 0.360424 0.058608 0.164894
v 0.360424 0.058608 0.164894
v 0.386262 0.055879 0.164255
v 0.386262 0.055879 0.164255
v 0.386262 0.055879 0.164255
v 0.360424 0.055879 0.164251
v 0.360424 0.055879 0.164251
v 0.360424 0.055879 0.164251
v 0.386262 0.054505 0.163966
v 0.386262 0.054505 0.163966
v 0.386262 0.054505 0.163966
v 0.360424 0.054505 0.163961
v 0.360424 0.054505 0.163961
v 0.360424 0.054505 0.163961
v 0.386262 0.051711 0.163453
v 0.386262 0.051711 0.163453
v 0.386262 0.051711 0.163453
v 0.360424 0.051711 0.163448
v 0.360424 0.051711 0.163448
v 0.360424 0.051711 0.163448
v 0.386262 0.050343 0.163237
v 0.386262 0.050343 0.163237
v 0.386262 0.050343 0.163237
v 0.360424 0.050343 0.163233
v 0.360424 0.050343 0.163233
v 0.360424 0.050343 0.163233
v 0.360424 0.050343 0.163233
v 0.386263 0.046127 0.162705
v 0.386263 0.046127 0.162705
v 0.386263 0.046127 0.162705
v 0.386263 0.046127 0.162705
v 0.386263 0.046127 0.162705
v 0.386263 0.046127 0.162705
v 0.386263 0.046127 0.162705
v 0.360424 0.046127 0.162701
v 0.360424 0.046127 0.162701
v 0.360424 0.046127 0.162701
v 0.360424 0.046127 0.162701
v 0.360424 0.046127 0.162701
v 0.360424 0.046127 0.162701
v 0.386263 0.044756 0.162569
v 0.386263 0.044756 0.162569
v 0.386263 0.044756 0.162569
v 0.386263 0.044756 0.162569
v 0.360424 0.044756 0.162564
v 0.360424 0.044756 0.162564
v 0.360424 0.044756 0.162564
v 0.360424 0.044756 0.162564
v 0.360424 0.044756 0.162564
v 0.386263 0.043330 0.162442
v 0.386263 0.043330 0.162442
v 0.386263 0.043330 0.162442
v 0.360424 0.043330 0.162438
v 0.360424 0.043330 0.162438
v 0.360424 0.043330 0.162438
v 0.386263 0.041896 0.162329
v 0.386263 0.041896 0.162329
v 0.386263 0.041896 0.162329
v 0.360424 0.041896 0.162324
v 0.360424 0.041896 0.162324
v 0.360424 0.041896 0.162324
v 0.360424 0.041896 0.162324
v 0.360424 0.041896 0.162324
v 0.386263 0.039144 0.162143
v 0.386263 0.039144 0.162143
v 0.386263 0.039144 0.162143
v 0.386263 0.039144 0.162143
v 0.360424 0.039144 0.162139
v 0.360424 0.039144 0.162139
v 0.360424 0.039144 0.162139
v 0.360424 0.039144 0.162139
v 0.386263 0.037709 0.162060
v 0.386263 0.037709 0.162060
v 0.386263 0.037709 0.162060
v 0.386263 0.037709 0.162060
v 0.360424 0.037709 0.162056
v 0.360424 0.037709 0.162056
v 0.360424 0.037709 0.162056
v 0.360424 0.037709 0.162056
v 0.386263 0.033495 0.161857
v 0.386263 0.033495 0.161857
v 0.386263 0.033495 0.161857
v 0.386263 0.033495 0.161857
v 0.360424 0.033495 0.161852
v 0.360424 0.033495 0.161852
v 0.360424 0.033495 0.161852
v 0.360424 0.033495 0.161852
v 0.360424 0.033495 0.161852
v 0.386263 0.032081 0.161799
v 0.386263 0.032081 0.161799
v 0.386263 0.032081 0.161799
v 0.386263 0.032081 0.161799
v 0.386263 0.032081 0.161799
v 0.360424 0.032081 0.161795
v 0.360424 0.032081 0.161795
v 0.360424 0.032081 0.161795
v 0.360424 0.032081 0.161795
v 0.386263 0.026483 0.161604
v 0.386263 0.026483 0.161604
v 0.386263 0.026483 0.161604
v 0.386263 0.026483 0.161604
v 0.386263 0.026483 0.161604
v 0.360424 0.026483 0.161600
v 0.360424 0.026483 0.161600
v 0.360424 0.026483 0.161600
v 0.360424 0.026483 0.161600
v 0.360424 0.026483 0.161600
v 0.386263 0.025037 0.161560
v 0.386263 0.025037 0.161560
v 0.386263 0.025037 0.161560
v 0.360424 0.025037 0.161556
v 0.360424 0.025037 0.161556
v 0.360424 0.025037 0.161556
v 0.386263 0.018017 0.161312
v 0.386263 0.018017 0.161312
v 0.386263 0.018017 0.161312
v 0.386263 0.018017 0.161312
v 0.386263 0.018017 0.161312
v 0.360424 0.018017 0.161308
v 0.360424 0.018017 0.161308
v 0.360424 0.018017 0.161308
v 0.360424 0.018017 0.161308
v 0.360424 0.018017 0.161308
v 0.386263 0.016627 0.161252
v 0.386263 0.016627 0.161252
v 0.386263 0.016627 0.161252
v 0.360424 0.016627 0.161248
v 0.360424 0.016627 0.161248
v 0.360424 0.016627 0.161248
v 0.386263 0.013827 0.161116
v 0.386263 0.013827 0.161116
v 0.386263 0.013827 0.161116
v 0.386263 0.013827 0.161116
v 0.360424 0.013827 0.161111
v 0.360424 0.013827 0.161111
v 0.360424 0.013827 0.161111
v 0.360424 0.013827 0.161111
v 0.386263 0.012407 0.161037
v 0.386263 0.012407 0.161037
v 0.386263 0.012407 0.161037
v 0.360424 0.012407 0.161033
v 0.360424 0.012407 0.161033
v 0.360424 0.012407 0.161033
v 0.386263 0.008216 0.160752
v 0.386263 0.008216 0.160752
v 0.386263 0.008216 0.160752
v 0.360424 0.008216 0.160748
v 0.360424 0.008216 0.160748
v 0.360424 0.008216 0.160748
v 0.360424 0.008216 0.160748
v 0.386263 0.006814 0.160633
v 0.386263 0.006814 0.160633
v 0.386263 0.006814 0.160633
v 0.360424 0.006814 0.160629
v 0.360424 0.006814 0.160629
v 0.360424 0.006814 0.160629
v 0.386263 0.003996 0.160340
v 0.386263 0.003996 0.160340
v 0.386263 0.003996 0.160340
v 0.360424 0.003996 0.160335
v 0.360424 0.003996 0.160335
v 0.360424 0.003996 0.160335
v 0.360424 0.003996 0.160335
v 0.386263 0.002615 0.160160
v 0.386263 0.002615 0.160160
v 0.386263 0.002615 0.160160
v 0.360424 0.002615 0.160155
v 0.360424 0.002615 0.160155
v 0.360424 0.002615 0.160155
v 0.386263 0.001184 0.159938
v 0.386263 0.001184 0.159938
v 0.386263 0.001184 0.159938
v 0.386263 0.001184 0.159938
v 0.360425 0.001184 0.159934
v 0.360425 0.001184 0.159934
v 0.360425 0.001184 0.159934
v 0.360425 0.001184 0.159934
v 0.386263 -0.000168 0.159683
v 0.386263 -0.000168 0.159683
v 0.386263 -0.000168 0.159683
v 0.360425 -0.000168 0.159679
v 0.360425 -0.000168 0.159679
v 0.360425 -0.000168 0.159679
v 0.386263 -0.001563 0.159354
v 0.386263 -0.001563 0.159354
v 0.386263 -0.001563 0.159354
v 0.386263 -0.001563 0.159354
v 0.386263 -0.001563 0.159354
v 0.386263 -0.001563 0.159354
v 0.360425 -0.001563 0.159350
v 0.360425 -0.001563 0.159350
v 0.360425 -0.001563 0.159350
v 0.360425 -0.001563 0.159350
v 0.360425 -0.001563 0.159350
v 0.360425 -0.001563 0.159350
v 0.360425 -0.001563 0.159350
v 0.386263 -0.002892 0.158948
v 0.386263 -0.002892 0.158948
v 0.386263 -0.002892 0.158948
v 0.360425 -0.002892 0.158943
v 0.360425 -0.002892 0.158943
v 0.360425 -0.002892 0.158943
v 0.386263 -0.004230 0.158390
v 0.386263 -0.004230 0.158390
v 0.386263 -0.004230 0.158390
v 0.386263 -0.004230 0.158390
v 0.360425 -0.004230 0.158385
v 0.360425 -0.004230 0.158385
v 0.360425 -0.004230 0.158385
v 0.360425 -0.004230 0.158385
v 0.386263 -0.005542 0.157823
v 0.386263 -0.005542 0.157823
v 0.386263 -0.005542 0.157823
v 0.360425 -0.005542 0.157818
v 0.360425 -0.005542 0.157818
v 0.360425 -0.005542 0.157818
v 0.360425 -0.005542 0.157818
v 0.386263 -0.006907 0.157347
v 0.386263 -0.006907 0.157347
v 0.386263 -0.006907 0.157347
v 0.386263 -0.006907 0.157347
v 0.360425 -0.006907 0.157343
v 0.360425 -0.006907 0.157343
v 0.360425 -0.006907 0.157343
v 0.360425 -0.006907 0.157343
v 0.386264 -0.008263 0.156945
v 0.386264 -0.008263 0.156945
v 0.386264 -0.008263 0.156945
v 0.360425 -0.008263 0.156941
v 0.360425 -0.008263 0.156941
v 0.360425 -0.008263 0.156941
v 0.386264 -0.010959 0.156282
v 0.386264 -0.010959 0.156282
v 0.386264 -0.010959 0.156282
v 0.360425 -0.010959 0.156277
v 0.360425 -0.010959 0.156277
v 0.360425 -0.010959 0.156277
v 0.386264 -0.012377 0.155985
v 0.386264 -0.012377 0.155985
v 0.386264 -0.012377 0.155985
v 0.360425 -0.012377 0.155980
v 0.360425 -0.012377 0.155980
v 0.360425 -0.012377 0.155980
v 0.386264 -0.015117 0.155486
v 0.386264 -0.015117 0.155486
v 0.386264 -0.015117 0.155486
v 0.386264 -0.015117 0.155486
v 0.360425 -0.015117 0.155482
v 0.360425 -0.015117 0.155482
v 0.360425 -0.015117 0.155482
v 0.360425 -0.015117 0.155482
v 0.386264 -0.016566 0.155256
v 0.386264 -0.016566 0.155256
v 0.386264 -0.016566 0.155256
v 0.360425 -0.016566 0.155252
v 0.360425 -0.016566 0.155252
v 0.360425 -0.016566 0.155252
v 0.386264 -0.017941 0.155057
v 0.386264 -0.017941 0.155057
v 0.386264 -0.017941 0.155057
v 0.386264 -0.017941 0.155057
v 0.360425 -0.017941 0.155052
v 0.360425 -0.017941 0.155052
v 0.360425 -0.017941 0.155052
v 0.360425 -0.017941 0.155052
v 0.386264 -0.019311 0.154874
v 0.386264 -0.019311 0.154874
v 0.386264 -0.019311 0.154874
v 0.386264 -0.019311 0.154874
v 0.360425 -0.019311 0.154870
v 0.360425 -0.019311 0.154870
v 0.360425 -0.019311 0.154870
v 0.360425 -0.019311 0.154870
v 0.386264 -0.022143 0.154546
v 0.386264 -0.022143 0.154546
v 0.386264 -0.022143 0.154546
v 0.360425 -0.022143 0.154542
v 0.360425 -0.022143 0.154542
v 0.360425 -0.022143 0.154542
v 0.386264 -0.023546 0.154406
v 0.386264 -0.023546 0.154406
v 0.386264 -0.023546 0.154406
v 0.360425 -0.023546 0.154402
v 0.360425 -0.023546 0.154402
v 0.360425 -0.023546 0.154402
v 0.386264 -0.024944 0.154281
v 0.386264 -0.024944 0.154281
v 0.386264 -0.024944 0.154281
v 0.360425 -0.024944 0.154277
v 0.360425 -0.024944 0.154277
v 0.360425 -0.024944 0.154277
v 0.360425 -0.024944 0.154277
v 0.386264 -0.026340 0.154172
v 0.386264 -0.026340 0.154172
v 0.386264 -0.026340 0.154172
v 0.386264 -0.026340 0.154172
v 0.360425 -0.026340 0.154167
v 0.360425 -0.026340 0.154167
v 0.360425 -0.026340 0.154167
v 0.386264 -0.029126 0.153995
v 0.386264 -0.029126 0.153995
v 0.386264 -0.029126 0.153995
v 0.360426 -0.029126 0.153991
v 0.360426 -0.029126 0.153991
v 0.360426 -0.029126 0.153991
v 0.386264 -0.030578 0.153927
v 0.386264 -0.030578 0.153927
v 0.386264 -0.030578 0.153927
v 0.360426 -0.030578 0.153923
v 0.360426 -0.030578 0.153923
v 0.360426 -0.030578 0.153923
v 0.386264 -0.031950 0.153879
v 0.386264 -0.031950 0.153879
v 0.386264 -0.031950 0.153879
v 0.360426 -0.031950 0.153875
v 0.360426 -0.031950 0.153875
v 0.360426 -0.031950 0.153875
v 0.386264 -0.033370 0.153846
v 0.386264 -0.033370 0.153846
v 0.386264 -0.033370 0.153846
v 0.360426 -0.033370 0.153841
v 0.360426 -0.033370 0.153841
v 0.360426 -0.033370 0.153841
v 0.386264 -0.036176 0.153837
v 0.386264 -0.036176 0.153837
v 0.386264 -0.036176 0.153837
v 0.360426 -0.036176 0.153833
v 0.360426 -0.036176 0.153833
v 0.360426 -0.036176 0.153833
v 0.386264 -0.037556 0.153864
v 0.386264 -0.037556 0.153864
v 0.386264 -0.037556 0.153864
v 0.360426 -0.037556 0.153860
v 0.360426 -0.037556 0.153860
v 0.360426 -0.037556 0.153860
v 0.386264 -0.039000 0.153918
v 0.386264 -0.039000 0.153918
v 0.386264 -0.039000 0.153918
v 0.360426 -0.039000 0.153914
v 0.360426 -0.039000 0.153914
v 0.360426 -0.039000 0.153914
v 0.386264 -0.040347 0.153997
v 0.386264 -0.040347 0.153997
v 0.386264 -0.040347 0.153997
v 0.360426 -0.040347 0.153993
v 0.360426 -0.040347 0.153993
v 0.360426 -0.040347 0.153993
v 0.386264 -0.041798 0.154119
v 0.386264 -0.041798 0.154119
v 0.386264 -0.041798 0.154119
v 0.386264 -0.041798 0.154119
v 0.360425 -0.041798 0.154114
v 0.360425 -0.041798 0.154114
v 0.360425 -0.041798 0.154114
v 0.360425 -0.041798 0.154114
v 0.360425 -0.041798 0.154114
v 0.386264 -0.043179 0.154279
v 0.386264 -0.043179 0.154279
v 0.386264 -0.043179 0.154279
v 0.386264 -0.043179 0.154279
v 0.386264 -0.043179 0.154279
v 0.386264 -0.043179 0.154279
v 0.360425 -0.043179 0.154275
v 0.360425 -0.043179 0.154275
v 0.360425 -0.043179 0.154275
v 0.360425 -0.043179 0.154275
v 0.360425 -0.043179 0.154275
v 0.386264 -0.044605 0.154505
v 0.386264 -0.044605 0.154505
v 0.386264 -0.044605 0.154505
v 0.386264 -0.044605 0.154505
v 0.360425 -0.044605 0.154501
v 0.360425 -0.044605 0.154501
v 0.360425 -0.044605 0.154501
v 0.360425 -0.044605 0.154501
v 0.386264 -0.045980 0.154806
v 0.386264 -0.045980 0.154806
v 0.386264 -0.045980 0.154806
v 0.386264 -0.045980 0.154806
v 0.360425 -0.045980 0.154802
v 0.360425 -0.045980 0.154802
v 0.360425 -0.045980 0.154802
v 0.386264 -0.047323 0.155170
v 0.386264 -0.047323 0.155170
v 0.386264 -0.047323 0.155170
v 0.386264 -0.047323 0.155170
v 0.360425 -0.047323 0.155165
v 0.360425 -0.047323 0.155165
v 0.360425 -0.047323 0.155165
v 0.386264 -0.048663 0.155578
v 0.386264 -0.048663 0.155578
v 0.386264 -0.048663 0.155578
v 0.360425 -0.048663 0.155574
v 0.360425 -0.048663 0.155574
v 0.360425 -0.048663 0.155574
v 0.386264 -0.050023 0.156026
v 0.386264 -0.050023 0.156026
v 0.386264 -0.050023 0.156026
v 0.360425 -0.050023 0.156022
v 0.360425 -0.050023 0.156022
v 0.360425 -0.050023 0.156022
v 0.386264 -0.052702 0.156985
v 0.386264 -0.052702 0.156985
v 0.386264 -0.052702 0.156985
v 0.360425 -0.052702 0.156981
v 0.360425 -0.052702 0.156981
v 0.360425 -0.052702 0.156981
v 0.386263 -0.054030 0.157492
v 0.386263 -0.054030 0.157492
v 0.386263 -0.054030 0.157492
v 0.360425 -0.054030 0.157487
v 0.360425 -0.054030 0.157487
v 0.360425 -0.054030 0.157487
v 0.386263 -0.055342 0.158010
v 0.386263 -0.055342 0.158010
v 0.386263 -0.055342 0.158010
v 0.360425 -0.055342 0.158006
v 0.360425 -0.055342 0.158006
v 0.360425 -0.055342 0.158006
v 0.386263 -0.056674 0.158554
v 0.386263 -0.056674 0.158554
v 0.386263 -0.056674 0.158554
v 0.360425 -0.056674 0.158550
v 0.360425 -0.056674 0.158550
v 0.360425 -0.056674 0.158550
v 0.386263 -0.059276 0.159667
v 0.386263 -0.059276 0.159667
v 0.386263 -0.059276 0.159667
v 0.360425 -0.059276 0.159662
v 0.360425 -0.059276 0.159662
v 0.360425 -0.059276 0.159662
v 0.386263 -0.060577 0.160249
v 0.386263 -0.060577 0.160249
v 0.386263 -0.060577 0.160249
v 0.360424 -0.060577 0.160244
v 0.360424 -0.060577 0.160244
v 0.360424 -0.060577 0.160244
v 0.386263 -0.061872 0.160846
v 0.386263 -0.061872 0.160846
v 0.386263 -0.061872 0.160846
v 0.360424 -0.061872 0.160842
v 0.360424 -0.061872 0.160842
v 0.360424 -0.061872 0.160842
v 0.386263 -0.063179 0.161469
v 0.386263 -0.063179 0.161469
v 0.386263 -0.063179 0.161469
v 0.360424 -0.063179 0.161464
v 0.360424 -0.063179 0.161464
v 0.360424 -0.063179 0.161464
v 0.386262 -0.067013 0.163393
v 0.386262 -0.067013 0.163393
v 0.386262 -0.067013 0.163393
v 0.360424 -0.067013 0.163388
v 0.360424 -0.067013 0.163388
v 0.360424 -0.067013 0.163388
v 0.386262 -0.068264 0.164006
v 0.386262 -0.068264 0.164006
v 0.386262 -0.068264 0.164006
v 0.360424 -0.068264 0.164001
v 0.360424 -0.068264 0.164001
v 0.360424 -0.068264 0.164001
v 0.386262 -0.070875 0.165224
v 0.386262 -0.070875 0.165224
v 0.386262 -0.070875 0.165224
v 0.360424 -0.070875 0.165219
v 0.360424 -0.070875 0.165219
v 0.360424 -0.070875 0.165219
v 0.386262 -0.072161 0.165788
v 0.386262 -0.072161 0.165788
v 0.386262 -0.072161 0.165788
v 0.360424 -0.072161 0.165783
v 0.360424 -0.072161 0.165783
v 0.360424 -0.072161 0.165783
v 0.386262 -0.073491 0.166339
v 0.386262 -0.073491 0.166339
v 0.386262 -0.073491 0.166339
v 0.360423 -0.073491 0.166335
v 0.360423 -0.073491 0.166335
v 0.360423 -0.073491 0.166335
v 0.386262 -0.074834 0.166859
v 0.386262 -0.074834 0.166859
v 0.386262 -0.074834 0.166859
v 0.360423 -0.074834 0.166854
v 0.360423 -0.074834 0.166854
v 0.360423 -0.074834 0.166854
v 0.360423 -0.074834 0.166854
v 0.386262 -0.076162 0.167328
v 0.386262 -0.076162 0.167328
v 0.386262 -0.076162 0.167328
v 0.386262 -0.076162 0.167328
v 0.360423 -0.076162 0.167324
v 0.360423 -0.076162 0.167324
v 0.360423 -0.076162 0.167324
v 0.386262 -0.077491 0.167744
v 0.386262 -0.077491 0.167744
v 0.386262 -0.077491 0.167744
v 0.360423 -0.077491 0.167739
v 0.360423 -0.077491 0.167739
v 0.360423 -0.077491 0.167739
v 0.360423 -0.077491 0.167739
v 0.386262 -0.078888 0.168109
v 0.386262 -0.078888 0.168109
v 0.386262 -0.078888 0.168109
v 0.386262 -0.078888 0.168109
v 0.360423 -0.078888 0.168105
v 0.360423 -0.078888 0.168105
v 0.360423 -0.078888 0.168105
v 0.386262 -0.080248 0.168375
v 0.386262 -0.080248 0.168375
v 0.386262 -0.080248 0.168375
v 0.360423 -0.080248 0.168371
v 0.360423 -0.080248 0.168371
v 0.360423 -0.080248 0.168371
v 0.386262 -0.081662 0.168529
v 0.386262 -0.081662 0.168529
v 0.386262 -0.081662 0.168529
v 0.360423 -0.081662 0.168525
v 0.360423 -0.081662 0.168525
v 0.360423 -0.081662 0.168525
v 0.386262 -0.083040 0.168517
v 0.386262 -0.083040 0.168517
v 0.386262 -0.083040 0.168517
v 0.360423 -0.083040 0.168512
v 0.360423 -0.083040 0.168512
v 0.360423 -0.083040 0.168512
v 0.386262 -0.084435 0.168269
v 0.386262 -0.084435 0.168269
v 0.386262 -0.084435 0.168269
v 0.360423 -0.084435 0.168265
v 0.360423 -0.084435 0.168265
v 0.360423 -0.084435 0.168265
v 0.386262 -0.085751 0.167705
v 0.386262 -0.085751 0.167705
v 0.386262 -0.085751 0.167705
v 0.360423 -0.085751 0.167701
v 0.360423 -0.085751 0.167701
v 0.360423 -0.085751 0.167701
v 0.386262 -0.086881 0.166802
v 0.386262 -0.086881 0.166802
v 0.386262 -0.086881 0.166802
v 0.360423 -0.086881 0.166797
v 0.360423 -0.086881 0.166797
v 0.360423 -0.086881 0.166797
v 0.386262 -0.087825 0.165659
v 0.386262 -0.087825 0.165659
v 0.386262 -0.087825 0.165659
v 0.360424 -0.087825 0.165654
v 0.360424 -0.087825 0.165654
v 0.360424 -0.087825 0.165654
v 0.386262 -0.088846 0.164572
v 0.386262 -0.088846 0.164572
v 0.386262 -0.088846 0.164572
v 0.360424 -0.088846 0.164568
v 0.360424 -0.088846 0.164568
v 0.360424 -0.088846 0.164568
v 0.386262 -0.089897 0.163648
v 0.386262 -0.089897 0.163648
v 0.386262 -0.089897 0.163648
v 0.360424 -0.089897 0.163643
v 0.360424 -0.089897 0.163643
v 0.360424 -0.089897 0.163643
v 0.386263 -0.091087 0.162779
v 0.386263 -0.091087 0.162779
v 0.386263 -0.091087 0.162779
v 0.386263 -0.091087 0.162779
v 0.360424 -0.091087 0.162774
v 0.360424 -0.091087 0.162774
v 0.360424 -0.091087 0.162774
v 0.386263 -0.092327 0.162023
v 0.386263 -0.092327 0.162023
v 0.386263 -0.092327 0.162023
v 0.386263 -0.092327 0.162023
v 0.360424 -0.092327 0.162018
v 0.360424 -0.092327 0.162018
v 0.360424 -0.092327 0.162018
v 0.360424 -0.092327 0.162018
v 0.386263 -0.093562 0.161383
v 0.386263 -0.093562 0.161383
v 0.386263 -0.093562 0.161383
v 0.360424 -0.093562 0.161378
v 0.360424 -0.093562 0.161378
v 0.360424 -0.093562 0.161378
v 0.386263 -0.094894 0.160790
v 0.386263 -0.094894 0.160790
v 0.386263 -0.094894 0.160790
v 0.360424 -0.094894 0.160785
v 0.360424 -0.094894 0.160785
v 0.360424 -0.094894 0.160785
v 0.386263 -0.096209 0.160281
v 0.386263 -0.096209 0.160281
v 0.386263 -0.096209 0.160281
v 0.386263 -0.096209 0.160281
v 0.360424 -0.096209 0.160277
v 0.360424 -0.096209 0.160277
v 0.360424 -0.096209 0.160277
v 0.360424 -0.096209 0.160277
v 0.386263 -0.097524 0.159833
v 0.386263 -0.097524 0.159833
v 0.386263 -0.097524 0.159833
v 0.360425 -0.097524 0.159829
v 0.360425 -0.097524 0.159829
v 0.360425 -0.097524 0.159829
v 0.386263 -0.098895 0.159417
v 0.386263 -0.098895 0.159417
v 0.386263 -0.098895 0.159417
v 0.386263 -0.098895 0.159417
v 0.360425 -0.098895 0.159413
v 0.360425 -0.098895 0.159413
v 0.360425 -0.098895 0.159413
v 0.360425 -0.098895 0.159413
v 0.386263 -0.100258 0.159047
v 0.386263 -0.100258 0.159047
v 0.386263 -0.100258 0.159047
v 0.386263 -0.100258 0.159047
v 0.360425 -0.100258 0.159042
v 0.360425 -0.100258 0.159042
v 0.360425 -0.100258 0.159042
v 0.360425 -0.100258 0.159042
v 0.386263 -0.101649 0.158705
v 0.386263 -0.101649 0.158705
v 0.386263 -0.101649 0.158705
v 0.386263 -0.101649 0.158705
v 0.360425 -0.101649 0.158700
v 0.360425 -0.101649 0.158700
v 0.360425 -0.101649 0.158700
v 0.360425 -0.101649 0.158700
v 0.386263 -0.103022 0.158396
v 0.386263 -0.103022 0.158396
v 0.386263 -0.103022 0.158396
v 0.386263 -0.103022 0.158396
v 0.360425 -0.103022 0.158392
v 0.360425 -0.103022 0.158392
v 0.360425 -0.103022 0.158392
v 0.360425 -0.103022 0.158392
v 0.386263 -0.104425 0.158107
v 0.386263 -0.104425 0.158107
v 0.386263 -0.104425 0.158107
v 0.386263 -0.104425 0.158107
v 0.360425 -0.104425 0.158103
v 0.360425 -0.104425 0.158103
v 0.360425 -0.104425 0.158103
v 0.360425 -0.104425 0.158103
v 0.386263 -0.107168 0.157602
v 0.386263 -0.107168 0.157602
v 0.386263 -0.107168 0.157602
v 0.386263 -0.107168 0.157602
v 0.360425 -0.107168 0.157598
v 0.360425 -0.107168 0.157598
v 0.360425 -0.107168 0.157598
v 0.360425 -0.107168 0.157598
v 0.386263 -0.108563 0.157370
v 0.386263 -0.108563 0.157370
v 0.386263 -0.108563 0.157370
v 0.360425 -0.108563 0.157366
v 0.360425 -0.108563 0.157366
v 0.360425 -0.108563 0.157366
v 0.386264 -0.114142 0.156566
v 0.386264 -0.114142 0.156566
v 0.386264 -0.114142 0.156566
v 0.360425 -0.114142 0.156562
v 0.360425 -0.114142 0.156562
v 0.360425 -0.114142 0.156562
v 0.386264 -0.115523 0.156391
v 0.386264 -0.115523 0.156391
v 0.386264 -0.115523 0.156391
v 0.360425 -0.115523 0.156386
v 0.360425 -0.115523 0.156386
v 0.360425 -0.115523 0.156386
v 0.386264 -0.121145 0.155740
v 0.386264 -0.121145 0.155740
v 0.386264 -0.121145 0.155740
v 0.360425 -0.121145 0.155736
v 0.360425 -0.121145 0.155736
v 0.360425 -0.121145 0.155736
v 0.386264 -0.122543 0.155578
v 0.386264 -0.122543 0.155578
v 0.386264 -0.122543 0.155578
v 0.360425 -0.122543 0.155574
v 0.360425 -0.122543 0.155574
v 0.360425 -0.122543 0.155574
v 0.386264 -0.128148 0.154842
v 0.386264 -0.128148 0.154842
v 0.386264 -0.128148 0.154842
v 0.360425 -0.128148 0.154837
v 0.360425 -0.128148 0.154837
v 0.360425 -0.128148 0.154837
v 0.386264 -0.129544 0.154640
v 0.386264 -0.129544 0.154640
v 0.386264 -0.129544 0.154640
v 0.360425 -0.129544 0.154635
v 0.360425 -0.129544 0.154635
v 0.360425 -0.129544 0.154635
v 0.386264 -0.135090 0.153770
v 0.386264 -0.135090 0.153770
v 0.386264 -0.135090 0.153770
v 0.360426 -0.135090 0.153766
v 0.360426 -0.135090 0.153766
v 0.360426 -0.135090 0.153766
v 0.360426 -0.135090 0.153766
v 0.386264 -0.136489 0.153535
v 0.386264 -0.136489 0.153535
v 0.386264 -0.136489 0.153535
v 0.386264 -0.136489 0.153535
v 0.360426 -0.136489 0.153531
v 0.360426 -0.136489 0.153531
v 0.360426 -0.136489 0.153531
v 0.360426 -0.136489 0.153531
v 0.386264 -0.140662 0.152793
v 0.386264 -0.140662 0.152793
v 0.386264 -0.140662 0.152793
v 0.386264 -0.140662 0.152793
v 0.360426 -0.140662 0.152789
v 0.360426 -0.140662 0.152789
v 0.360426 -0.140662 0.152789
v 0.386264 -0.142025 0.152538
v 0.386264 -0.142025 0.152538
v 0.386264 -0.142025 0.152538
v 0.360426 -0.142025 0.152533
v 0.360426 -0.142025 0.152533
v 0.360426 -0.142025 0.152533
v 0.386264 -0.143395 0.152273
v 0.386264 -0.143395 0.152273
v 0.386264 -0.143395 0.152273
v 0.360426 -0.143395 0.152269
v 0.360426 -0.143395 0.152269
v 0.360426 -0.143395 0.152269
v 0.386264 -0.144826 0.151989
v 0.386264 -0.144826 0.151989
v 0.386264 -0.144826 0.151989
v 0.360426 -0.144826 0.151984
v 0.360426 -0.144826 0.151984
v 0.360426 -0.144826 0.151984
v 0.386265 -0.148958 0.151111
v 0.386265 -0.148958 0.151111
v 0.386265 -0.148958 0.151111
v 0.360426 -0.148958 0.151106
v 0.360426 -0.148958 0.151106
v 0.360426 -0.148958 0.151106
v 0.386265 -0.150330 0.150796
v 0.386265 -0.150330 0.150796
v 0.386265 -0.150330 0.150796
v 0.360426 -0.150330 0.150791
v 0.360426 -0.150330 0.150791
v 0.360426 -0.150330 0.150791
v 0.386265 -0.151711 0.150464
v 0.386265 -0.151711 0.150464
v 0.386265 -0.151711 0.150464
v 0.360426 -0.151711 0.150459
v 0.360426 -0.151711 0.150459
v 0.360426 -0.151711 0.150459
v 0.386265 -0.153066 0.150119
v 0.386265 -0.153066 0.150119
v 0.386265 -0.153066 0.150119
v 0.360426 -0.153066 0.150115
v 0.360426 -0.153066 0.150115
v 0.360426 -0.153066 0.150115
v 0.386265 -0.159924 0.148189
v 0.386265 -0.159924 0.148189
v 0.386265 -0.159924 0.148189
v 0.360427 -0.159924 0.148185
v 0.360427 -0.159924 0.148185
v 0.360427 -0.159924 0.148185
v 0.386265 -0.161299 0.147815
v 0.386265 -0.161299 0.147815
v 0.386265 -0.161299 0.147815
v 0.360427 -0.161299 0.147810
v 0.360427 -0.161299 0.147810
v 0.360427 -0.161299 0.147810
v 0.386265 -0.165396 0.146741
v 0.386265 -0.165396 0.146741
v 0.386265 -0.165396 0.146741
v 0.386265 -0.165396 0.146741
v 0.360427 -0.165396 0.146736
v 0.360427 -0.165396 0.146736
v 0.360427 -0.165396 0.146736
v 0.360427 -0.165396 0.146736
v 0.386265 -0.166672 0.146419
v 0.386265 -0.166672 0.146419
v 0.386265 -0.166672 0.146419
v 0.360427 -0.166672 0.146414
v 0.360427 -0.166672 0.146414
v 0.360427 -0.166672 0.146414
v 0.386266 -0.176345 0.144132
v 0.386266 -0.176345 0.144132
v 0.386266 -0.176345 0.144132
v 0.360427 -0.176345 0.144128
v 0.360427 -0.176345 0.144128
v 0.360427 -0.176345 0.144128
v 0.386266 -0.177689 0.143830
v 0.386266 -0.177689 0.143830
v 0.386266 -0.177689 0.143830
v 0.360427 -0.177689 0.143825
v 0.360427 -0.177689 0.143825
v 0.360427 -0.177689 0.143825
v 0.386266 -0.183217 0.142609
v 0.386266 -0.183217 0.142609
v 0.386266 -0.183217 0.142609
v 0.360427 -0.183217 0.142604
v 0.360427 -0.183217 0.142604
v 0.360427 -0.183217 0.142604
v 0.386266 -0.184649 0.142297
v 0.386266 -0.184649 0.142297
v 0.386266 -0.184649 0.142297
v 0.360428 -0.184649 0.142293
v 0.360428 -0.184649 0.142293
v 0.360428 -0.184649 0.142293
v 0.386266 -0.192955 0.140516
v 0.386266 -0.192955 0.140516
v 0.386266 -0.192955 0.140516
v 0.360428 -0.192955 0.140512
v 0.360428 -0.192955 0.140512
v 0.360428 -0.192955 0.140512
v 0.386266 -0.194279 0.140235
v 0.386266 -0.194279 0.140235
v 0.386266 -0.194279 0.140235
v 0.360428 -0.194279 0.140230
v 0.360428 -0.194279 0.140230
v 0.360428 -0.194279 0.140230
v 0.386267 -0.201189 0.138776
v 0.386267 -0.201189 0.138776
v 0.386267 -0.201189 0.138776
v 0.360428 -0.201189 0.138772
v 0.360428 -0.201189 0.138772
v 0.360428 -0.201189 0.138772
v 0.386267 -0.202538 0.138493
v 0.386267 -0.202538 0.138493
v 0.386267 -0.202538 0.138493
v 0.360428 -0.202538 0.138488
v 0.360428 -0.202538 0.138488
v 0.360428 -0.202538 0.138488
v 0.386267 -0.212284 0.136452
v 0.386267 -0.212284 0.136452
v 0.386267 -0.212284 0.136452
v 0.360429 -0.212284 0.136448
v 0.360429 -0.212284 0.136448
v 0.360429 -0.212284 0.136448
v 0.386267 -0.213614 0.136167
v 0.386267 -0.213614 0.136167
v 0.386267 -0.213614 0.136167
v 0.360429 -0.213614 0.136163
v 0.360429 -0.213614 0.136163
v 0.360429 -0.213614 0.136163
v 0.386267 -0.216381 0.135530
v 0.386267 -0.216381 0.135530
v 0.386267 -0.216381 0.135530
v 0.360429 -0.216381 0.135526
v 0.360429 -0.216381 0.135526
v 0.360429 -0.216381 0.135526
v 0.386267 -0.217752 0.135195
v 0.386267 -0.217752 0.135195
v 0.386267 -0.217752 0.135195
v 0.360429 -0.217752 0.135190
v 0.360429 -0.217752 0.135190
v 0.360429 -0.217752 0.135190
v 0.386267 -0.221871 0.134116
v 0.386267 -0.221871 0.134116
v 0.386267 -0.221871 0.134116
v 0.360429 -0.221871 0.134112
v 0.360429 -0.221871 0.134112
v 0.360429 -0.221871 0.134112
v 0.360429 -0.221871 0.134112
v 0.386268 -0.223213 0.133742
v 0.386268 -0.223213 0.133742
v 0.386268 -0.223213 0.133742
v 0.386268 -0.223213 0.133742
v 0.360429 -0.223213 0.133737
v 0.360429 -0.223213 0.133737
v 0.360429 -0.223213 0.133737
v 0.386268 -0.224557 0.133355
v 0.386268 -0.224557 0.133355
v 0.386268 -0.224557 0.133355
v 0.360429 -0.224557 0.133351
v 0.360429 -0.224557 0.133351
v 0.360429 -0.224557 0.133351
v 0.386268 -0.225931 0.132947
v 0.386268 -0.225931 0.132947
v 0.386268 -0.225931 0.132947
v 0.360429 -0.225931 0.132943
v 0.360429 -0.225931 0.132943
v 0.360429 -0.225931 0.132943
v 0.386268 -0.227271 0.132537
v 0.386268 -0.227271 0.132537
v 0.386268 -0.227271 0.132537
v 0.360429 -0.227271 0.132532
v 0.360429 -0.227271 0.132532
v 0.360429 -0.227271 0.132532
v 0.386268 -0.228645 0.132099
v 0.386268 -0.228645 0.132099
v 0.386268 -0.228645 0.132099
v 0.360429 -0.228645 0.132095
v 0.360429 -0.228645 0.132095
v 0.360429 -0.228645 0.132095
v 0.386268 -0.229991 0.131654
v 0.386268 -0.229991 0.131654
v 0.386268 -0.229991 0.131654
v 0.360429 -0.229991 0.131649
v 0.360429 -0.229991 0.131649
v 0.360429 -0.229991 0.131649
v 0.386268 -0.232652 0.130703
v 0.386268 -0.232652 0.130703
v 0.386268 -0.232652 0.130703
v 0.360430 -0.232652 0.130699
v 0.360430 -0.232652 0.130699
v 0.360430 -0.232652 0.130699
v 0.386268 -0.233974 0.130179
v 0.386268 -0.233974 0.130179
v 0.386268 -0.233974 0.130179
v 0.360430 -0.233974 0.130174
v 0.360430 -0.233974 0.130174
v 0.360430 -0.233974 0.130174
v 0.386268 -0.235270 0.129610
v 0.386268 -0.235270 0.129610
v 0.386268 -0.235270 0.129610
v 0.360430 -0.235270 0.129605
v 0.360430 -0.235270 0.129605
v 0.360430 -0.235270 0.129605
v 0.386268 -0.236577 0.129054
v 0.386268 -0.236577 0.129054
v 0.386268 -0.236577 0.129054
v 0.360430 -0.236577 0.129050
v 0.360430 -0.236577 0.129050
v 0.360430 -0.236577 0.129050
v 0.386269 -0.240587 0.127524
v 0.386269 -0.240587 0.127524
v 0.386269 -0.240587 0.127524
v 0.360430 -0.240587 0.127520
v 0.360430 -0.240587 0.127520
v 0.360430 -0.240587 0.127520
v 0.360430 -0.240587 0.127520
v 0.386269 -0.241921 0.127058
v 0.386269 -0.241921 0.127058
v 0.386269 -0.241921 0.127058
v 0.386269 -0.241921 0.127058
v 0.386269 -0.241921 0.127058
v 0.360430 -0.241921 0.127054
v 0.360430 -0.241921 0.127054
v 0.360430 -0.241921 0.127054
v 0.360430 -0.241921 0.127054
v 0.386269 -0.243256 0.126610
v 0.386269 -0.243256 0.126610
v 0.386269 -0.243256 0.126610
v 0.360430 -0.243256 0.126605
v 0.360430 -0.243256 0.126605
v 0.360430 -0.243256 0.126605
v 0.386269 -0.244596 0.126178
v 0.386269 -0.244596 0.126178
v 0.386269 -0.244596 0.126178
v 0.360430 -0.244596 0.126173
v 0.360430 -0.244596 0.126173
v 0.360430 -0.244596 0.126173
v 0.386269 -0.247314 0.125360
v 0.386269 -0.247314 0.125360
v 0.386269 -0.247314 0.125360
v 0.360430 -0.247314 0.125355
v 0.360430 -0.247314 0.125355
v 0.360430 -0.247314 0.125355
v 0.386269 -0.248690 0.124979
v 0.386269 -0.248690 0.124979
v 0.386269 -0.248690 0.124979
v 0.360430 -0.248690 0.124974
v 0.360430 -0.248690 0.124974
v 0.360430 -0.248690 0.124974
v 0.386269 -0.252828 0.123995
v 0.386269 -0.252828 0.123995
v 0.386269 -0.252828 0.123995
v 0.360431 -0.252828 0.123990
v 0.360431 -0.252828 0.123990
v 0.360431 -0.252828 0.123990
v 0.386269 -0.254212 0.123665
v 0.386269 -0.254212 0.123665
v 0.386269 -0.254212 0.123665
v 0.360431 -0.254212 0.123661
v 0.360431 -0.254212 0.123661
v 0.360431 -0.254212 0.123661
v 0.386269 -0.255538 0.123332
v 0.386269 -0.255538 0.123332
v 0.386269 -0.255538 0.123332
v 0.360431 -0.255538 0.123327
v 0.360431 -0.255538 0.123327
v 0.360431 -0.255538 0.123327
v 0.386269 -0.256914 0.122964
v 0.386269 -0.256914 0.122964
v 0.386269 -0.256914 0.122964
v 0.360431 -0.256914 0.122960
v 0.360431 -0.256914 0.122960
v 0.360431 -0.256914 0.122960
v 0.386269 -0.258283 0.122570
v 0.386269 -0.258283 0.122570
v 0.386269 -0.258283 0.122570
v 0.360431 -0.258283 0.122566
v 0.360431 -0.258283 0.122566
v 0.360431 -0.258283 0.122566
v 0.386270 -0.259622 0.122146
v 0.386270 -0.259622 0.122146
v 0.386270 -0.259622 0.122146
v 0.360431 -0.259622 0.122142
v 0.360431 -0.259622 0.122142
v 0.360431 -0.259622 0.122142
v 0.386270 -0.260928 0.121677
v 0.386270 -0.260928 0.121677
v 0.386270 -0.260928 0.121677
v 0.360431 -0.260928 0.121673
v 0.360431 -0.260928 0.121673
v 0.360431 -0.260928 0.121673
v 0.386270 -0.262264 0.121090
v 0.386270 -0.262264 0.121090
v 0.386270 -0.262264 0.121090
v 0.360431 -0.262264 0.121086
v 0.360431 -0.262264 0.121086
v 0.360431 -0.262264 0.121086
v 0.386270 -0.263405 0.120269
v 0.386270 -0.263405 0.120269
v 0.386270 -0.263405 0.120269
v 0.360431 -0.263405 0.120265
v 0.360431 -0.263405 0.120265
v 0.360431 -0.263405 0.120265
v 0.386270 -0.262686 0.119273
v 0.386270 -0.262686 0.119273
v 0.386270 -0.262686 0.119273
v 0.360431 -0.262686 0.119269
v 0.360431 -0.262686 0.119269
v 0.360431 -0.262686 0.119269
v 0.386270 -0.261293 0.118991
v 0.386270 -0.261293 0.118991
v 0.386270 -0.261293 0.118991
v 0.360432 -0.261293 0.118987
v 0.360432 -0.261293 0.118987
v 0.360432 -0.261293 0.118987
v 0.386270 -0.259886 0.118865
v 0.386270 -0.259886 0.118865
v 0.386270 -0.259886 0.118865
v 0.360432 -0.259886 0.118861
v 0.360432 -0.259886 0.118861
v 0.360432 -0.259886 0.118861
v 0.386270 -0.257105 0.118806
v 0.386270 -0.257105 0.118806
v 0.386270 -0.257105 0.118806
v 0.360432 -0.257105 0.118802
v 0.360432 -0.257105 0.118802
v 0.360432 -0.257105 0.118802
v 0.386270 -0.255659 0.118834
v 0.386270 -0.255659 0.118834
v 0.386270 -0.255659 0.118834
v 0.360432 -0.255659 0.118830
v 0.360432 -0.255659 0.118830
v 0.360432 -0.255659 0.118830
v 0.386270 -0.252895 0.118960
v 0.386270 -0.252895 0.118960
v 0.386270 -0.252895 0.118960
v 0.360432 -0.252895 0.118956
v 0.360432 -0.252895 0.118956
v 0.360432 -0.252895 0.118956
v 0.386270 -0.251458 0.119055
v 0.386270 -0.251458 0.119055
v 0.386270 -0.251458 0.119055
v 0.360431 -0.251458 0.119051
v 0.360431 -0.251458 0.119051
v 0.360431 -0.251458 0.119051
v 0.386270 -0.250076 0.119162
v 0.386270 -0.250076 0.119162
v 0.386270 -0.250076 0.119162
v 0.360431 -0.250076 0.119158
v 0.360431 -0.250076 0.119158
v 0.360431 -0.250076 0.119158
v 0.386270 -0.248637 0.119288
v 0.386270 -0.248637 0.119288
v 0.386270 -0.248637 0.119288
v 0.360431 -0.248637 0.119284
v 0.360431 -0.248637 0.119284
v 0.360431 -0.248637 0.119284
v 0.386270 -0.244487 0.119721
v 0.386270 -0.244487 0.119721
v 0.386270 -0.244487 0.119721
v 0.360431 -0.244487 0.119717
v 0.360431 -0.244487 0.119717
v 0.360431 -0.244487 0.119717
v 0.386270 -0.243052 0.119893
v 0.386270 -0.243052 0.119893
v 0.386270 -0.243052 0.119893
v 0.360431 -0.243052 0.119888
v 0.360431 -0.243052 0.119888
v 0.360431 -0.243052 0.119888
v 0.386270 -0.233312 0.121188
v 0.386270 -0.233312 0.121188
v 0.386270 -0.233312 0.121188
v 0.360431 -0.233312 0.121184
v 0.360431 -0.233312 0.121184
v 0.360431 -0.233312 0.121184
v 0.386270 -0.231916 0.121358
v 0.386270 -0.231916 0.121358
v 0.386270 -0.231916 0.121358
v 0.360431 -0.231916 0.121354
v 0.360431 -0.231916 0.121354
v 0.360431 -0.231916 0.121354
v 0.386270 -0.226312 0.121978
v 0.386270 -0.226312 0.121978
v 0.386270 -0.226312 0.121978
v 0.360431 -0.226312 0.121974
v 0.360431 -0.226312 0.121974
v 0.360431 -0.226312 0.121974
v 0.386270 -0.224907 0.122119
v 0.386270 -0.224907 0.122119
v 0.386270 -0.224907 0.122119
v 0.360431 -0.224907 0.122115
v 0.360431 -0.224907 0.122115
v 0.360431 -0.224907 0.122115
v 0.386269 -0.222094 0.122385
v 0.386269 -0.222094 0.122385
v 0.386269 -0.222094 0.122385
v 0.360431 -0.222094 0.122380
v 0.360431 -0.222094 0.122380
v 0.360431 -0.222094 0.122380
v 0.386269 -0.220687 0.122510
v 0.386269 -0.220687 0.122510
v 0.386269 -0.220687 0.122510
v 0.386269 -0.220687 0.122510
v 0.360431 -0.220687 0.122505
v 0.360431 -0.220687 0.122505
v 0.360431 -0.220687 0.122505
v 0.360431 -0.220687 0.122505
v 0.386269 -0.219279 0.122629
v 0.386269 -0.219279 0.122629
v 0.386269 -0.219279 0.122629
v 0.360431 -0.219279 0.122625
v 0.360431 -0.219279 0.122625
v 0.360431 -0.219279 0.122625
v 0.386269 -0.217871 0.122744
v 0.386269 -0.217871 0.122744
v 0.386269 -0.217871 0.122744
v 0.360431 -0.217871 0.122739
v 0.360431 -0.217871 0.122739
v 0.360431 -0.217871 0.122739
v 0.386269 -0.213646 0.123058
v 0.386269 -0.213646 0.123058
v 0.386269 -0.213646 0.123058
v 0.360431 -0.213646 0.123054
v 0.360431 -0.213646 0.123054
v 0.360431 -0.213646 0.123054
v 0.386269 -0.212238 0.123153
v 0.386269 -0.212238 0.123153
v 0.386269 -0.212238 0.123153
v 0.360431 -0.212238 0.123149
v 0.360431 -0.212238 0.123149
v 0.360431 -0.212238 0.123149
v 0.386269 -0.206609 0.123488
v 0.386269 -0.206609 0.123488
v 0.386269 -0.206609 0.123488
v 0.360431 -0.206609 0.123483
v 0.360431 -0.206609 0.123483
v 0.360431 -0.206609 0.123483
v 0.386269 -0.205202 0.123560
v 0.386269 -0.205202 0.123560
v 0.386269 -0.205202 0.123560
v 0.360431 -0.205202 0.123556
v 0.360431 -0.205202 0.123556
v 0.360431 -0.205202 0.123556
v 0.386269 -0.200984 0.123751
v 0.386269 -0.200984 0.123751
v 0.386269 -0.200984 0.123751
v 0.360431 -0.200984 0.123746
v 0.360431 -0.200984 0.123746
v 0.360431 -0.200984 0.123746
v 0.386269 -0.199579 0.123806
v 0.386269 -0.199579 0.123806
v 0.386269 -0.199579 0.123806
v 0.360431 -0.199579 0.123801
v 0.360431 -0.199579 0.123801
v 0.360431 -0.199579 0.123801
v 0.386269 -0.192556 0.124017
v 0.386269 -0.192556 0.124017
v 0.386269 -0.192556 0.124017
v 0.360431 -0.192556 0.124012
v 0.360431 -0.192556 0.124012
v 0.360431 -0.192556 0.124012
v 0.360431 -0.192556 0.124012
v 0.386269 -0.191151 0.124046
v 0.386269 -0.191151 0.124046
v 0.386269 -0.191151 0.124046
v 0.386269 -0.191151 0.124046
v 0.360431 -0.191151 0.124042
v 0.360431 -0.191151 0.124042
v 0.360431 -0.191151 0.124042
v 0.360431 -0.191151 0.124042
v 0.360431 -0.191151 0.124042
v 0.386269 -0.185534 0.124122
v 0.386269 -0.185534 0.124122
v 0.386269 -0.185534 0.124122
v 0.386269 -0.185534 0.124122
v 0.386269 -0.185534 0.124122
v 0.386269 -0.185534 0.124122
v 0.360431 -0.185534 0.124118
v 0.360431 -0.185534 0.124118
v 0.360431 -0.185534 0.124118
v 0.386269 -0.184129 0.124130
v 0.386269 -0.184129 0.124130
v 0.386269 -0.184129 0.124130
v 0.360431 -0.184129 0.124126
v 0.360431 -0.184129 0.124126
v 0.360431 -0.184129 0.124126
v 0.386269 -0.178508 0.124121
v 0.386269 -0.178508 0.124121
v 0.386269 -0.178508 0.124121
v 0.360431 -0.178508 0.124117
v 0.360431 -0.178508 0.124117
v 0.360431 -0.178508 0.124117
v 0.360431 -0.178508 0.124117
v 0.386269 -0.177102 0.124108
v 0.386269 -0.177102 0.124108
v 0.386269 -0.177102 0.124108
v 0.386269 -0.177102 0.124108
v 0.360431 -0.177102 0.124104
v 0.360431 -0.177102 0.124104
v 0.360431 -0.177102 0.124104
v 0.360431 -0.177102 0.124104
v 0.386269 -0.174289 0.124068
v 0.386269 -0.174289 0.124068
v 0.386269 -0.174289 0.124068
v 0.386269 -0.174289 0.124068
v 0.360431 -0.174289 0.124064
v 0.360431 -0.174289 0.124064
v 0.360431 -0.174289 0.124064
v 0.360431 -0.174289 0.124064
v 0.386269 -0.172882 0.124042
v 0.386269 -0.172882 0.124042
v 0.386269 -0.172882 0.124042
v 0.386269 -0.172882 0.124042
v 0.360431 -0.172882 0.124037
v 0.360431 -0.172882 0.124037
v 0.360431 -0.172882 0.124037
v 0.360431 -0.172882 0.124037
v 0.386269 -0.171474 0.124011
v 0.386269 -0.171474 0.124011
v 0.386269 -0.171474 0.124011
v 0.386269 -0.171474 0.124011
v 0.360431 -0.171474 0.124006
v 0.360431 -0.171474 0.124006
v 0.360431 -0.171474 0.124006
v 0.360431 -0.171474 0.124006
v 0.386269 -0.170066 0.123975
v 0.386269 -0.170066 0.123975
v 0.386269 -0.170066 0.123975
v 0.360431 -0.170066 0.123970
v 0.360431 -0.170066 0.123970
v 0.360431 -0.170066 0.123970
v 0.360431 -0.170066 0.123970
v 0.386269 -0.165842 0.123839
v 0.386269 -0.165842 0.123839
v 0.386269 -0.165842 0.123839
v 0.360431 -0.165842 0.123834
v 0.360431 -0.165842 0.123834
v 0.360431 -0.165842 0.123834
v 0.386269 -0.164434 0.123783
v 0.386269 -0.164434 0.123783
v 0.386269 -0.164434 0.123783
v 0.360431 -0.164434 0.123779
v 0.360431 -0.164434 0.123779
v 0.360431 -0.164434 0.123779
v 0.386269 -0.158803 0.123511
v 0.386269 -0.158803 0.123511
v 0.386269 -0.158803 0.123511
v 0.360431 -0.158803 0.123507
v 0.360431 -0.158803 0.123507
v 0.360431 -0.158803 0.123507
v 0.386269 -0.157397 0.123430
v 0.386269 -0.157397 0.123430
v 0.386269 -0.157397 0.123430
v 0.360431 -0.157397 0.123425
v 0.360431 -0.157397 0.123425
v 0.360431 -0.157397 0.123425
v 0.386269 -0.153184 0.123151
v 0.386269 -0.153184 0.123151
v 0.386269 -0.153184 0.123151
v 0.360431 -0.153184 0.123147
v 0.360431 -0.153184 0.123147
v 0.360431 -0.153184 0.123147
v 0.386269 -0.151783 0.123047
v 0.386269 -0.151783 0.123047
v 0.386269 -0.151783 0.123047
v 0.360431 -0.151783 0.123042
v 0.360431 -0.151783 0.123042
v 0.360431 -0.151783 0.123042
v 0.386269 -0.150383 0.122936
v 0.386269 -0.150383 0.122936
v 0.386269 -0.150383 0.122936
v 0.360431 -0.150383 0.122932
v 0.360431 -0.150383 0.122932
v 0.360431 -0.150383 0.122932
v 0.360431 -0.150383 0.122932
v 0.386269 -0.148961 0.122818
v 0.386269 -0.148961 0.122818
v 0.386269 -0.148961 0.122818
v 0.386269 -0.148961 0.122818
v 0.360431 -0.148961 0.122814
v 0.360431 -0.148961 0.122814
v 0.360431 -0.148961 0.122814
v 0.386269 -0.143397 0.122374
v 0.386269 -0.143397 0.122374
v 0.386269 -0.143397 0.122374
v 0.360431 -0.143397 0.122370
v 0.360431 -0.143397 0.122370
v 0.360431 -0.143397 0.122370
v 0.386269 -0.141973 0.122269
v 0.386269 -0.141973 0.122269
v 0.386269 -0.141973 0.122269
v 0.360431 -0.141973 0.122265
v 0.360431 -0.141973 0.122265
v 0.360431 -0.141973 0.122265
v 0.386270 -0.136327 0.121914
v 0.386270 -0.136327 0.121914
v 0.386270 -0.136327 0.121914
v 0.360431 -0.136327 0.121910
v 0.360431 -0.136327 0.121910
v 0.360431 -0.136327 0.121910
v 0.386270 -0.134977 0.121850
v 0.386270 -0.134977 0.121850
v 0.386270 -0.134977 0.121850
v 0.360431 -0.134977 0.121846
v 0.360431 -0.134977 0.121846
v 0.360431 -0.134977 0.121846
v 0.386270 -0.133546 0.121794
v 0.386270 -0.133546 0.121794
v 0.386270 -0.133546 0.121794
v 0.360431 -0.133546 0.121790
v 0.360431 -0.133546 0.121790
v 0.360431 -0.133546 0.121790
v 0.386270 -0.132124 0.121754
v 0.386270 -0.132124 0.121754
v 0.386270 -0.132124 0.121754
v 0.360431 -0.132124 0.121750
v 0.360431 -0.132124 0.121750
v 0.360431 -0.132124 0.121750
v 0.386270 -0.129311 0.121726
v 0.386270 -0.129311 0.121726
v 0.386270 -0.129311 0.121726
v 0.360431 -0.129311 0.121721
v 0.360431 -0.129311 0.121721
v 0.360431 -0.129311 0.121721
v 0.386270 -0.127875 0.121743
v 0.386270 -0.127875 0.121743
v 0.386270 -0.127875 0.121743
v 0.360431 -0.127875 0.121738
v 0.360431 -0.127875 0.121738
v 0.360431 -0.127875 0.121738
v 0.386270 -0.125116 0.121841
v 0.386270 -0.125116 0.121841
v 0.386270 -0.125116 0.121841
v 0.360431 -0.125116 0.121837
v 0.360431 -0.125116 0.121837
v 0.360431 -0.125116 0.121837
v 0.386270 -0.123711 0.121927
v 0.386270 -0.123711 0.121927
v 0.386270 -0.123711 0.121927
v 0.360431 -0.123711 0.121922
v 0.360431 -0.123711 0.121922
v 0.360431 -0.123711 0.121922
v 0.386269 -0.119457 0.122319
v 0.386269 -0.119457 0.122319
v 0.386269 -0.119457 0.122319
v 0.360431 -0.119457 0.122314
v 0.360431 -0.119457 0.122314
v 0.360431 -0.119457 0.122314
v 0.386269 -0.118082 0.122482
v 0.386269 -0.118082 0.122482
v 0.386269 -0.118082 0.122482
v 0.360431 -0.118082 0.122478
v 0.360431 -0.118082 0.122478
v 0.360431 -0.118082 0.122478
v 0.386269 -0.116695 0.122661
v 0.386269 -0.116695 0.122661
v 0.386269 -0.116695 0.122661
v 0.360431 -0.116695 0.122657
v 0.360431 -0.116695 0.122657
v 0.360431 -0.116695 0.122657
v 0.386269 -0.115299 0.122853
v 0.386269 -0.115299 0.122853
v 0.386269 -0.115299 0.122853
v 0.360431 -0.115299 0.122849
v 0.360431 -0.115299 0.122849
v 0.360431 -0.115299 0.122849
v 0.386269 -0.108329 0.123908
v 0.386269 -0.108329 0.123908
v 0.386269 -0.108329 0.123908
v 0.360431 -0.108329 0.123904
v 0.360431 -0.108329 0.123904
v 0.360431 -0.108329 0.123904
v 0.386269 -0.106946 0.124110
v 0.386269 -0.106946 0.124110
v 0.386269 -0.106946 0.124110
v 0.386269 -0.106946 0.124110
v 0.386269 -0.106946 0.124110
v 0.360431 -0.106946 0.124106
v 0.360431 -0.106946 0.124106
v 0.360431 -0.106946 0.124106
v 0.360431 -0.106946 0.124106
v 0.360431 -0.106946 0.124106
v 0.386269 -0.104101 0.124491
v 0.386269 -0.104101 0.124491
v 0.386269 -0.104101 0.124491
v 0.360431 -0.104101 0.124487
v 0.360431 -0.104101 0.124487
v 0.360431 -0.104101 0.124487
v 0.386269 -0.102707 0.124657
v 0.386269 -0.102707 0.124657
v 0.386269 -0.102707 0.124657
v 0.360431 -0.102707 0.124653
v 0.360431 -0.102707 0.124653
v 0.360431 -0.102707 0.124653
v 0.386269 -0.101320 0.124804
v 0.386269 -0.101320 0.124804
v 0.386269 -0.101320 0.124804
v 0.360431 -0.101320 0.124800
v 0.360431 -0.101320 0.124800
v 0.360431 -0.101320 0.124800
v 0.386269 -0.099939 0.124931
v 0.386269 -0.099939 0.124931
v 0.386269 -0.099939 0.124931
v 0.360430 -0.099939 0.124926
v 0.360430 -0.099939 0.124926
v 0.360430 -0.099939 0.124926
v 0.386269 -0.097109 0.125116
v 0.386269 -0.097109 0.125116
v 0.386269 -0.097109 0.125116
v 0.386269 -0.097109 0.125116
v 0.360430 -0.097109 0.125112
v 0.360430 -0.097109 0.125112
v 0.360430 -0.097109 0.125112
v 0.386269 -0.095725 0.125165
v 0.386269 -0.095725 0.125165
v 0.386269 -0.095725 0.125165
v 0.386269 -0.095725 0.125165
v 0.360430 -0.095725 0.125161
v 0.360430 -0.095725 0.125161
v 0.360430 -0.095725 0.125161
v 0.386269 -0.094339 0.125185
v 0.386269 -0.094339 0.125185
v 0.386269 -0.094339 0.125185
v 0.386269 -0.094339 0.125185
v 0.386269 -0.094339 0.125185
v 0.360430 -0.094339 0.125180
v 0.360430 -0.094339 0.125180
v 0.360430 -0.094339 0.125180
v 0.360430 -0.094339 0.125180
v 0.360430 -0.094339 0.125180
v 0.386269 -0.092947 0.125173
v 0.386269 -0.092947 0.125173
v 0.386269 -0.092947 0.125173
v 0.360430 -0.092947 0.125168
v 0.360430 -0.092947 0.125168
v 0.360430 -0.092947 0.125168
v 0.360430 -0.092947 0.125168
v 0.360430 -0.092947 0.125168
v 0.386269 -0.091546 0.125127
v 0.386269 -0.091546 0.125127
v 0.386269 -0.091546 0.125127
v 0.360430 -0.091546 0.125123
v 0.360430 -0.091546 0.125123
v 0.360430 -0.091546 0.125123
v 0.360430 -0.091546 0.125123
v 0.386269 -0.090131 0.125047
v 0.386269 -0.090131 0.125047
v 0.386269 -0.090131 0.125047
v 0.386269 -0.090131 0.125047
v 0.360430 -0.090131 0.125043
v 0.360430 -0.090131 0.125043
v 0.360430 -0.090131 0.125043
v 0.360430 -0.090131 0.125043
v 0.386269 -0.088699 0.124932
v 0.386269 -0.088699 0.124932
v 0.386269 -0.088699 0.124932
v 0.386269 -0.088699 0.124932
v 0.386269 -0.088699 0.124932
v 0.360430 -0.088699 0.124927
v 0.360430 -0.088699 0.124927
v 0.360430 -0.088699 0.124927
v 0.360430 -0.088699 0.124927
v 0.360430 -0.088699 0.124927
v 0.360430 -0.088699 0.124927
v 0.386269 -0.087245 0.124780
v 0.386269 -0.087245 0.124780
v 0.386269 -0.087245 0.124780
v 0.386269 -0.087245 0.124780
v 0.386269 -0.087245 0.124780
v 0.360431 -0.087245 0.124776
v 0.360431 -0.087245 0.124776
v 0.360431 -0.087245 0.124776
v 0.360431 -0.087245 0.124776
v 0.360431 -0.087245 0.124776
v 0.386269 -0.085881 0.124609
v 0.386269 -0.085881 0.124609
v 0.386269 -0.085881 0.124609
v 0.386269 -0.085881 0.124609
v 0.386269 -0.085881 0.124609
v 0.360431 -0.085881 0.124604
v 0.360431 -0.085881 0.124604
v 0.360431 -0.085881 0.124604
v 0.360431 -0.085881 0.124604
v 0.360431 -0.085881 0.124604
v 0.386269 -0.083139 0.124183
v 0.386269 -0.083139 0.124183
v 0.386269 -0.083139 0.124183
v 0.386269 -0.083139 0.124183
v 0.360431 -0.083139 0.124179
v 0.360431 -0.083139 0.124179
v 0.360431 -0.083139 0.124179
v 0.360431 -0.083139 0.124179
v 0.360431 -0.083139 0.124179
v 0.386269 -0.081762 0.123933
v 0.386269 -0.081762 0.123933
v 0.386269 -0.081762 0.123933
v 0.360431 -0.081762 0.123929
v 0.360431 -0.081762 0.123929
v 0.360431 -0.081762 0.123929
v 0.360431 -0.081762 0.123929
v 0.386269 -0.077608 0.123058
v 0.386269 -0.077608 0.123058
v 0.386269 -0.077608 0.123058
v 0.386269 -0.077608 0.123058
v 0.360431 -0.077608 0.123054
v 0.360431 -0.077608 0.123054
v 0.360431 -0.077608 0.123054
v 0.360431 -0.077608 0.123054
v 0.386269 -0.076221 0.122732
v 0.386269 -0.076221 0.122732
v 0.386269 -0.076221 0.122732
v 0.386269 -0.076221 0.122732
v 0.360431 -0.076221 0.122728
v 0.360431 -0.076221 0.122728
v 0.360431 -0.076221 0.122728
v 0.360431 -0.076221 0.122728
v 0.386269 -0.074836 0.122393
v 0.386269 -0.074836 0.122393
v 0.386269 -0.074836 0.122393
v 0.386269 -0.074836 0.122393
v 0.360431 -0.074836 0.122389
v 0.360431 -0.074836 0.122389
v 0.360431 -0.074836 0.122389
v 0.386270 -0.073454 0.122042
v 0.386270 -0.073454 0.122042
v 0.386270 -0.073454 0.122042
v 0.386270 -0.073454 0.122042
v 0.360431 -0.073454 0.122038
v 0.360431 -0.073454 0.122038
v 0.360431 -0.073454 0.122038
v 0.386270 -0.069348 0.120941
v 0.386270 -0.069348 0.120941
v 0.386270 -0.069348 0.120941
v 0.360431 -0.069348 0.120937
v 0.360431 -0.069348 0.120937
v 0.360431 -0.069348 0.120937
v 0.386270 -0.067997 0.120563
v 0.386270 -0.067997 0.120563
v 0.386270 -0.067997 0.120563
v 0.360431 -0.067997 0.120559
v 0.360431 -0.067997 0.120559
v 0.360431 -0.067997 0.120559
v 0.386270 -0.061255 0.118596
v 0.386270 -0.061255 0.118596
v 0.386270 -0.061255 0.118596
v 0.386270 -0.061255 0.118596
v 0.360432 -0.061255 0.118592
v 0.360432 -0.061255 0.118592
v 0.360432 -0.061255 0.118592
v 0.360432 -0.061255 0.118592
v 0.386270 -0.059836 0.118169
v 0.386270 -0.059836 0.118169
v 0.386270 -0.059836 0.118169
v 0.386270 -0.059836 0.118169
v 0.360432 -0.059836 0.118165
v 0.360432 -0.059836 0.118165
v 0.360432 -0.059836 0.118165
v 0.360432 -0.059836 0.118165
v 0.386271 -0.046306 0.114003
v 0.386271 -0.046306 0.114003
v 0.386271 -0.046306 0.114003
v 0.360432 -0.046306 0.113999
v 0.360432 -0.046306 0.113999
v 0.360432 -0.046306 0.113999
v 0.360432 -0.046306 0.113999
v 0.386271 -0.044960 0.113592
v 0.386271 -0.044960 0.113592
v 0.386271 -0.044960 0.113592
v 0.386271 -0.044960 0.113592
v 0.360432 -0.044960 0.113588
v 0.360432 -0.044960 0.113588
v 0.360432 -0.044960 0.113588
v 0.386271 -0.035461 0.110764
v 0.386271 -0.035461 0.110764
v 0.386271 -0.035461 0.110764
v 0.360433 -0.035461 0.110760
v 0.360433 -0.035461 0.110760
v 0.360433 -0.035461 0.110760
v 0.386272 -0.034072 0.110364
v 0.386272 -0.034072 0.110364
v 0.386272 -0.034072 0.110364
v 0.360433 -0.034072 0.110359
v 0.360433 -0.034072 0.110359
v 0.360433 -0.034072 0.110359
v 0.386272 -0.030010 0.109220
v 0.386272 -0.030010 0.109220
v 0.386272 -0.030010 0.109220
v 0.360433 -0.030010 0.109215
v 0.360433 -0.030010 0.109215
v 0.360433 -0.030010 0.109215
v 0.386272 -0.028654 0.108850
v 0.386272 -0.028654 0.108850
v 0.386272 -0.028654 0.108850
v 0.360433 -0.028654 0.108846
v 0.360433 -0.028654 0.108846
v 0.360433 -0.028654 0.108846
v 0.386272 -0.027299 0.108490
v 0.386272 -0.027299 0.108490
v 0.386272 -0.027299 0.108490
v 0.360433 -0.027299 0.108485
v 0.360433 -0.027299 0.108485
v 0.360433 -0.027299 0.108485
v 0.386272 -0.025917 0.108137
v 0.386272 -0.025917 0.108137
v 0.386272 -0.025917 0.108137
v 0.386272 -0.025917 0.108137
v 0.360433 -0.025917 0.108133
v 0.360433 -0.025917 0.108133
v 0.360433 -0.025917 0.108133
v 0.360433 -0.025917 0.108133
v 0.386272 -0.024542 0.107811
v 0.386272 -0.024542 0.107811
v 0.386272 -0.024542 0.107811
v 0.360433 -0.024542 0.107806
v 0.360433 -0.024542 0.107806
v 0.360433 -0.024542 0.107806
v 0.386272 -0.023138 0.107570
v 0.386272 -0.023138 0.107570
v 0.386272 -0.023138 0.107570
v 0.360433 -0.023138 0.107565
v 0.360433 -0.023138 0.107565
v 0.360433 -0.023138 0.107565
v 0.386272 -0.021773 0.107880
v 0.386272 -0.021773 0.107880
v 0.386272 -0.021773 0.107880
v 0.360433 -0.021773 0.107876
v 0.360433 -0.021773 0.107876
v 0.360433 -0.021773 0.107876
v 0.386272 -0.020487 0.108497
v 0.386272 -0.020487 0.108497
v 0.386272 -0.020487 0.108497
v 0.360433 -0.020487 0.108492
v 0.360433 -0.020487 0.108492
v 0.360433 -0.020487 0.108492
v 0.386272 -0.019279 0.109264
v 0.386272 -0.019279 0.109264
v 0.386272 -0.019279 0.109264
v 0.360433 -0.019279 0.109259
v 0.360433 -0.019279 0.109259
v 0.360433 -0.019279 0.109259
v 0.386272 -0.018130 0.110156
v 0.386272 -0.018130 0.110156
v 0.386272 -0.018130 0.110156
v 0.360433 -0.018130 0.110152
v 0.360433 -0.018130 0.110152
v 0.360433 -0.018130 0.110152
v 0.386271 -0.017056 0.111170
v 0.386271 -0.017056 0.111170
v 0.386271 -0.017056 0.111170
v 0.360433 -0.017056 0.111166
v 0.360433 -0.017056 0.111166
v 0.360433 -0.017056 0.111166
v 0.386271 -0.015970 0.112132
v 0.386271 -0.015970 0.112132
v 0.386271 -0.015970 0.112132
v 0.386271 -0.015970 0.112132
v 0.386271 -0.015970 0.112132
v 0.360433 -0.015970 0.112128
v 0.360433 -0.015970 0.112128
v 0.360433 -0.015970 0.112128
v 0.360433 -0.015970 0.112128
v 0.360433 -0.015970 0.112128
v 0.360433 -0.015970 0.112128
v 0.386271 -0.014777 0.112913
v 0.386271 -0.014777 0.112913
v 0.386271 -0.014777 0.112913
v 0.386271 -0.014777 0.112913
v 0.360433 -0.014777 0.112908
v 0.360433 -0.014777 0.112908
v 0.360433 -0.014777 0.112908
v 0.386271 -0.013483 0.113501
v 0.386271 -0.013483 0.113501
v 0.386271 -0.013483 0.113501
v 0.386271 -0.013483 0.113501
v 0.360432 -0.013483 0.113496
v 0.360432 -0.013483 0.113496
v 0.360432 -0.013483 0.113496
v 0.360432 -0.013483 0.113496
v 0.360432 -0.013483 0.113496
v 0.386271 -0.012126 0.113933
v 0.386271 -0.012126 0.113933
v 0.386271 -0.012126 0.113933
v 0.386271 -0.012126 0.113933
v 0.360432 -0.012126 0.113928
v 0.360432 -0.012126 0.113928
v 0.360432 -0.012126 0.113928
v 0.386271 -0.010754 0.114253
v 0.386271 -0.010754 0.114253
v 0.386271 -0.010754 0.114253
v 0.360432 -0.010754 0.114248
v 0.360432 -0.010754 0.114248
v 0.360432 -0.010754 0.114248
v 0.386271 -0.009375 0.114502
v 0.386271 -0.009375 0.114502
v 0.386271 -0.009375 0.114502
v 0.360432 -0.009375 0.114497
v 0.360432 -0.009375 0.114497
v 0.360432 -0.009375 0.114497
v 0.386271 -0.005168 0.115029
v 0.386271 -0.005168 0.115029
v 0.386271 -0.005168 0.115029
v 0.386271 -0.005168 0.115029
v 0.360432 -0.005168 0.115024
v 0.360432 -0.005168 0.115024
v 0.360432 -0.005168 0.115024
v 0.360432 -0.005168 0.115024
v 0.386271 -0.003769 0.115163
v 0.386271 -0.003769 0.115163
v 0.386271 -0.003769 0.115163
v 0.360432 -0.003769 0.115158
v 0.360432 -0.003769 0.115158
v 0.360432 -0.003769 0.115158
v 0.386271 -0.002385 0.115284
v 0.386271 -0.002385 0.115284
v 0.386271 -0.002385 0.115284
v 0.360432 -0.002385 0.115280
v 0.360432 -0.002385 0.115280
v 0.360432 -0.002385 0.115280
v 0.386271 -0.000970 0.115401
v 0.386271 -0.000970 0.115401
v 0.386271 -0.000970 0.115401
v 0.360432 -0.000970 0.115396
v 0.360432 -0.000970 0.115396
v 0.360432 -0.000970 0.115396
v 0.386271 0.007447 0.116021
v 0.386271 0.007447 0.116021
v 0.386271 0.007447 0.116021
v 0.386271 0.007447 0.116021
v 0.360432 0.007447 0.116017
v 0.360432 0.007447 0.116017
v 0.360432 0.007447 0.116017
v 0.360432 0.007447 0.116017
v 0.386271 0.008844 0.116116
v 0.386271 0.008844 0.116116
v 0.386271 0.008844 0.116116
v 0.360432 0.008844 0.116112
v 0.360432 0.008844 0.116112
v 0.360432 0.008844 0.116112
v 0.386270 0.011704 0.116292
v 0.386270 0.011704 0.116292
v 0.386270 0.011704 0.116292
v 0.360432 0.011704 0.116288
v 0.360432 0.011704 0.116288
v 0.360432 0.011704 0.116288
v 0.386270 0.013084 0.116365
v 0.386270 0.013084 0.116365
v 0.386270 0.013084 0.116365
v 0.386270 0.013084 0.116365
v 0.360432 0.013084 0.116361
v 0.360432 0.013084 0.116361
v 0.360432 0.013084 0.116361
v 0.360432 0.013084 0.116361
v 0.386270 0.014486 0.116427
v 0.386270 0.014486 0.116427
v 0.386270 0.014486 0.116427
v 0.386270 0.014486 0.116427
v 0.360432 0.014486 0.116422
v 0.360432 0.014486 0.116422
v 0.360432 0.014486 0.116422
v 0.360432 0.014486 0.116422
v 0.386270 0.015904 0.116473
v 0.386270 0.015904 0.116473
v 0.386270 0.015904 0.116473
v 0.386270 0.015904 0.116473
v 0.386270 0.015904 0.116473
v 0.360432 0.015904 0.116469
v 0.360432 0.015904 0.116469
v 0.360432 0.015904 0.116469
v 0.360432 0.015904 0.116469
v 0.360432 0.015904 0.116469
v 0.386270 0.017271 0.116497
v 0.386270 0.017271 0.116497
v 0.386270 0.017271 0.116497
v 0.386270 0.017271 0.116497
v 0.386270 0.017271 0.116497
v 0.360432 0.017271 0.116492
v 0.360432 0.017271 0.116492
v 0.360432 0.017271 0.116492
v 0.360432 0.017271 0.116492
v 0.360432 0.017271 0.116492
v 0.386270 0.018702 0.116493
v 0.386270 0.018702 0.116493
v 0.386270 0.018702 0.116493
v 0.386270 0.018702 0.116493
v 0.386270 0.018702 0.116493
v 0.360432 0.018702 0.116489
v 0.360432 0.018702 0.116489
v 0.360432 0.018702 0.116489
v 0.360432 0.018702 0.116489
v 0.360432 0.018702 0.116489
v 0.360432 0.018702 0.116489
v 0.386270 0.020120 0.116453
v 0.386270 0.020120 0.116453
v 0.386270 0.020120 0.116453
v 0.386270 0.020120 0.116453
v 0.386270 0.020120 0.116453
v 0.386270 0.020120 0.116453
v 0.360432 0.020120 0.116448
v 0.360432 0.020120 0.116448
v 0.360432 0.020120 0.116448
v 0.360432 0.020120 0.116448
v 0.360432 0.020120 0.116448
v 0.386270 0.021519 0.116366
v 0.386270 0.021519 0.116366
v 0.386270 0.021519 0.116366
v 0.386270 0.021519 0.116366
v 0.360432 0.021519 0.116362
v 0.360432 0.021519 0.116362
v 0.360432 0.021519 0.116362
v 0.360432 0.021519 0.116362
v 0.386271 0.022894 0.116224
v 0.386271 0.022894 0.116224
v 0.386271 0.022894 0.116224
v 0.386271 0.022894 0.116224
v 0.360432 0.022894 0.116219
v 0.360432 0.022894 0.116219
v 0.360432 0.022894 0.116219
v 0.360432 0.022894 0.116219
v 0.386271 0.024337 0.116002
v 0.386271 0.024337 0.116002
v 0.386271 0.024337 0.116002
v 0.386271 0.024337 0.116002
v 0.360432 0.024337 0.115997
v 0.360432 0.024337 0.115997
v 0.360432 0.024337 0.115997
v 0.360432 0.024337 0.115997
v 0.386271 0.025722 0.115707
v 0.386271 0.025722 0.115707
v 0.386271 0.025722 0.115707
v 0.360432 0.025722 0.115702
v 0.360432 0.025722 0.115702
v 0.360432 0.025722 0.115702
v 0.386271 0.027066 0.115338
v 0.386271 0.027066 0.115338
v 0.386271 0.027066 0.115338
v 0.360432 0.027066 0.115334
v 0.360432 0.027066 0.115334
v 0.360432 0.027066 0.115334
v 0.386271 0.028387 0.114897
v 0.386271 0.028387 0.114897
v 0.386271 0.028387 0.114897
v 0.360432 0.028387 0.114893
v 0.360432 0.028387 0.114893
v 0.360432 0.028387 0.114893
v 0.386271 0.029741 0.114372
v 0.386271 0.029741 0.114372
v 0.386271 0.029741 0.114372
v 0.360432 0.029741 0.114367
v 0.360432 0.029741 0.114367
v 0.360432 0.029741 0.114367
v 0.386271 0.031063 0.113798
v 0.386271 0.031063 0.113798
v 0.386271 0.031063 0.113798
v 0.360432 0.031063 0.113793
v 0.360432 0.031063 0.113793
v 0.360432 0.031063 0.113793
v 0.386271 0.032315 0.113210
v 0.386271 0.032315 0.113210
v 0.386271 0.032315 0.113210
v 0.360432 0.032315 0.113206
v 0.360432 0.032315 0.113206
v 0.360432 0.032315 0.113206
v 0.360432 0.032315 0.113206
v 0.386271 0.036153 0.111252
v 0.386271 0.036153 0.111252
v 0.386271 0.036153 0.111252
v 0.360433 0.036153 0.111247
v 0.360433 0.036153 0.111247
v 0.360433 0.036153 0.111247
v 0.360433 0.036153 0.111247
v 0.386271 0.037429 0.110574
v 0.386271 0.037429 0.110574
v 0.386271 0.037429 0.110574
v 0.360433 0.037429 0.110570
v 0.360433 0.037429 0.110570
v 0.360433 0.037429 0.110570
v 0.386272 0.041193 0.108574
v 0.386272 0.041193 0.108574
v 0.386272 0.041193 0.108574
v 0.360433 0.041193 0.108570
v 0.360433 0.041193 0.108570
v 0.360433 0.041193 0.108570
v 0.386272 0.042465 0.107914
v 0.386272 0.042465 0.107914
v 0.386272 0.042465 0.107914
v 0.360433 0.042465 0.107909
v 0.360433 0.042465 0.107909
v 0.360433 0.042465 0.107909
v 0.386272 0.046289 0.105984
v 0.386272 0.046289 0.105984
v 0.386272 0.046289 0.105984
v 0.360434 0.046289 0.105979
v 0.360434 0.046289 0.105979
v 0.360434 0.046289 0.105979
v 0.386272 0.047567 0.105361
v 0.386272 0.047567 0.105361
v 0.386272 0.047567 0.105361
v 0.360434 0.047567 0.105357
v 0.360434 0.047567 0.105357
v 0.360434 0.047567 0.105357
v 0.386273 0.050175 0.104142
v 0.386273 0.050175 0.104142
v 0.386273 0.050175 0.104142
v 0.360434 0.050175 0.104138
v 0.360434 0.050175 0.104138
v 0.360434 0.050175 0.104138
v 0.386273 0.051468 0.103580
v 0.386273 0.051468 0.103580
v 0.386273 0.051468 0.103580
v 0.360434 0.051468 0.103576
v 0.360434 0.051468 0.103576
v 0.360434 0.051468 0.103576
v 0.360434 0.051468 0.103576
v 0.386273 0.052790 0.103082
v 0.386273 0.052790 0.103082
v 0.386273 0.052790 0.103082
v 0.360434 0.052790 0.103078
v 0.360434 0.052790 0.103078
v 0.360434 0.052790 0.103078
v 0.386273 0.054152 0.103247
v 0.386273 0.054152 0.103247
v 0.386273 0.054152 0.103247
v 0.360434 0.054152 0.103243
v 0.360434 0.054152 0.103243
v 0.360434 0.054152 0.103243
v 0.360434 0.054152 0.103243
v 0.386273 0.055476 0.103822
v 0.386273 0.055476 0.103822
v 0.386273 0.055476 0.103822
v 0.386273 0.055476 0.103822
v 0.360434 0.055476 0.103818
v 0.360434 0.055476 0.103818
v 0.360434 0.055476 0.103818
v 0.386273 0.056768 0.104442
v 0.386273 0.056768 0.104442
v 0.386273 0.056768 0.104442
v 0.360434 0.056768 0.104438
v 0.360434 0.056768 0.104438
v 0.360434 0.056768 0.104438
v 0.386272 0.058032 0.105080
v 0.386272 0.058032 0.105080
v 0.386272 0.058032 0.105080
v 0.360434 0.058032 0.105075
v 0.360434 0.058032 0.105075
v 0.360434 0.058032 0.105075
v 0.386272 0.063084 0.107798
v 0.386272 0.063084 0.107798
v 0.386272 0.063084 0.107798
v 0.360433 0.063084 0.107794
v 0.360433 0.063084 0.107794
v 0.360433 0.063084 0.107794
v 0.386272 0.064325 0.108498
v 0.386272 0.064325 0.108498
v 0.386272 0.064325 0.108498
v 0.360433 0.064325 0.108493
v 0.360433 0.064325 0.108493
v 0.360433 0.064325 0.108493
v 0.386271 0.068054 0.110639
v 0.386271 0.068054 0.110639
v 0.386271 0.068054 0.110639
v 0.360433 0.068054 0.110635
v 0.360433 0.068054 0.110635
v 0.360433 0.068054 0.110635
v 0.386271 0.069306 0.111334
v 0.386271 0.069306 0.111334
v 0.386271 0.069306 0.111334
v 0.386271 0.069306 0.111334
v 0.360433 0.069306 0.111329
v 0.360433 0.069306 0.111329
v 0.360433 0.069306 0.111329
v 0.360433 0.069306 0.111329
v 0.386271 0.071832 0.112678
v 0.386271 0.071832 0.112678
v 0.386271 0.071832 0.112678
v 0.360433 0.071832 0.112674
v 0.360433 0.071832 0.112674
v 0.360433 0.071832 0.112674
v 0.360433 0.071832 0.112674
v 0.386271 0.073105 0.113328
v 0.386271 0.073105 0.113328
v 0.386271 0.073105 0.113328
v 0.386271 0.073105 0.113328
v 0.386271 0.073105 0.113328
v 0.360432 0.073105 0.113324
v 0.360432 0.073105 0.113324
v 0.360432 0.073105 0.113324
v 0.360432 0.073105 0.113324
v 0.386271 0.074385 0.113964
v 0.386271 0.074385 0.113964
v 0.386271 0.074385 0.113964
v 0.360432 0.074385 0.113959
v 0.360432 0.074385 0.113959
v 0.360432 0.074385 0.113959
v 0.360432 0.074385 0.113959
v 0.386271 0.075672 0.114585
v 0.386271 0.075672 0.114585
v 0.386271 0.075672 0.114585
v 0.386271 0.075672 0.114585
v 0.360432 0.075672 0.114580
v 0.360432 0.075672 0.114580
v 0.360432 0.075672 0.114580
v 0.386271 0.078262 0.115783
v 0.386271 0.078262 0.115783
v 0.386271 0.078262 0.115783
v 0.386271 0.078262 0.115783
v 0.360432 0.078262 0.115779
v 0.360432 0.078262 0.115779
v 0.360432 0.078262 0.115779
v 0.360432 0.078262 0.115779
v 0.386270 0.079565 0.116361
v 0.386270 0.079565 0.116361
v 0.386270 0.079565 0.116361
v 0.386270 0.079565 0.116361
v 0.360432 0.079565 0.116357
v 0.360432 0.079565 0.116357
v 0.360432 0.079565 0.116357
v 0.360432 0.079565 0.116357
v 0.386270 0.083507 0.118010
v 0.386270 0.083507 0.118010
v 0.386270 0.083507 0.118010
v 0.386270 0.083507 0.118010
v 0.360432 0.083507 0.118005
v 0.360432 0.083507 0.118005
v 0.360432 0.083507 0.118005
v 0.360432 0.083507 0.118005
v 0.386270 0.084830 0.118531
v 0.386270 0.084830 0.118531
v 0.386270 0.084830 0.118531
v 0.360432 0.084830 0.118527
v 0.360432 0.084830 0.118527
v 0.360432 0.084830 0.118527
v 0.386270 0.088827 0.120014
v 0.386270 0.088827 0.120014
v 0.386270 0.088827 0.120014
v 0.386270 0.088827 0.120014
v 0.386270 0.088827 0.120014
v 0.360431 0.088827 0.120009
v 0.360431 0.088827 0.120009
v 0.360431 0.088827 0.120009
v 0.360431 0.088827 0.120009
v 0.360431 0.088827 0.120009
v 0.386270 0.090167 0.120480
v 0.386270 0.090167 0.120480
v 0.386270 0.090167 0.120480
v 0.386270 0.090167 0.120480
v 0.360431 0.090167 0.120476
v 0.360431 0.090167 0.120476
v 0.360431 0.090167 0.120476
v 0.360431 0.090167 0.120476
v 0.360431 0.090167 0.120476
v 0.360431 0.090167 0.120476
v 0.386270 0.091511 0.120933
v 0.386270 0.091511 0.120933
v 0.386270 0.091511 0.120933
v 0.360431 0.091511 0.120929
v 0.360431 0.091511 0.120929
v 0.360431 0.091511 0.120929
v 0.386270 0.092859 0.121373
v 0.386270 0.092859 0.121373
v 0.386270 0.092859 0.121373
v 0.360431 0.092859 0.121368
v 0.360431 0.092859 0.121368
v 0.360431 0.092859 0.121368
v 0.386269 0.095566 0.122211
v 0.386269 0.095566 0.122211
v 0.386269 0.095566 0.122211
v 0.360431 0.095566 0.122206
v 0.360431 0.095566 0.122206
v 0.360431 0.095566 0.122206
v 0.386269 0.096924 0.122610
v 0.386269 0.096924 0.122610
v 0.386269 0.096924 0.122610
v 0.360431 0.096924 0.122605
v 0.360431 0.096924 0.122605
v 0.360431 0.096924 0.122605
v 0.360431 0.096924 0.122605
v 0.386269 0.101018 0.123725
v 0.386269 0.101018 0.123725
v 0.386269 0.101018 0.123725
v 0.386269 0.101018 0.123725
v 0.360431 0.101018 0.123720
v 0.360431 0.101018 0.123720
v 0.360431 0.101018 0.123720
v 0.360431 0.101018 0.123720
v 0.360431 0.101018 0.123720
v 0.386269 0.102388 0.124070
v 0.386269 0.102388 0.124070
v 0.386269 0.102388 0.124070
v 0.386269 0.102388 0.124070
v 0.360431 0.102388 0.124065
v 0.360431 0.102388 0.124065
v 0.360431 0.102388 0.124065
v 0.386269 0.106516 0.125022
v 0.386269 0.106516 0.125022
v 0.386269 0.106516 0.125022
v 0.360430 0.106516 0.125018
v 0.360430 0.106516 0.125018
v 0.360430 0.106516 0.125018
v 0.386269 0.107897 0.125312
v 0.386269 0.107897 0.125312
v 0.386269 0.107897 0.125312
v 0.360430 0.107897 0.125308
v 0.360430 0.107897 0.125308
v 0.360430 0.107897 0.125308
v 0.386269 0.112054 0.126101
v 0.386269 0.112054 0.126101
v 0.386269 0.112054 0.126101
v 0.360430 0.112054 0.126096
v 0.360430 0.112054 0.126096
v 0.360430 0.112054 0.126096
v 0.386269 0.113444 0.126336
v 0.386269 0.113444 0.126336
v 0.386269 0.113444 0.126336
v 0.360430 0.113444 0.126331
v 0.360430 0.113444 0.126331
v 0.360430 0.113444 0.126331
v 0.386269 0.114836 0.126556
v 0.386269 0.114836 0.126556
v 0.386269 0.114836 0.126556
v 0.360430 0.114836 0.126552
v 0.360430 0.114836 0.126552
v 0.360430 0.114836 0.126552
v 0.360430 0.114836 0.126552
v 0.386269 0.116230 0.126763
v 0.386269 0.116230 0.126763
v 0.386269 0.116230 0.126763
v 0.386269 0.116230 0.126763
v 0.360430 0.116230 0.126759
v 0.360430 0.116230 0.126759
v 0.360430 0.116230 0.126759
v 0.386269 0.120423 0.127297
v 0.386269 0.120423 0.127297
v 0.386269 0.120423 0.127297
v 0.360430 0.120423 0.127293
v 0.360430 0.120423 0.127293
v 0.360430 0.120423 0.127293
v 0.386269 0.121823 0.127446
v 0.386269 0.121823 0.127446
v 0.386269 0.121823 0.127446
v 0.360430 0.121823 0.127442
v 0.360430 0.121823 0.127442
v 0.360430 0.121823 0.127442
v 0.386269 0.123225 0.127580
v 0.386269 0.123225 0.127580
v 0.386269 0.123225 0.127580
v 0.360430 0.123225 0.127576
v 0.360430 0.123225 0.127576
v 0.360430 0.123225 0.127576
v 0.386269 0.124628 0.127699
v 0.386269 0.124628 0.127699
v 0.386269 0.124628 0.127699
v 0.360430 0.124628 0.127695
v 0.360430 0.124628 0.127695
v 0.360430 0.124628 0.127695
v 0.386269 0.127437 0.127892
v 0.386269 0.127437 0.127892
v 0.386269 0.127437 0.127892
v 0.360430 0.127437 0.127888
v 0.360430 0.127437 0.127888
v 0.360430 0.127437 0.127888
v 0.360430 0.127437 0.127888
v 0.386268 0.128842 0.127965
v 0.386268 0.128842 0.127965
v 0.386268 0.128842 0.127965
v 0.386268 0.128842 0.127965
v 0.360430 0.128842 0.127961
v 0.360430 0.128842 0.127961
v 0.360430 0.128842 0.127961
v 0.386268 0.130248 0.128023
v 0.386268 0.130248 0.128023
v 0.386268 0.130248 0.128023
v 0.360430 0.130248 0.128018
v 0.360430 0.130248 0.128018
v 0.360430 0.130248 0.128018
v 0.360430 0.130248 0.128018
v 0.386268 0.131655 0.128064
v 0.386268 0.131655 0.128064
v 0.386268 0.131655 0.128064
v 0.386268 0.131655 0.128064
v 0.360430 0.131655 0.128060
v 0.360430 0.131655 0.128060
v 0.360430 0.131655 0.128060
v 0.386268 0.138711 0.128112
v 0.386268 0.138711 0.128112
v 0.386268 0.138711 0.128112
v 0.360430 0.138711 0.128107
v 0.360430 0.138711 0.128107
v 0.360430 0.138711 0.128107
v 0.360430 0.138711 0.128107
v 0.386268 0.140081 0.128099
v 0.386268 0.140081 0.128099
v 0.386268 0.140081 0.128099
v 0.386268 0.140081 0.128099
v 0.360430 0.140081 0.128095
v 0.360430 0.140081 0.128095
v 0.360430 0.140081 0.128095
v 0.360430 0.140081 0.128095
v 0.386268 0.142909 0.128017
v 0.386268 0.142909 0.128017
v 0.386268 0.142909 0.128017
v 0.386268 0.142909 0.128017
v 0.386268 0.142909 0.128017
v 0.386268 0.142909 0.128017
v 0.360430 0.142909 0.128012
v 0.360430 0.142909 0.128012
v 0.360430 0.142909 0.128012
v 0.360430 0.142909 0.128012
v 0.360430 0.142909 0.128012
v 0.386268 0.144336 0.127924
v 0.386268 0.144336 0.127924
v 0.386268 0.144336 0.127924
v 0.360430 0.144336 0.127919
v 0.360430 0.144336 0.127919
v 0.360430 0.144336 0.127919
v 0.386269 0.145720 0.127780
v 0.386269 0.145720 0.127780
v 0.386269 0.145720 0.127780
v 0.360430 0.145720 0.127776
v 0.360430 0.145720 0.127776
v 0.360430 0.145720 0.127776
v 0.386269 0.147112 0.127562
v 0.386269 0.147112 0.127562
v 0.386269 0.147112 0.127562
v 0.360430 0.147112 0.127557
v 0.360430 0.147112 0.127557
v 0.360430 0.147112 0.127557
v 0.386269 0.148469 0.127256
v 0.386269 0.148469 0.127256
v 0.386269 0.148469 0.127256
v 0.360430 0.148469 0.127251
v 0.360430 0.148469 0.127251
v 0.360430 0.148469 0.127251
v 0.360430 0.148469 0.127251
v 0.386269 0.149861 0.126832
v 0.386269 0.149861 0.126832
v 0.386269 0.149861 0.126832
v 0.386269 0.149861 0.126832
v 0.360430 0.149861 0.126828
v 0.360430 0.149861 0.126828
v 0.360430 0.149861 0.126828
v 0.386269 0.151178 0.126329
v 0.386269 0.151178 0.126329
v 0.386269 0.151178 0.126329
v 0.360430 0.151178 0.126325
v 0.360430 0.151178 0.126325
v 0.360430 0.151178 0.126325
v 0.386269 0.152478 0.125749
v 0.386269 0.152478 0.125749
v 0.386269 0.152478 0.125749
v 0.360430 0.152478 0.125744
v 0.360430 0.152478 0.125744
v 0.360430 0.152478 0.125744
v 0.386269 0.153757 0.125116
v 0.386269 0.153757 0.125116
v 0.386269 0.153757 0.125116
v 0.360430 0.153757 0.125111
v 0.360430 0.153757 0.125111
v 0.360430 0.153757 0.125111
v 0.386269 0.155012 0.124455
v 0.386269 0.155012 0.124455
v 0.386269 0.155012 0.124455
v 0.360431 0.155012 0.124451
v 0.360431 0.155012 0.124451
v 0.360431 0.155012 0.124451
v 0.386270 0.160026 0.121667
v 0.386270 0.160026 0.121667
v 0.386270 0.160026 0.121667
v 0.360431 0.160026 0.121663
v 0.360431 0.160026 0.121663
v 0.360431 0.160026 0.121663
v 0.386270 0.161266 0.120990
v 0.386270 0.161266 0.120990
v 0.386270 0.161266 0.120990
v 0.360431 0.161266 0.120986
v 0.360431 0.161266 0.120986
v 0.360431 0.161266 0.120986
v 0.360431 0.161266 0.120986
v 0.386270 0.162550 0.120309
v 0.386270 0.162550 0.120309
v 0.386270 0.162550 0.120309
v 0.386270 0.162550 0.120309
v 0.360431 0.162550 0.120305
v 0.360431 0.162550 0.120305
v 0.360431 0.162550 0.120305
v 0.386270 0.163827 0.119656
v 0.386270 0.163827 0.119656
v 0.386270 0.163827 0.119656
v 0.360431 0.163827 0.119652
v 0.360431 0.163827 0.119652
v 0.360431 0.163827 0.119652
v 0.386270 0.165112 0.119031
v 0.386270 0.165112 0.119031
v 0.386270 0.165112 0.119031
v 0.360432 0.165112 0.119026
v 0.360432 0.165112 0.119026
v 0.360432 0.165112 0.119026
v 0.386270 0.166395 0.118448
v 0.386270 0.166395 0.118448
v 0.386270 0.166395 0.118448
v 0.360432 0.166395 0.118444
v 0.360432 0.166395 0.118444
v 0.360432 0.166395 0.118444
v 0.386270 0.167711 0.117910
v 0.386270 0.167711 0.117910
v 0.386270 0.167711 0.117910
v 0.360432 0.167711 0.117905
v 0.360432 0.167711 0.117905
v 0.360432 0.167711 0.117905
v 0.386270 0.169055 0.117444
v 0.386270 0.169055 0.117444
v 0.386270 0.169055 0.117444
v 0.360432 0.169055 0.117439
v 0.360432 0.169055 0.117439
v 0.360432 0.169055 0.117439
v 0.386270 0.170436 0.117097
v 0.386270 0.170436 0.117097
v 0.386270 0.170436 0.117097
v 0.360432 0.170436 0.117092
v 0.360432 0.170436 0.117092
v 0.360432 0.170436 0.117092
v 0.386270 0.171825 0.116959
v 0.386270 0.171825 0.116959
v 0.386270 0.171825 0.116959
v 0.360432 0.171825 0.116954
v 0.360432 0.171825 0.116954
v 0.360432 0.171825 0.116954
v 0.386270 0.173222 0.117190
v 0.386270 0.173222 0.117190
v 0.386270 0.173222 0.117190
v 0.360432 0.173222 0.117186
v 0.360432 0.173222 0.117186
v 0.360432 0.173222 0.117186
v 0.386270 0.174421 0.117959
v 0.386270 0.174421 0.117959
v 0.386270 0.174421 0.117959
v 0.360432 0.174421 0.117955
v 0.360432 0.174421 0.117955
v 0.360432 0.174421 0.117955
v 0.386270 0.175275 0.119160
v 0.386270 0.175275 0.119160
v 0.386270 0.175275 0.119160
v 0.360431 0.175275 0.119156
v 0.360431 0.175275 0.119156
v 0.360431 0.175275 0.119156
v 0.386270 0.175849 0.120544
v 0.386270 0.175849 0.120544
v 0.386270 0.175849 0.120544
v 0.360431 0.175849 0.120540
v 0.360431 0.175849 0.120540
v 0.360431 0.175849 0.120540
v 0.386270 0.176439 0.121925
v 0.386270 0.176439 0.121925
v 0.386270 0.176439 0.121925
v 0.360431 0.176439 0.121921
v 0.360431 0.176439 0.121921
v 0.360431 0.176439 0.121921
v 0.386269 0.177266 0.123193
v 0.386269 0.177266 0.123193
v 0.386269 0.177266 0.123193
v 0.360431 0.177266 0.123188
v 0.360431 0.177266 0.123188
v 0.360431 0.177266 0.123188
v 0.386269 0.178330 0.124155
v 0.386269 0.178330 0.124155
v 0.386269 0.178330 0.124155
v 0.360431 0.178330 0.124151
v 0.360431 0.178330 0.124151
v 0.360431 0.178330 0.124151
v 0.386269 0.179591 0.124811
v 0.386269 0.179591 0.124811
v 0.386269 0.179591 0.124811
v 0.360431 0.179591 0.124807
v 0.360431 0.179591 0.124807
v 0.360431 0.179591 0.124807
v 0.386269 0.180968 0.125231
v 0.386269 0.180968 0.125231
v 0.386269 0.180968 0.125231
v 0.360430 0.180968 0.125227
v 0.360430 0.180968 0.125227
v 0.360430 0.180968 0.125227
v 0.386269 0.182336 0.125485
v 0.386269 0.182336 0.125485
v 0.386269 0.182336 0.125485
v 0.360430 0.182336 0.125480
v 0.360430 0.182336 0.125480
v 0.360430 0.182336 0.125480
v 0.386269 0.183734 0.125646
v 0.386269 0.183734 0.125646
v 0.386269 0.183734 0.125646
v 0.360430 0.183734 0.125642
v 0.360430 0.183734 0.125642
v 0.360430 0.183734 0.125642
v 0.386269 0.185135 0.125746
v 0.386269 0.185135 0.125746
v 0.386269 0.185135 0.125746
v 0.386269 0.185135 0.125746
v 0.360430 0.185135 0.125741
v 0.360430 0.185135 0.125741
v 0.360430 0.185135 0.125741
v 0.360430 0.185135 0.125741
v 0.360430 0.185135 0.125741
v 0.386269 0.186549 0.125805
v 0.386269 0.186549 0.125805
v 0.386269 0.186549 0.125805
v 0.386269 0.186549 0.125805
v 0.386269 0.186549 0.125805
v 0.360430 0.186549 0.125801
v 0.360430 0.186549 0.125801
v 0.360430 0.186549 0.125801
v 0.360430 0.186549 0.125801
v 0.386269 0.187961 0.125836
v 0.386269 0.187961 0.125836
v 0.386269 0.187961 0.125836
v 0.360430 0.187961 0.125831
v 0.360430 0.187961 0.125831
v 0.360430 0.187961 0.125831
v 0.386269 0.192189 0.125831
v 0.386269 0.192189 0.125831
v 0.386269 0.192189 0.125831
v 0.386269 0.192189 0.125831
v 0.360430 0.192189 0.125827
v 0.360430 0.192189 0.125827
v 0.360430 0.192189 0.125827
v 0.360430 0.192189 0.125827
v 0.386269 0.193609 0.125806
v 0.386269 0.193609 0.125806
v 0.386269 0.193609 0.125806
v 0.386269 0.193609 0.125806
v 0.360430 0.193609 0.125802
v 0.360430 0.193609 0.125802
v 0.360430 0.193609 0.125802
v 0.360430 0.193609 0.125802
v 0.386269 0.196416 0.125713
v 0.386269 0.196416 0.125713
v 0.386269 0.196416 0.125713
v 0.386269 0.196416 0.125713
v 0.360430 0.196416 0.125708
v 0.360430 0.196416 0.125708
v 0.360430 0.196416 0.125708
v 0.386269 0.197799 0.125641
v 0.386269 0.197799 0.125641
v 0.386269 0.197799 0.125641
v 0.360430 0.197799 0.125636
v 0.360430 0.197799 0.125636
v 0.360430 0.197799 0.125636
v 0.360430 0.197799 0.125636
v 0.386269 0.199191 0.125547
v 0.386269 0.199191 0.125547
v 0.386269 0.199191 0.125547
v 0.386269 0.199191 0.125547
v 0.360430 0.199191 0.125542
v 0.360430 0.199191 0.125542
v 0.360430 0.199191 0.125542
v 0.386269 0.200594 0.125426
v 0.386269 0.200594 0.125426
v 0.386269 0.200594 0.125426
v 0.360430 0.200594 0.125421
v 0.360430 0.200594 0.125421
v 0.360430 0.200594 0.125421
v 0.386269 0.202009 0.125273
v 0.386269 0.202009 0.125273
v 0.386269 0.202009 0.125273
v 0.360430 0.202009 0.125268
v 0.360430 0.202009 0.125268
v 0.360430 0.202009 0.125268
v 0.386269 0.203431 0.125081
v 0.386269 0.203431 0.125081
v 0.386269 0.203431 0.125081
v 0.360430 0.203431 0.125076
v 0.360430 0.203431 0.125076
v 0.360430 0.203431 0.125076
v 0.386269 0.204802 0.124852
v 0.386269 0.204802 0.124852
v 0.386269 0.204802 0.124852
v 0.360431 0.204802 0.124847
v 0.360431 0.204802 0.124847
v 0.360431 0.204802 0.124847
v 0.386269 0.206175 0.124570
v 0.386269 0.206175 0.124570
v 0.386269 0.206175 0.124570
v 0.360431 0.206175 0.124566
v 0.360431 0.206175 0.124566
v 0.360431 0.206175 0.124566
v 0.386269 0.207542 0.124225
v 0.386269 0.207542 0.124225
v 0.386269 0.207542 0.124225
v 0.360431 0.207542 0.124221
v 0.360431 0.207542 0.124221
v 0.360431 0.207542 0.124221
v 0.386269 0.208890 0.123808
v 0.386269 0.208890 0.123808
v 0.386269 0.208890 0.123808
v 0.360431 0.208890 0.123803
v 0.360431 0.208890 0.123803
v 0.360431 0.208890 0.123803
v 0.386269 0.210208 0.123306
v 0.386269 0.210208 0.123306
v 0.386269 0.210208 0.123306
v 0.360431 0.210208 0.123302
v 0.360431 0.210208 0.123302
v 0.360431 0.210208 0.123302
v 0.386269 0.211526 0.122689
v 0.386269 0.211526 0.122689
v 0.386269 0.211526 0.122689
v 0.360431 0.211526 0.122684
v 0.360431 0.211526 0.122684
v 0.360431 0.211526 0.122684
v 0.386270 0.212771 0.121971
v 0.386270 0.212771 0.121971
v 0.386270 0.212771 0.121971
v 0.360431 0.212771 0.121966
v 0.360431 0.212771 0.121966
v 0.360431 0.212771 0.121966
v 0.386270 0.213942 0.121147
v 0.386270 0.213942 0.121147
v 0.386270 0.213942 0.121147
v 0.360431 0.213942 0.121143
v 0.360431 0.213942 0.121143
v 0.360431 0.213942 0.121143
v 0.386270 0.215051 0.120203
v 0.386270 0.215051 0.120203
v 0.386270 0.215051 0.120203
v 0.360431 0.215051 0.120198
v 0.360431 0.215051 0.120198
v 0.360431 0.215051 0.120198
v 0.386270 0.216098 0.119135
v 0.386270 0.216098 0.119135
v 0.386270 0.216098 0.119135
v 0.360431 0.216098 0.119130
v 0.360431 0.216098 0.119130
v 0.360431 0.216098 0.119130
v 0.386270 0.217016 0.118034
v 0.386270 0.217016 0.118034
v 0.386270 0.217016 0.118034
v 0.360432 0.217016 0.118030
v 0.360432 0.217016 0.118030
v 0.360432 0.217016 0.118030
v 0.386271 0.220661 0.113345
v 0.386271 0.220661 0.113345
v 0.386271 0.220661 0.113345
v 0.360432 0.220661 0.113341
v 0.360432 0.220661 0.113341
v 0.360432 0.220661 0.113341
v 0.386271 0.221570 0.112188
v 0.386271 0.221570 0.112188
v 0.386271 0.221570 0.112188
v 0.360433 0.221570 0.112183
v 0.360433 0.221570 0.112183
v 0.360433 0.221570 0.112183
v 0.360433 0.221570 0.112183
v 0.386272 0.223407 0.109899
v 0.386272 0.223407 0.109899
v 0.386272 0.223407 0.109899
v 0.386272 0.223407 0.109899
v 0.360433 0.223407 0.109894
v 0.360433 0.223407 0.109894
v 0.360433 0.223407 0.109894
v 0.386272 0.224360 0.108758
v 0.386272 0.224360 0.108758
v 0.386272 0.224360 0.108758
v 0.360433 0.224360 0.108753
v 0.360433 0.224360 0.108753
v 0.360433 0.224360 0.108753
v 0.386272 0.225333 0.107656
v 0.386272 0.225333 0.107656
v 0.386272 0.225333 0.107656
v 0.360433 0.225333 0.107652
v 0.360433 0.225333 0.107652
v 0.360433 0.225333 0.107652
v 0.386272 0.226354 0.106608
v 0.386272 0.226354 0.106608
v 0.386272 0.226354 0.106608
v 0.360434 0.226354 0.106603
v 0.360434 0.226354 0.106603
v 0.360434 0.226354 0.106603
v 0.386272 0.227465 0.105667
v 0.386272 0.227465 0.105667
v 0.386272 0.227465 0.105667
v 0.360434 0.227465 0.105662
v 0.360434 0.227465 0.105662
v 0.360434 0.227465 0.105662
v 0.386272 0.228727 0.104953
v 0.386272 0.228727 0.104953
v 0.386272 0.228727 0.104953
v 0.360434 0.228727 0.104949
v 0.360434 0.228727 0.104949
v 0.360434 0.228727 0.104949
v 0.386272 0.230082 0.104608
v 0.386272 0.230082 0.104608
v 0.386272 0.230082 0.104608
v 0.360434 0.230082 0.104603
v 0.360434 0.230082 0.104603
v 0.360434 0.230082 0.104603
v 0.386273 0.231488 0.104518
v 0.386273 0.231488 0.104518
v 0.386273 0.231488 0.104518
v 0.360434 0.231488 0.104514
v 0.360434 0.231488 0.104514
v 0.360434 0.231488 0.104514
v 0.386273 0.232891 0.104513
v 0.386273 0.232891 0.104513
v 0.386273 0.232891 0.104513
v 0.360434 0.232891 0.104509
v 0.360434 0.232891 0.104509
v 0.360434 0.232891 0.104509
v 0.386273 0.234308 0.104459
v 0.386273 0.234308 0.104459
v 0.386273 0.234308 0.104459
v 0.360434 0.234308 0.104455
v 0.360434 0.234308 0.104455
v 0.360434 0.234308 0.104455
v 0.360434 0.234308 0.104455
v 0.386273 0.235705 0.104334
v 0.386273 0.235705 0.104334
v 0.386273 0.235705 0.104334
v 0.386273 0.235705 0.104334
v 0.360434 0.235705 0.104330
v 0.360434 0.235705 0.104330
v 0.360434 0.235705 0.104330
v 0.386273 0.237099 0.104159
v 0.386273 0.237099 0.104159
v 0.386273 0.237099 0.104159
v 0.360434 0.237099 0.104154
v 0.360434 0.237099 0.104154
v 0.360434 0.237099 0.104154
v 0.360434 0.237099 0.104154
v 0.386273 0.238497 0.103939
v 0.386273 0.238497 0.103939
v 0.386273 0.238497 0.103939
v 0.386273 0.238497 0.103939
v 0.360434 0.238497 0.103934
v 0.360434 0.238497 0.103934
v 0.360434 0.238497 0.103934
v 0.386273 0.239875 0.103681
v 0.386273 0.239875 0.103681
v 0.386273 0.239875 0.103681
v 0.360434 0.239875 0.103677
v 0.360434 0.239875 0.103677
v 0.360434 0.239875 0.103677
v 0.386273 0.241254 0.103380
v 0.386273 0.241254 0.103380
v 0.386273 0.241254 0.103380
v 0.360434 0.241254 0.103375
v 0.360434 0.241254 0.103375
v 0.360434 0.241254 0.103375
v 0.386273 0.242631 0.103026
v 0.386273 0.242631 0.103026
v 0.386273 0.242631 0.103026
v 0.360434 0.242631 0.103021
v 0.360434 0.242631 0.103021
v 0.360434 0.242631 0.103021
v 0.386273 0.243971 0.102615
v 0.386273 0.243971 0.102615
v 0.386273 0.243971 0.102615
v 0.360434 0.243971 0.102611
v 0.360434 0.243971 0.102611
v 0.360434 0.243971 0.102611
v 0.386273 0.245332 0.102228
v 0.386273 0.245332 0.102228
v 0.386273 0.245332 0.102228
v 0.360434 0.245332 0.102224
v 0.360434 0.245332 0.102224
v 0.360434 0.245332 0.102224
v 0.386273 0.246727 0.101930
v 0.386273 0.246727 0.101930
v 0.386273 0.246727 0.101930
v 0.360434 0.246727 0.101925
v 0.360434 0.246727 0.101925
v 0.360434 0.246727 0.101925
v 0.386273 0.248129 0.101757
v 0.386273 0.248129 0.101757
v 0.386273 0.248129 0.101757
v 0.360434 0.248129 0.101753
v 0.360434 0.248129 0.101753
v 0.360434 0.248129 0.101753
v 0.386273 0.249527 0.101734
v 0.386273 0.249527 0.101734
v 0.386273 0.249527 0.101734
v 0.360434 0.249527 0.101729
v 0.360434 0.249527 0.101729
v 0.360434 0.249527 0.101729
v 0.386273 0.250922 0.101864
v 0.386273 0.250922 0.101864
v 0.386273 0.250922 0.101864
v 0.360434 0.250922 0.101859
v 0.360434 0.250922 0.101859
v 0.360434 0.250922 0.101859
v 0.386273 0.252312 0.102132
v 0.386273 0.252312 0.102132
v 0.386273 0.252312 0.102132
v 0.360434 0.252312 0.102128
v 0.360434 0.252312 0.102128
v 0.360434 0.252312 0.102128
v 0.386273 0.253682 0.102509
v 0.386273 0.253682 0.102509
v 0.386273 0.253682 0.102509
v 0.360434 0.253682 0.102505
v 0.360434 0.253682 0.102505
v 0.360434 0.253682 0.102505
v 0.386273 0.255022 0.102942
v 0.386273 0.255022 0.102942
v 0.386273 0.255022 0.102942
v 0.360434 0.255022 0.102937
v 0.360434 0.255022 0.102937
v 0.360434 0.255022 0.102937
v 0.386273 0.256392 0.103333
v 0.386273 0.256392 0.103333
v 0.386273 0.256392 0.103333
v 0.360434 0.256392 0.103328
v 0.360434 0.256392 0.103328
v 0.360434 0.256392 0.103328
v 0.386273 0.257765 0.103611
v 0.386273 0.257765 0.103611
v 0.386273 0.257765 0.103611
v 0.360434 0.257765 0.103607
v 0.360434 0.257765 0.103607
v 0.360434 0.257765 0.103607
v 0.386273 0.259180 0.103680
v 0.386273 0.259180 0.103680
v 0.386273 0.259180 0.103680
v 0.360434 0.259180 0.103675
v 0.360434 0.259180 0.103675
v 0.360434 0.259180 0.103675
v 0.386273 0.260551 0.103322
v 0.386273 0.260551 0.103322
v 0.386273 0.260551 0.103322
v 0.360434 0.260551 0.103318
v 0.360434 0.260551 0.103318
v 0.360434 0.260551 0.103318
v 0.386273 0.261640 0.102385
v 0.386273 0.261640 0.102385
v 0.386273 0.261640 0.102385
v 0.360434 0.261640 0.102380
v 0.360434 0.261640 0.102380
v 0.360434 0.261640 0.102380
v 0.386273 0.262339 0.101075
v 0.386273 0.262339 0.101075
v 0.386273 0.262339 0.101075
v 0.360435 0.262339 0.101071
v 0.360435 0.262339 0.101071
v 0.360435 0.262339 0.101071
v 0.386273 0.262776 0.099605
v 0.386273 0.262776 0.099605
v 0.386273 0.262776 0.099605
v 0.360435 0.262776 0.099601
v 0.360435 0.262776 0.099601
v 0.360435 0.262776 0.099601
v 0.386274 0.263048 0.098127
v 0.386274 0.263048 0.098127
v 0.386274 0.263048 0.098127
v 0.360435 0.263048 0.098122
v 0.360435 0.263048 0.098122
v 0.360435 0.263048 0.098122
v 0.386274 0.263229 0.096622
v 0.386274 0.263229 0.096622
v 0.386274 0.263229 0.096622
v 0.360435 0.263229 0.096618
v 0.360435 0.263229 0.096618
v 0.360435 0.263229 0.096618
v 0.386274 0.263352 0.095079
v 0.386274 0.263352 0.095079
v 0.386274 0.263352 0.095079
v 0.360436 0.263352 0.095074
v 0.360436 0.263352 0.095074
v 0.360436 0.263352 0.095074
v 0.386274 0.263432 0.093557
v 0.386274 0.263432 0.093557
v 0.386274 0.263432 0.093557
v 0.360436 0.263432 0.093553
v 0.360436 0.263432 0.093553
v 0.360436 0.263432 0.093553
v 0.386275 0.263483 0.092018
v 0.386275 0.263483 0.092018
v 0.386275 0.263483 0.092018
v 0.360436 0.263483 0.092014
v 0.360436 0.263483 0.092014
v 0.360436 0.263483 0.092014
v 0.386275 0.263512 0.090485
v 0.386275 0.263512 0.090485
v 0.386275 0.263512 0.090485
v 0.360436 0.263512 0.090481
v 0.360436 0.263512 0.090481
v 0.360436 0.263512 0.090481
v 0.386276 0.263518 0.085923
v 0.386276 0.263518 0.085923
v 0.386276 0.263518 0.085923
v 0.360437 0.263518 0.085918
v 0.360437 0.263518 0.085918
v 0.360437 0.263518 0.085918
v 0.386276 0.263502 0.084379
v 0.386276 0.263502 0.084379
v 0.386276 0.263502 0.084379
v 0.360437 0.263502 0.084375
v 0.360437 0.263502 0.084375
v 0.360437 0.263502 0.084375
v 0.386277 0.263391 0.078280
v 0.386277 0.263391 0.078280
v 0.386277 0.263391 0.078280
v 0.360438 0.263391 0.078275
v 0.360438 0.263391 0.078275
v 0.360438 0.263391 0.078275
v 0.386277 0.263350 0.076765
v 0.386277 0.263350 0.076765
v 0.386277 0.263350 0.076765
v 0.360439 0.263350 0.076761
v 0.360439 0.263350 0.076761
v 0.360439 0.263350 0.076761
v 0.386278 0.263240 0.073697
v 0.386278 0.263240 0.073697
v 0.386278 0.263240 0.073697
v 0.360439 0.263240 0.073692
v 0.360439 0.263240 0.073692
v 0.360439 0.263240 0.073692
v 0.386278 0.263170 0.072198
v 0.386278 0.263170 0.072198
v 0.386278 0.263170 0.072198
v 0.360439 0.263170 0.072193
v 0.360439 0.263170 0.072193
v 0.360439 0.263170 0.072193
v 0.386278 0.263082 0.070647
v 0.386278 0.263082 0.070647
v 0.386278 0.263082 0.070647
v 0.360440 0.263082 0.070643
v 0.360440 0.263082 0.070643
v 0.360440 0.263082 0.070643
v 0.386279 0.262980 0.069138
v 0.386279 0.262980 0.069138
v 0.386279 0.262980 0.069138
v 0.360440 0.262980 0.069134
v 0.360440 0.262980 0.069134
v 0.360440 0.262980 0.069134
v 0.386279 0.262851 0.067587
v 0.386279 0.262851 0.067587
v 0.386279 0.262851 0.067587
v 0.360440 0.262851 0.067583
v 0.360440 0.262851 0.067583
v 0.360440 0.262851 0.067583
v 0.386279 0.262698 0.066076
v 0.386279 0.262698 0.066076
v 0.386279 0.262698 0.066076
v 0.360441 0.262698 0.066072
v 0.360441 0.262698 0.066072
v 0.360441 0.262698 0.066072
v 0.386279 0.262510 0.064561
v 0.386279 0.262510 0.064561
v 0.386279 0.262510 0.064561
v 0.360441 0.262510 0.064556
v 0.360441 0.262510 0.064556
v 0.360441 0.262510 0.064556
v 0.386280 0.262282 0.063079
v 0.386280 0.262282 0.063079
v 0.386280 0.262282 0.063079
v 0.360441 0.262282 0.063075
v 0.360441 0.262282 0.063075
v 0.360441 0.262282 0.063075
v 0.386280 0.261994 0.061559
v 0.386280 0.261994 0.061559
v 0.386280 0.261994 0.061559
v 0.360441 0.261994 0.061555
v 0.360441 0.261994 0.061555
v 0.360441 0.261994 0.061555
v 0.386280 0.261646 0.060075
v 0.386280 0.261646 0.060075
v 0.386280 0.261646 0.060075
v 0.360442 0.261646 0.060071
v 0.360442 0.261646 0.060071
v 0.360442 0.261646 0.060071
v 0.386280 0.261229 0.058625
v 0.386280 0.261229 0.058625
v 0.386280 0.261229 0.058625
v 0.360442 0.261229 0.058620
v 0.360442 0.261229 0.058620
v 0.360442 0.261229 0.058620
v 0.360442 0.261229 0.058620
v 0.386281 0.260731 0.057188
v 0.386281 0.260731 0.057188
v 0.386281 0.260731 0.057188
v 0.386281 0.260731 0.057188
v 0.360442 0.260731 0.057183
v 0.360442 0.260731 0.057183
v 0.360442 0.260731 0.057183
v 0.386281 0.260163 0.055797
v 0.386281 0.260163 0.055797
v 0.386281 0.260163 0.055797
v 0.360442 0.260163 0.055793
v 0.360442 0.260163 0.055793
v 0.360442 0.260163 0.055793
v 0.386281 0.259513 0.054446
v 0.386281 0.259513 0.054446
v 0.386281 0.259513 0.054446
v 0.360443 0.259513 0.054442
v 0.360443 0.259513 0.054442
v 0.360443 0.259513 0.054442
v 0.386281 0.258788 0.053138
v 0.386281 0.258788 0.053138
v 0.386281 0.258788 0.053138
v 0.360443 0.258788 0.053134
v 0.360443 0.258788 0.053134
v 0.360443 0.258788 0.053134
v 0.386281 0.257993 0.051877
v 0.386281 0.257993 0.051877
v 0.386281 0.257993 0.051877
v 0.360443 0.257993 0.051873
v 0.360443 0.257993 0.051873
v 0.360443 0.257993 0.051873
v 0.386282 0.257134 0.050665
v 0.386282 0.257134 0.050665
v 0.386282 0.257134 0.050665
v 0.360443 0.257134 0.050660
v 0.360443 0.257134 0.050660
v 0.360443 0.257134 0.050660
v 0.386282 0.256216 0.049503
v 0.386282 0.256216 0.049503
v 0.386282 0.256216 0.049503
v 0.360443 0.256216 0.049499
v 0.360443 0.256216 0.049499
v 0.360443 0.256216 0.049499
v 0.386282 0.255244 0.048394
v 0.386282 0.255244 0.048394
v 0.386282 0.255244 0.048394
v 0.360444 0.255244 0.048389
v 0.360444 0.255244 0.048389
v 0.360444 0.255244 0.048389
v 0.386282 0.254223 0.047338
v 0.386282 0.254223 0.047338
v 0.386282 0.254223 0.047338
v 0.360444 0.254223 0.047334
v 0.360444 0.254223 0.047334
v 0.360444 0.254223 0.047334
v 0.386282 0.253156 0.046337
v 0.386282 0.253156 0.046337
v 0.386282 0.253156 0.046337
v 0.360444 0.253156 0.046333
v 0.360444 0.253156 0.046333
v 0.360444 0.253156 0.046333
v 0.386283 0.252048 0.045393
v 0.386283 0.252048 0.045393
v 0.386283 0.252048 0.045393
v 0.360444 0.252048 0.045389
v 0.360444 0.252048 0.045389
v 0.360444 0.252048 0.045389
v 0.386283 0.250901 0.044506
v 0.386283 0.250901 0.044506
v 0.386283 0.250901 0.044506
v 0.360444 0.250901 0.044502
v 0.360444 0.250901 0.044502
v 0.360444 0.250901 0.044502
v 0.386283 0.249718 0.043678
v 0.386283 0.249718 0.043678
v 0.386283 0.249718 0.043678
v 0.360444 0.249718 0.043674
v 0.360444 0.249718 0.043674
v 0.360444 0.249718 0.043674
v 0.386283 0.248502 0.042910
v 0.386283 0.248502 0.042910
v 0.386283 0.248502 0.042910
v 0.360444 0.248502 0.042906
v 0.360444 0.248502 0.042906
v 0.360444 0.248502 0.042906
v 0.386283 0.247255 0.042204
v 0.386283 0.247255 0.042204
v 0.386283 0.247255 0.042204
v 0.360445 0.247255 0.042200
v 0.360445 0.247255 0.042200
v 0.360445 0.247255 0.042200
v 0.386283 0.245980 0.041561
v 0.386283 0.245980 0.041561
v 0.386283 0.245980 0.041561
v 0.360445 0.245980 0.041557
v 0.360445 0.245980 0.041557
v 0.360445 0.245980 0.041557
v 0.386283 0.244680 0.040983
v 0.386283 0.244680 0.040983
v 0.386283 0.244680 0.040983
v 0.360445 0.244680 0.040979
v 0.360445 0.244680 0.040979
v 0.360445 0.244680 0.040979
v 0.386283 0.243370 0.040479
v 0.386283 0.243370 0.040479
v 0.386283 0.243370 0.040479
v 0.360445 0.243370 0.040475
v 0.360445 0.243370 0.040475
v 0.360445 0.243370 0.040475
v 0.386284 0.241996 0.040069
v 0.386284 0.241996 0.040069
v 0.386284 0.241996 0.040069
v 0.360445 0.241996 0.040064
v 0.360445 0.241996 0.040064
v 0.360445 0.241996 0.040064
v 0.386284 0.240622 0.039758
v 0.386284 0.240622 0.039758
v 0.386284 0.240622 0.039758
v 0.386284 0.240622 0.039758
v 0.360445 0.240622 0.039753
v 0.360445 0.240622 0.039753
v 0.360445 0.240622 0.039753
v 0.360445 0.240622 0.039753
v 0.386284 0.239266 0.039515
v 0.386284 0.239266 0.039515
v 0.386284 0.239266 0.039515
v 0.386284 0.239266 0.039515
v 0.360445 0.239266 0.039511
v 0.360445 0.239266 0.039511
v 0.360445 0.239266 0.039511
v 0.360445 0.239266 0.039511
v 0.386284 0.236437 0.039151
v 0.386284 0.236437 0.039151
v 0.386284 0.236437 0.039151
v 0.360445 0.236437 0.039147
v 0.360445 0.236437 0.039147
v 0.360445 0.236437 0.039147
v 0.386284 0.235055 0.039026
v 0.386284 0.235055 0.039026
v 0.386284 0.235055 0.039026
v 0.360445 0.235055 0.039022
v 0.360445 0.235055 0.039022
v 0.360445 0.235055 0.039022
v 0.386284 0.233631 0.038927
v 0.386284 0.233631 0.038927
v 0.386284 0.233631 0.038927
v 0.360445 0.233631 0.038922
v 0.360445 0.233631 0.038922
v 0.360445 0.233631 0.038922
v 0.386284 0.232260 0.038856
v 0.386284 0.232260 0.038856
v 0.386284 0.232260 0.038856
v 0.360445 0.232260 0.038851
v 0.360445 0.232260 0.038851
v 0.360445 0.232260 0.038851
v 0.386284 0.230817 0.038805
v 0.386284 0.230817 0.038805
v 0.386284 0.230817 0.038805
v 0.360445 0.230817 0.038801
v 0.360445 0.230817 0.038801
v 0.360445 0.230817 0.038801
v 0.360445 0.230817 0.038801
v 0.386284 0.228035 0.038774
v 0.386284 0.228035 0.038774
v 0.386284 0.228035 0.038774
v 0.386284 0.228035 0.038774
v 0.360445 0.228035 0.038769
v 0.360445 0.228035 0.038769
v 0.360445 0.228035 0.038769
v 0.386284 0.226578 0.038790
v 0.386284 0.226578 0.038790
v 0.386284 0.226578 0.038790
v 0.360445 0.226578 0.038786
v 0.360445 0.226578 0.038786
v 0.360445 0.226578 0.038786
v 0.386284 0.223817 0.038884
v 0.386284 0.223817 0.038884
v 0.386284 0.223817 0.038884
v 0.360445 0.223817 0.038879
v 0.360445 0.223817 0.038879
v 0.360445 0.223817 0.038879
v 0.360445 0.223817 0.038879
v 0.386284 0.222380 0.038966
v 0.386284 0.222380 0.038966
v 0.386284 0.222380 0.038966
v 0.386284 0.222380 0.038966
v 0.360445 0.222380 0.038962
v 0.360445 0.222380 0.038962
v 0.360445 0.222380 0.038962
v 0.386284 0.219571 0.039203
v 0.386284 0.219571 0.039203
v 0.386284 0.219571 0.039203
v 0.360445 0.219571 0.039199
v 0.360445 0.219571 0.039199
v 0.360445 0.219571 0.039199
v 0.386284 0.218199 0.039361
v 0.386284 0.218199 0.039361
v 0.386284 0.218199 0.039361
v 0.360445 0.218199 0.039357
v 0.360445 0.218199 0.039357
v 0.360445 0.218199 0.039357
v 0.386284 0.216800 0.039558
v 0.386284 0.216800 0.039558
v 0.386284 0.216800 0.039558
v 0.360445 0.216800 0.039553
v 0.360445 0.216800 0.039553
v 0.360445 0.216800 0.039553
v 0.386284 0.215376 0.039802
v 0.386284 0.215376 0.039802
v 0.386284 0.215376 0.039802
v 0.360445 0.215376 0.039798
v 0.360445 0.215376 0.039798
v 0.360445 0.215376 0.039798
v 0.386284 0.214007 0.040094
v 0.386284 0.214007 0.040094
v 0.386284 0.214007 0.040094
v 0.360445 0.214007 0.040090
v 0.360445 0.214007 0.040090
v 0.360445 0.214007 0.040090
v 0.386283 0.212616 0.040473
v 0.386283 0.212616 0.040473
v 0.386283 0.212616 0.040473
v 0.360445 0.212616 0.040469
v 0.360445 0.212616 0.040469
v 0.360445 0.212616 0.040469
v 0.360445 0.212616 0.040469
v 0.386283 0.211322 0.040955
v 0.386283 0.211322 0.040955
v 0.386283 0.211322 0.040955
v 0.386283 0.211322 0.040955
v 0.360445 0.211322 0.040950
v 0.360445 0.211322 0.040950
v 0.360445 0.211322 0.040950
v 0.386283 0.210054 0.041629
v 0.386283 0.210054 0.041629
v 0.386283 0.210054 0.041629
v 0.360445 0.210054 0.041624
v 0.360445 0.210054 0.041624
v 0.360445 0.210054 0.041624
v 0.386283 0.208775 0.042289
v 0.386283 0.208775 0.042289
v 0.386283 0.208775 0.042289
v 0.360445 0.208775 0.042285
v 0.360445 0.208775 0.042285
v 0.360445 0.208775 0.042285
v 0.386283 0.207456 0.042776
v 0.386283 0.207456 0.042776
v 0.386283 0.207456 0.042776
v 0.360445 0.207456 0.042771
v 0.360445 0.207456 0.042771
v 0.360445 0.207456 0.042771
v 0.386283 0.206050 0.042754
v 0.386283 0.206050 0.042754
v 0.386283 0.206050 0.042754
v 0.360445 0.206050 0.042749
v 0.360445 0.206050 0.042749
v 0.360445 0.206050 0.042749
v 0.386283 0.204790 0.042108
v 0.386283 0.204790 0.042108
v 0.386283 0.204790 0.042108
v 0.360445 0.204790 0.042103
v 0.360445 0.204790 0.042103
v 0.360445 0.204790 0.042103
v 0.386283 0.203651 0.041221
v 0.386283 0.203651 0.041221
v 0.386283 0.203651 0.041221
v 0.360445 0.203651 0.041216
v 0.360445 0.203651 0.041216
v 0.360445 0.203651 0.041216
v 0.386283 0.202539 0.040257
v 0.386283 0.202539 0.040257
v 0.386283 0.202539 0.040257
v 0.360445 0.202539 0.040253
v 0.360445 0.202539 0.040253
v 0.360445 0.202539 0.040253
v 0.386284 0.200365 0.038354
v 0.386284 0.200365 0.038354
v 0.386284 0.200365 0.038354
v 0.360445 0.200365 0.038349
v 0.360445 0.200365 0.038349
v 0.360445 0.200365 0.038349
v 0.386284 0.199242 0.037374
v 0.386284 0.199242 0.037374
v 0.386284 0.199242 0.037374
v 0.360445 0.199242 0.037370
v 0.360445 0.199242 0.037370
v 0.360445 0.199242 0.037370
v 0.386284 0.197058 0.035487
v 0.386284 0.197058 0.035487
v 0.386284 0.197058 0.035487
v 0.360446 0.197058 0.035483
v 0.360446 0.197058 0.035483
v 0.360446 0.197058 0.035483
v 0.386284 0.195952 0.034546
v 0.386284 0.195952 0.034546
v 0.386284 0.195952 0.034546
v 0.360446 0.195952 0.034541
v 0.360446 0.195952 0.034541
v 0.360446 0.195952 0.034541
v 0.386285 0.194843 0.033618
v 0.386285 0.194843 0.033618
v 0.386285 0.194843 0.033618
v 0.360446 0.194843 0.033613
v 0.360446 0.194843 0.033613
v 0.360446 0.194843 0.033613
v 0.386285 0.193694 0.032680
v 0.386285 0.193694 0.032680
v 0.386285 0.193694 0.032680
v 0.360446 0.193694 0.032676
v 0.360446 0.193694 0.032676
v 0.360446 0.193694 0.032676
v 0.386285 0.192579 0.031804
v 0.386285 0.192579 0.031804
v 0.386285 0.192579 0.031804
v 0.360446 0.192579 0.031799
v 0.360446 0.192579 0.031799
v 0.360446 0.192579 0.031799
v 0.386285 0.191388 0.030922
v 0.386285 0.191388 0.030922
v 0.386285 0.191388 0.030922
v 0.386285 0.191388 0.030922
v 0.360447 0.191388 0.030917
v 0.360447 0.191388 0.030917
v 0.360447 0.191388 0.030917
v 0.360447 0.191388 0.030917
v 0.386285 0.190190 0.030118
v 0.386285 0.190190 0.030118
v 0.386285 0.190190 0.030118
v 0.360447 0.190190 0.030113
v 0.360447 0.190190 0.030113
v 0.360447 0.190190 0.030113
v 0.386285 0.188974 0.029428
v 0.386285 0.188974 0.029428
v 0.386285 0.188974 0.029428
v 0.360447 0.188974 0.029423
v 0.360447 0.188974 0.029423
v 0.360447 0.188974 0.029423
v 0.386285 0.187658 0.028886
v 0.386285 0.187658 0.028886
v 0.386285 0.187658 0.028886
v 0.360447 0.187658 0.028881
v 0.360447 0.187658 0.028881
v 0.360447 0.187658 0.028881
v 0.386285 0.186244 0.028601
v 0.386285 0.186244 0.028601
v 0.386285 0.186244 0.028601
v 0.386285 0.186244 0.028601
v 0.360447 0.186244 0.028597
v 0.360447 0.186244 0.028597
v 0.360447 0.186244 0.028597
v 0.360447 0.186244 0.028597
v 0.360447 0.186244 0.028597
v 0.360447 0.186244 0.028597
v 0.386285 0.184843 0.028612
v 0.386285 0.184843 0.028612
v 0.386285 0.184843 0.028612
v 0.360447 0.184843 0.028607
v 0.360447 0.184843 0.028607
v 0.360447 0.184843 0.028607
v 0.360447 0.184843 0.028607
v 0.386285 0.183470 0.028811
v 0.386285 0.183470 0.028811
v 0.386285 0.183470 0.028811
v 0.360447 0.183470 0.028807
v 0.360447 0.183470 0.028807
v 0.360447 0.183470 0.028807
v 0.386285 0.182078 0.029099
v 0.386285 0.182078 0.029099
v 0.386285 0.182078 0.029099
v 0.360447 0.182078 0.029095
v 0.360447 0.182078 0.029095
v 0.360447 0.182078 0.029095
v 0.386285 0.180685 0.029340
v 0.386285 0.180685 0.029340
v 0.386285 0.180685 0.029340
v 0.360447 0.180685 0.029335
v 0.360447 0.180685 0.029335
v 0.360447 0.180685 0.029335
v 0.386285 0.179284 0.029518
v 0.386285 0.179284 0.029518
v 0.386285 0.179284 0.029518
v 0.360447 0.179284 0.029513
v 0.360447 0.179284 0.029513
v 0.360447 0.179284 0.029513
v 0.386285 0.177893 0.029657
v 0.386285 0.177893 0.029657
v 0.386285 0.177893 0.029657
v 0.360447 0.177893 0.029653
v 0.360447 0.177893 0.029653
v 0.360447 0.177893 0.029653
v 0.386285 0.175087 0.029862
v 0.386285 0.175087 0.029862
v 0.386285 0.175087 0.029862
v 0.360447 0.175087 0.029858
v 0.360447 0.175087 0.029858
v 0.360447 0.175087 0.029858
v 0.386285 0.173680 0.029935
v 0.386285 0.173680 0.029935
v 0.386285 0.173680 0.029935
v 0.360447 0.173680 0.029931
v 0.360447 0.173680 0.029931
v 0.360447 0.173680 0.029931
v 0.386285 0.172285 0.029990
v 0.386285 0.172285 0.029990
v 0.386285 0.172285 0.029990
v 0.360447 0.172285 0.029985
v 0.360447 0.172285 0.029985
v 0.360447 0.172285 0.029985
v 0.360447 0.172285 0.029985
v 0.386285 0.170872 0.030029
v 0.386285 0.170872 0.030029
v 0.386285 0.170872 0.030029
v 0.386285 0.170872 0.030029
v 0.360447 0.170872 0.030024
v 0.360447 0.170872 0.030024
v 0.360447 0.170872 0.030024
v 0.386285 0.168062 0.030053
v 0.386285 0.168062 0.030053
v 0.386285 0.168062 0.030053
v 0.360447 0.168062 0.030049
v 0.360447 0.168062 0.030049
v 0.360447 0.168062 0.030049
v 0.386285 0.166646 0.030037
v 0.386285 0.166646 0.030037
v 0.386285 0.166646 0.030037
v 0.360447 0.166646 0.030032
v 0.360447 0.166646 0.030032
v 0.360447 0.166646 0.030032
v 0.386285 0.151171 0.029667
v 0.386285 0.151171 0.029667
v 0.386285 0.151171 0.029667
v 0.360447 0.151171 0.029663
v 0.360447 0.151171 0.029663
v 0.360447 0.151171 0.029663
v 0.386285 0.149760 0.029635
v 0.386285 0.149760 0.029635
v 0.386285 0.149760 0.029635
v 0.360447 0.149760 0.029631
v 0.360447 0.149760 0.029631
v 0.360447 0.149760 0.029631
v 0.386285 0.130074 0.029206
v 0.386285 0.130074 0.029206
v 0.386285 0.130074 0.029206
v 0.360447 0.130074 0.029202
v 0.360447 0.130074 0.029202
v 0.360447 0.130074 0.029202
v 0.386285 0.128665 0.029171
v 0.386285 0.128665 0.029171
v 0.386285 0.128665 0.029171
v 0.360447 0.128665 0.029166
v 0.360447 0.128665 0.029166
v 0.360447 0.128665 0.029166
v 0.386285 0.124466 0.029041
v 0.386285 0.124466 0.029041
v 0.386285 0.124466 0.029041
v 0.360447 0.124466 0.029037
v 0.360447 0.124466 0.029037
v 0.360447 0.124466 0.029037
v 0.386285 0.123031 0.028983
v 0.386285 0.123031 0.028983
v 0.386285 0.123031 0.028983
v 0.360447 0.123031 0.028979
v 0.360447 0.123031 0.028979
v 0.360447 0.123031 0.028979
v 0.386285 0.121619 0.028916
v 0.386285 0.121619 0.028916
v 0.386285 0.121619 0.028916
v 0.360447 0.121619 0.028912
v 0.360447 0.121619 0.028912
v 0.360447 0.121619 0.028912
v 0.386285 0.120256 0.028837
v 0.386285 0.120256 0.028837
v 0.386285 0.120256 0.028837
v 0.360447 0.120256 0.028832
v 0.360447 0.120256 0.028832
v 0.360447 0.120256 0.028832
v 0.386285 0.118824 0.028733
v 0.386285 0.118824 0.028733
v 0.386285 0.118824 0.028733
v 0.360447 0.118824 0.028729
v 0.360447 0.118824 0.028729
v 0.360447 0.118824 0.028729
v 0.386285 0.117445 0.028603
v 0.386285 0.117445 0.028603
v 0.386285 0.117445 0.028603
v 0.360447 0.117445 0.028599
v 0.360447 0.117445 0.028599
v 0.360447 0.117445 0.028599
v 0.360447 0.117445 0.028599
v 0.386286 0.116041 0.028427
v 0.386286 0.116041 0.028427
v 0.386286 0.116041 0.028427
v 0.360447 0.116041 0.028423
v 0.360447 0.116041 0.028423
v 0.360447 0.116041 0.028423
v 0.386286 0.114650 0.028183
v 0.386286 0.114650 0.028183
v 0.386286 0.114650 0.028183
v 0.360447 0.114650 0.028179
v 0.360447 0.114650 0.028179
v 0.360447 0.114650 0.028179
v 0.386286 0.113249 0.027823
v 0.386286 0.113249 0.027823
v 0.386286 0.113249 0.027823
v 0.360447 0.113249 0.027818
v 0.360447 0.113249 0.027818
v 0.360447 0.113249 0.027818
v 0.386286 0.111938 0.027315
v 0.386286 0.111938 0.027315
v 0.386286 0.111938 0.027315
v 0.360447 0.111938 0.027311
v 0.360447 0.111938 0.027311
v 0.360447 0.111938 0.027311
v 0.386286 0.110697 0.026610
v 0.386286 0.110697 0.026610
v 0.386286 0.110697 0.026610
v 0.360447 0.110697 0.026606
v 0.360447 0.110697 0.026606
v 0.360447 0.110697 0.026606
v 0.386286 0.109554 0.025752
v 0.386286 0.109554 0.025752
v 0.386286 0.109554 0.025752
v 0.360447 0.109554 0.025747
v 0.360447 0.109554 0.025747
v 0.360447 0.109554 0.025747
v 0.386286 0.108428 0.024838
v 0.386286 0.108428 0.024838
v 0.386286 0.108428 0.024838
v 0.360448 0.108428 0.024833
v 0.360448 0.108428 0.024833
v 0.360448 0.108428 0.024833
v 0.386286 0.107231 0.024054
v 0.386286 0.107231 0.024054
v 0.386286 0.107231 0.024054
v 0.360448 0.107231 0.024050
v 0.360448 0.107231 0.024050
v 0.360448 0.107231 0.024050
v 0.386286 0.105902 0.023402
v 0.386286 0.105902 0.023402
v 0.386286 0.105902 0.023402
v 0.360448 0.105902 0.023397
v 0.360448 0.105902 0.023397
v 0.360448 0.105902 0.023397
v 0.386286 0.104589 0.022933
v 0.386286 0.104589 0.022933
v 0.386286 0.104589 0.022933
v 0.360448 0.104589 0.022929
v 0.360448 0.104589 0.022929
v 0.360448 0.104589 0.022929
v 0.386286 0.103238 0.022588
v 0.386286 0.103238 0.022588
v 0.386286 0.103238 0.022588
v 0.360448 0.103238 0.022584
v 0.360448 0.103238 0.022584
v 0.360448 0.103238 0.022584
v 0.386287 0.101870 0.022344
v 0.386287 0.101870 0.022344
v 0.386287 0.101870 0.022344
v 0.360448 0.101870 0.022340
v 0.360448 0.101870 0.022340
v 0.360448 0.101870 0.022340
v 0.386287 0.100403 0.022169
v 0.386287 0.100403 0.022169
v 0.386287 0.100403 0.022169
v 0.360448 0.100403 0.022165
v 0.360448 0.100403 0.022165
v 0.360448 0.100403 0.022165
v 0.360448 0.100403 0.022165
v 0.386287 0.099064 0.022069
v 0.386287 0.099064 0.022069
v 0.386287 0.099064 0.022069
v 0.386287 0.099064 0.022069
v 0.360448 0.099064 0.022064
v 0.360448 0.099064 0.022064
v 0.360448 0.099064 0.022064
v 0.360448 0.099064 0.022064
v 0.360448 0.099064 0.022064
v 0.386287 0.097634 0.022010
v 0.386287 0.097634 0.022010
v 0.386287 0.097634 0.022010
v 0.386287 0.097634 0.022010
v 0.360448 0.097634 0.022005
v 0.360448 0.097634 0.022005
v 0.360448 0.097634 0.022005
v 0.360448 0.097634 0.022005
v 0.360448 0.097634 0.022005
v 0.386287 0.096248 0.021990
v 0.386287 0.096248 0.021990
v 0.386287 0.096248 0.021990
v 0.386287 0.096248 0.021990
v 0.360448 0.096248 0.021985
v 0.360448 0.096248 0.021985
v 0.360448 0.096248 0.021985
v 0.360448 0.096248 0.021985
v 0.386287 0.094817 0.021999
v 0.386287 0.094817 0.021999
v 0.386287 0.094817 0.021999
v 0.386287 0.094817 0.021999
v 0.360448 0.094817 0.021995
v 0.360448 0.094817 0.021995
v 0.360448 0.094817 0.021995
v 0.360448 0.094817 0.021995
v 0.386287 0.093442 0.022032
v 0.386287 0.093442 0.022032
v 0.386287 0.093442 0.022032
v 0.360448 0.093442 0.022027
v 0.360448 0.093442 0.022027
v 0.360448 0.093442 0.022027
v 0.386287 0.090608 0.022155
v 0.386287 0.090608 0.022155
v 0.386287 0.090608 0.022155
v 0.360448 0.090608 0.022150
v 0.360448 0.090608 0.022150
v 0.360448 0.090608 0.022150
v 0.386287 0.089198 0.022237
v 0.386287 0.089198 0.022237
v 0.386287 0.089198 0.022237
v 0.360448 0.089198 0.022233
v 0.360448 0.089198 0.022233
v 0.360448 0.089198 0.022233
v 0.386286 0.082167 0.022789
v 0.386286 0.082167 0.022789
v 0.386286 0.082167 0.022789
v 0.360448 0.082167 0.022784
v 0.360448 0.082167 0.022784
v 0.360448 0.082167 0.022784
v 0.360448 0.082167 0.022784
v 0.386286 0.080751 0.022919
v 0.386286 0.080751 0.022919
v 0.386286 0.080751 0.022919
v 0.360448 0.080751 0.022915
v 0.360448 0.080751 0.022915
v 0.360448 0.080751 0.022915
v 0.360448 0.080751 0.022915
v 0.386286 0.073785 0.023616
v 0.386286 0.073785 0.023616
v 0.386286 0.073785 0.023616
v 0.360448 0.073785 0.023612
v 0.360448 0.073785 0.023612
v 0.360448 0.073785 0.023612
v 0.386286 0.072358 0.023767
v 0.386286 0.072358 0.023767
v 0.386286 0.072358 0.023767
v 0.360448 0.072358 0.023763
v 0.360448 0.072358 0.023763
v 0.360448 0.072358 0.023763
v 0.386286 0.068144 0.024208
v 0.386286 0.068144 0.024208
v 0.386286 0.068144 0.024208
v 0.360448 0.068144 0.024204
v 0.360448 0.068144 0.024204
v 0.360448 0.068144 0.024204
v 0.386286 0.066743 0.024347
v 0.386286 0.066743 0.024347
v 0.386286 0.066743 0.024347
v 0.360448 0.066743 0.024343
v 0.360448 0.066743 0.024343
v 0.360448 0.066743 0.024343
v 0.386286 0.065377 0.024477
v 0.386286 0.065377 0.024477
v 0.386286 0.065377 0.024477
v 0.360448 0.065377 0.024472
v 0.360448 0.065377 0.024472
v 0.360448 0.065377 0.024472
v 0.386286 0.063977 0.024600
v 0.386286 0.063977 0.024600
v 0.386286 0.063977 0.024600
v 0.360448 0.063977 0.024595
v 0.360448 0.063977 0.024595
v 0.360448 0.063977 0.024595
v 0.386286 0.061151 0.024799
v 0.386286 0.061151 0.024799
v 0.386286 0.061151 0.024799
v 0.360448 0.061151 0.024794
v 0.360448 0.061151 0.024794
v 0.360448 0.061151 0.024794
v 0.386286 0.059742 0.024858
v 0.386286 0.059742 0.024858
v 0.386286 0.059742 0.024858
v 0.360448 0.059742 0.024853
v 0.360448 0.059742 0.024853
v 0.360448 0.059742 0.024853
v 0.386286 0.058339 0.024875
v 0.386286 0.058339 0.024875
v 0.386286 0.058339 0.024875
v 0.360448 0.058339 0.024870
v 0.360448 0.058339 0.024870
v 0.360448 0.058339 0.024870
v 0.360448 0.058339 0.024870
v 0.386286 0.056932 0.024834
v 0.386286 0.056932 0.024834
v 0.386286 0.056932 0.024834
v 0.360448 0.056932 0.024830
v 0.360448 0.056932 0.024830
v 0.360448 0.056932 0.024830
v 0.386286 0.055507 0.024715
v 0.386286 0.055507 0.024715
v 0.386286 0.055507 0.024715
v 0.360448 0.055507 0.024710
v 0.360448 0.055507 0.024710
v 0.360448 0.055507 0.024710
v 0.386286 0.054111 0.024506
v 0.386286 0.054111 0.024506
v 0.386286 0.054111 0.024506
v 0.360448 0.054111 0.024501
v 0.360448 0.054111 0.024501
v 0.360448 0.054111 0.024501
v 0.386286 0.052759 0.024212
v 0.386286 0.052759 0.024212
v 0.386286 0.052759 0.024212
v 0.360448 0.052759 0.024207
v 0.360448 0.052759 0.024207
v 0.360448 0.052759 0.024207
v 0.386286 0.051374 0.023826
v 0.386286 0.051374 0.023826
v 0.386286 0.051374 0.023826
v 0.360448 0.051374 0.023822
v 0.360448 0.051374 0.023822
v 0.360448 0.051374 0.023822
v 0.386287 0.047374 0.022423
v 0.386287 0.047374 0.022423
v 0.386287 0.047374 0.022423
v 0.360448 0.047374 0.022419
v 0.360448 0.047374 0.022419
v 0.360448 0.047374 0.022419
v 0.386287 0.046065 0.021925
v 0.386287 0.046065 0.021925
v 0.386287 0.046065 0.021925
v 0.360448 0.046065 0.021921
v 0.360448 0.046065 0.021921
v 0.360448 0.046065 0.021921
v 0.386287 0.042015 0.020427
v 0.386287 0.042015 0.020427
v 0.386287 0.042015 0.020427
v 0.360448 0.042015 0.020423
v 0.360448 0.042015 0.020423
v 0.360448 0.042015 0.020423
v 0.386287 0.040707 0.019963
v 0.386287 0.040707 0.019963
v 0.386287 0.040707 0.019963
v 0.386287 0.040707 0.019963
v 0.360448 0.040707 0.019959
v 0.360448 0.040707 0.019959
v 0.360448 0.040707 0.019959
v 0.360448 0.040707 0.019959
v 0.360448 0.040707 0.019959
v 0.386287 0.039405 0.019512
v 0.386287 0.039405 0.019512
v 0.386287 0.039405 0.019512
v 0.386287 0.039405 0.019512
v 0.360448 0.039405 0.019508
v 0.360448 0.039405 0.019508
v 0.360448 0.039405 0.019508
v 0.360448 0.039405 0.019508
v 0.386287 0.037985 0.019034
v 0.386287 0.037985 0.019034
v 0.386287 0.037985 0.019034
v 0.360449 0.037985 0.019030
v 0.360449 0.037985 0.019030
v 0.360449 0.037985 0.019030
v 0.386287 0.033978 0.017769
v 0.386287 0.033978 0.017769
v 0.386287 0.033978 0.017769
v 0.360449 0.033978 0.017765
v 0.360449 0.033978 0.017765
v 0.360449 0.033978 0.017765
v 0.386287 0.032583 0.017362
v 0.386287 0.032583 0.017362
v 0.386287 0.032583 0.017362
v 0.360449 0.032583 0.017358
v 0.360449 0.032583 0.017358
v 0.360449 0.032583 0.017358
v 0.386287 0.031252 0.016992
v 0.386287 0.031252 0.016992
v 0.386287 0.031252 0.016992
v 0.360449 0.031252 0.016987
v 0.360449 0.031252 0.016987
v 0.360449 0.031252 0.016987
v 0.360449 0.031252 0.016987
v 0.386288 0.029913 0.016638
v 0.386288 0.029913 0.016638
v 0.386288 0.029913 0.016638
v 0.360449 0.029913 0.016634
v 0.360449 0.029913 0.016634
v 0.360449 0.029913 0.016634
v 0.386288 0.027142 0.015973
v 0.386288 0.027142 0.015973
v 0.386288 0.027142 0.015973
v 0.360449 0.027142 0.015969
v 0.360449 0.027142 0.015969
v 0.360449 0.027142 0.015969
v 0.386288 0.025714 0.015670
v 0.386288 0.025714 0.015670
v 0.386288 0.025714 0.015670
v 0.360449 0.025714 0.015666
v 0.360449 0.025714 0.015666
v 0.360449 0.025714 0.015666
v 0.386288 0.024347 0.015408
v 0.386288 0.024347 0.015408
v 0.386288 0.024347 0.015408
v 0.360449 0.024347 0.015403
v 0.360449 0.024347 0.015403
v 0.360449 0.024347 0.015403
v 0.386288 0.022973 0.015173
v 0.386288 0.022973 0.015173
v 0.386288 0.022973 0.015173
v 0.360449 0.022973 0.015169
v 0.360449 0.022973 0.015169
v 0.360449 0.022973 0.015169
v 0.360449 0.022973 0.015169
v 0.386288 0.020206 0.014800
v 0.386288 0.020206 0.014800
v 0.386288 0.020206 0.014800
v 0.386288 0.020206 0.014800
v 0.360449 0.020206 0.014795
v 0.360449 0.020206 0.014795
v 0.360449 0.020206 0.014795
v 0.360449 0.020206 0.014795
v 0.386288 0.018816 0.014667
v 0.386288 0.018816 0.014667
v 0.386288 0.018816 0.014667
v 0.386288 0.018816 0.014667
v 0.386288 0.018816 0.014667
v 0.360449 0.018816 0.014662
v 0.360449 0.018816 0.014662
v 0.360449 0.018816 0.014662
v 0.360449 0.018816 0.014662
v 0.360449 0.018816 0.014662
v 0.386288 0.017423 0.014574
v 0.386288 0.017423 0.014574
v 0.386288 0.017423 0.014574
v 0.386288 0.017423 0.014574
v 0.360449 0.017423 0.014570
v 0.360449 0.017423 0.014570
v 0.360449 0.017423 0.014570
v 0.360449 0.017423 0.014570
v 0.386288 0.015950 0.014524
v 0.386288 0.015950 0.014524
v 0.386288 0.015950 0.014524
v 0.360449 0.015950 0.014520
v 0.360449 0.015950 0.014520
v 0.360449 0.015950 0.014520
v 0.386288 0.014563 0.014524
v 0.386288 0.014563 0.014524
v 0.386288 0.014563 0.014524
v 0.360449 0.014563 0.014520
v 0.360449 0.014563 0.014520
v 0.360449 0.014563 0.014520
v 0.386288 0.013176 0.014574
v 0.386288 0.013176 0.014574
v 0.386288 0.013176 0.014574
v 0.360449 0.013176 0.014569
v 0.360449 0.013176 0.014569
v 0.360449 0.013176 0.014569
v 0.386288 0.011738 0.014680
v 0.386288 0.011738 0.014680
v 0.386288 0.011738 0.014680
v 0.360449 0.011738 0.014676
v 0.360449 0.011738 0.014676
v 0.360449 0.011738 0.014676
v 0.386288 0.010319 0.014844
v 0.386288 0.010319 0.014844
v 0.386288 0.010319 0.014844
v 0.386288 0.010319 0.014844
v 0.360449 0.010319 0.014839
v 0.360449 0.010319 0.014839
v 0.360449 0.010319 0.014839
v 0.360449 0.010319 0.014839
v 0.386288 0.008989 0.015053
v 0.386288 0.008989 0.015053
v 0.386288 0.008989 0.015053
v 0.386288 0.008989 0.015053
v 0.360449 0.008989 0.015048
v 0.360449 0.008989 0.015048
v 0.360449 0.008989 0.015048
v 0.360449 0.008989 0.015048
v 0.360449 0.008989 0.015048
v 0.386288 0.007592 0.015332
v 0.386288 0.007592 0.015332
v 0.386288 0.007592 0.015332
v 0.360449 0.007592 0.015328
v 0.360449 0.007592 0.015328
v 0.360449 0.007592 0.015328
v 0.360449 0.007592 0.015328
v 0.386288 0.006177 0.015680
v 0.386288 0.006177 0.015680
v 0.386288 0.006177 0.015680
v 0.386288 0.006177 0.015680
v 0.386288 0.006177 0.015680
v 0.386288 0.006177 0.015680
v 0.360449 0.006177 0.015676
v 0.360449 0.006177 0.015676
v 0.360449 0.006177 0.015676
v 0.360449 0.006177 0.015676
v 0.360449 0.006177 0.015676
v 0.386288 0.004832 0.016074
v 0.386288 0.004832 0.016074
v 0.386288 0.004832 0.016074
v 0.386288 0.004832 0.016074
v 0.360449 0.004832 0.016069
v 0.360449 0.004832 0.016069
v 0.360449 0.004832 0.016069
v 0.360449 0.004832 0.016069
v 0.360449 0.004832 0.016069
v 0.386288 0.003482 0.016532
v 0.386288 0.003482 0.016532
v 0.386288 0.003482 0.016532
v 0.360449 0.003482 0.016527
v 0.360449 0.003482 0.016527
v 0.360449 0.003482 0.016527
v 0.360449 0.003482 0.016527
v 0.386287 0.002161 0.017009
v 0.386287 0.002161 0.017009
v 0.386287 0.002161 0.017009
v 0.360449 0.002161 0.017005
v 0.360449 0.002161 0.017005
v 0.360449 0.002161 0.017005
v 0.386287 -0.000544 0.017851
v 0.386287 -0.000544 0.017851
v 0.386287 -0.000544 0.017851
v 0.360449 -0.000544 0.017847
v 0.360449 -0.000544 0.017847
v 0.360449 -0.000544 0.017847
v 0.360449 -0.000544 0.017847
v 0.360449 -0.000544 0.017847
v 0.386287 -0.001893 0.018237
v 0.386287 -0.001893 0.018237
v 0.386287 -0.001893 0.018237
v 0.360449 -0.001893 0.018233
v 0.360449 -0.001893 0.018233
v 0.360449 -0.001893 0.018233
v 0.386287 -0.008728 0.020024
v 0.386287 -0.008728 0.020024
v 0.386287 -0.008728 0.020024
v 0.360448 -0.008728 0.020019
v 0.360448 -0.008728 0.020019
v 0.360448 -0.008728 0.020019
v 0.360448 -0.008728 0.020019
v 0.386287 -0.010106 0.020359
v 0.386287 -0.010106 0.020359
v 0.386287 -0.010106 0.020359
v 0.360448 -0.010106 0.020355
v 0.360448 -0.010106 0.020355
v 0.360448 -0.010106 0.020355
v 0.386287 -0.014235 0.021321
v 0.386287 -0.014235 0.021321
v 0.386287 -0.014235 0.021321
v 0.386287 -0.014235 0.021321
v 0.386287 -0.014235 0.021321
v 0.360448 -0.014235 0.021316
v 0.360448 -0.014235 0.021316
v 0.360448 -0.014235 0.021316
v 0.360448 -0.014235 0.021316
v 0.360448 -0.014235 0.021316
v 0.360448 -0.014235 0.021316
v 0.386287 -0.015625 0.021630
v 0.386287 -0.015625 0.021630
v 0.386287 -0.015625 0.021630
v 0.360448 -0.015625 0.021626
v 0.360448 -0.015625 0.021626
v 0.360448 -0.015625 0.021626
v 0.386287 -0.019732 0.022519
v 0.386287 -0.019732 0.022519
v 0.386287 -0.019732 0.022519
v 0.386287 -0.019732 0.022519
v 0.360448 -0.019732 0.022515
v 0.360448 -0.019732 0.022515
v 0.360448 -0.019732 0.022515
v 0.360448 -0.019732 0.022515
v 0.386286 -0.021101 0.022840
v 0.386286 -0.021101 0.022840
v 0.386286 -0.021101 0.022840
v 0.386286 -0.021101 0.022840
v 0.360448 -0.021101 0.022836
v 0.360448 -0.021101 0.022836
v 0.360448 -0.021101 0.022836
v 0.360448 -0.021101 0.022836
v 0.386286 -0.022470 0.023179
v 0.386286 -0.022470 0.023179
v 0.386286 -0.022470 0.023179
v 0.386286 -0.022470 0.023179
v 0.360448 -0.022470 0.023174
v 0.360448 -0.022470 0.023174
v 0.360448 -0.022470 0.023174
v 0.360448 -0.022470 0.023174
v 0.386286 -0.023840 0.023535
v 0.386286 -0.023840 0.023535
v 0.386286 -0.023840 0.023535
v 0.386286 -0.023840 0.023535
v 0.360448 -0.023840 0.023530
v 0.360448 -0.023840 0.023530
v 0.360448 -0.023840 0.023530
v 0.360448 -0.023840 0.023530
v 0.386286 -0.026574 0.024293
v 0.386286 -0.026574 0.024293
v 0.386286 -0.026574 0.024293
v 0.360448 -0.026574 0.024289
v 0.360448 -0.026574 0.024289
v 0.360448 -0.026574 0.024289
v 0.386286 -0.027938 0.024694
v 0.386286 -0.027938 0.024694
v 0.386286 -0.027938 0.024694
v 0.360448 -0.027938 0.024690
v 0.360448 -0.027938 0.024690
v 0.360448 -0.027938 0.024690
v 0.360448 -0.027938 0.024690
v 0.386286 -0.029299 0.025109
v 0.386286 -0.029299 0.025109
v 0.386286 -0.029299 0.025109
v 0.386286 -0.029299 0.025109
v 0.360448 -0.029299 0.025104
v 0.360448 -0.029299 0.025104
v 0.360448 -0.029299 0.025104
v 0.386286 -0.030656 0.025537
v 0.386286 -0.030656 0.025537
v 0.386286 -0.030656 0.025537
v 0.360447 -0.030656 0.025532
v 0.360447 -0.030656 0.025532
v 0.360447 -0.030656 0.025532
v 0.386286 -0.033358 0.026430
v 0.386286 -0.033358 0.026430
v 0.386286 -0.033358 0.026430
v 0.360447 -0.033358 0.026425
v 0.360447 -0.033358 0.026425
v 0.360447 -0.033358 0.026425
v 0.386286 -0.034703 0.026894
v 0.386286 -0.034703 0.026894
v 0.386286 -0.034703 0.026894
v 0.360447 -0.034703 0.026889
v 0.360447 -0.034703 0.026889
v 0.360447 -0.034703 0.026889
v 0.386286 -0.038710 0.028354
v 0.386286 -0.038710 0.028354
v 0.386286 -0.038710 0.028354
v 0.360447 -0.038710 0.028350
v 0.360447 -0.038710 0.028350
v 0.360447 -0.038710 0.028350
v 0.360447 -0.038710 0.028350
v 0.386285 -0.040036 0.028863
v 0.386285 -0.040036 0.028863
v 0.386285 -0.040036 0.028863
v 0.360447 -0.040036 0.028859
v 0.360447 -0.040036 0.028859
v 0.360447 -0.040036 0.028859
v 0.360447 -0.040036 0.028859
v 0.386285 -0.041358 0.029382
v 0.386285 -0.041358 0.029382
v 0.386285 -0.041358 0.029382
v 0.386285 -0.041358 0.029382
v 0.360447 -0.041358 0.029378
v 0.360447 -0.041358 0.029378
v 0.360447 -0.041358 0.029378
v 0.360447 -0.041358 0.029378
v 0.386285 -0.042676 0.029913
v 0.386285 -0.042676 0.029913
v 0.386285 -0.042676 0.029913
v 0.386285 -0.042676 0.029913
v 0.360447 -0.042676 0.029908
v 0.360447 -0.042676 0.029908
v 0.360447 -0.042676 0.029908
v 0.360447 -0.042676 0.029908
v 0.386285 -0.046602 0.031568
v 0.386285 -0.046602 0.031568
v 0.386285 -0.046602 0.031568
v 0.360446 -0.046602 0.031563
v 0.360446 -0.046602 0.031563
v 0.360446 -0.046602 0.031563
v 0.386285 -0.047903 0.032141
v 0.386285 -0.047903 0.032141
v 0.386285 -0.047903 0.032141
v 0.386285 -0.047903 0.032141
v 0.360446 -0.047903 0.032137
v 0.360446 -0.047903 0.032137
v 0.360446 -0.047903 0.032137
v 0.360446 -0.047903 0.032137
v 0.386285 -0.050492 0.033312
v 0.386285 -0.050492 0.033312
v 0.386285 -0.050492 0.033312
v 0.360446 -0.050492 0.033308
v 0.360446 -0.050492 0.033308
v 0.360446 -0.050492 0.033308
v 0.386285 -0.051795 0.033891
v 0.386285 -0.051795 0.033891
v 0.386285 -0.051795 0.033891
v 0.386285 -0.051795 0.033891
v 0.360446 -0.051795 0.033887
v 0.360446 -0.051795 0.033887
v 0.360446 -0.051795 0.033887
v 0.360446 -0.051795 0.033887
v 0.386284 -0.053115 0.034467
v 0.386284 -0.053115 0.034467
v 0.386284 -0.053115 0.034467
v 0.360446 -0.053115 0.034463
v 0.360446 -0.053115 0.034463
v 0.360446 -0.053115 0.034463
v 0.386284 -0.058362 0.036646
v 0.386284 -0.058362 0.036646
v 0.386284 -0.058362 0.036646
v 0.386284 -0.058362 0.036646
v 0.360446 -0.058362 0.036642
v 0.360446 -0.058362 0.036642
v 0.360446 -0.058362 0.036642
v 0.360446 -0.058362 0.036642
v 0.386284 -0.059687 0.037167
v 0.386284 -0.059687 0.037167
v 0.386284 -0.059687 0.037167
v 0.360445 -0.059687 0.037162
v 0.360445 -0.059687 0.037162
v 0.360445 -0.059687 0.037162
v 0.386284 -0.063665 0.038639
v 0.386284 -0.063665 0.038639
v 0.386284 -0.063665 0.038639
v 0.360445 -0.063665 0.038635
v 0.360445 -0.063665 0.038635
v 0.360445 -0.063665 0.038635
v 0.386284 -0.065036 0.039107
v 0.386284 -0.065036 0.039107
v 0.386284 -0.065036 0.039107
v 0.360445 -0.065036 0.039102
v 0.360445 -0.065036 0.039102
v 0.360445 -0.065036 0.039102
v 0.386284 -0.066393 0.039539
v 0.386284 -0.066393 0.039539
v 0.386284 -0.066393 0.039539
v 0.360445 -0.066393 0.039535
v 0.360445 -0.066393 0.039535
v 0.360445 -0.066393 0.039535
v 0.386284 -0.067730 0.039922
v 0.386284 -0.067730 0.039922
v 0.386284 -0.067730 0.039922
v 0.360445 -0.067730 0.039918
v 0.360445 -0.067730 0.039918
v 0.360445 -0.067730 0.039918
v 0.386283 -0.069123 0.040238
v 0.386283 -0.069123 0.040238
v 0.386283 -0.069123 0.040238
v 0.360445 -0.069123 0.040234
v 0.360445 -0.069123 0.040234
v 0.360445 -0.069123 0.040234
v 0.386283 -0.070508 0.040289
v 0.386283 -0.070508 0.040289
v 0.386283 -0.070508 0.040289
v 0.360445 -0.070508 0.040285
v 0.360445 -0.070508 0.040285
v 0.360445 -0.070508 0.040285
v 0.386284 -0.071887 0.040021
v 0.386284 -0.071887 0.040021
v 0.386284 -0.071887 0.040021
v 0.386284 -0.071887 0.040021
v 0.360445 -0.071887 0.040016
v 0.360445 -0.071887 0.040016
v 0.360445 -0.071887 0.040016
v 0.360445 -0.071887 0.040016
v 0.360445 -0.071887 0.040016
v 0.386284 -0.073254 0.039583
v 0.386284 -0.073254 0.039583
v 0.386284 -0.073254 0.039583
v 0.386284 -0.073254 0.039583
v 0.360445 -0.073254 0.039579
v 0.360445 -0.073254 0.039579
v 0.360445 -0.073254 0.039579
v 0.386284 -0.074566 0.039042
v 0.386284 -0.074566 0.039042
v 0.386284 -0.074566 0.039042
v 0.360445 -0.074566 0.039038
v 0.360445 -0.074566 0.039038
v 0.360445 -0.074566 0.039038
v 0.386284 -0.075834 0.038417
v 0.386284 -0.075834 0.038417
v 0.386284 -0.075834 0.038417
v 0.360445 -0.075834 0.038412
v 0.360445 -0.075834 0.038412
v 0.360445 -0.075834 0.038412
v 0.386284 -0.077080 0.037698
v 0.386284 -0.077080 0.037698
v 0.386284 -0.077080 0.037698
v 0.360445 -0.077080 0.037693
v 0.360445 -0.077080 0.037693
v 0.360445 -0.077080 0.037693
v 0.386284 -0.078279 0.036887
v 0.386284 -0.078279 0.036887
v 0.386284 -0.078279 0.036887
v 0.360446 -0.078279 0.036882
v 0.360446 -0.078279 0.036882
v 0.360446 -0.078279 0.036882
v 0.386284 -0.079387 0.036024
v 0.386284 -0.079387 0.036024
v 0.386284 -0.079387 0.036024
v 0.360446 -0.079387 0.036020
v 0.360446 -0.079387 0.036020
v 0.360446 -0.079387 0.036020
v 0.386284 -0.080564 0.035144
v 0.386284 -0.080564 0.035144
v 0.386284 -0.080564 0.035144
v 0.360446 -0.080564 0.035139
v 0.360446 -0.080564 0.035139
v 0.360446 -0.080564 0.035139
v 0.386284 -0.081809 0.034300
v 0.386284 -0.081809 0.034300
v 0.386284 -0.081809 0.034300
v 0.360446 -0.081809 0.034295
v 0.360446 -0.081809 0.034295
v 0.360446 -0.081809 0.034295
v 0.386285 -0.083045 0.033563
v 0.386285 -0.083045 0.033563
v 0.386285 -0.083045 0.033563
v 0.360446 -0.083045 0.033558
v 0.360446 -0.083045 0.033558
v 0.360446 -0.083045 0.033558
v 0.386285 -0.084259 0.032937
v 0.386285 -0.084259 0.032937
v 0.386285 -0.084259 0.032937
v 0.360446 -0.084259 0.032932
v 0.360446 -0.084259 0.032932
v 0.360446 -0.084259 0.032932
v 0.360446 -0.084259 0.032932
v 0.386285 -0.085571 0.032362
v 0.386285 -0.085571 0.032362
v 0.386285 -0.085571 0.032362
v 0.360446 -0.085571 0.032357
v 0.360446 -0.085571 0.032357
v 0.360446 -0.085571 0.032357
v 0.386285 -0.086886 0.031877
v 0.386285 -0.086886 0.031877
v 0.386285 -0.086886 0.031877
v 0.360446 -0.086886 0.031872
v 0.360446 -0.086886 0.031872
v 0.360446 -0.086886 0.031872
v 0.386285 -0.088253 0.031453
v 0.386285 -0.088253 0.031453
v 0.386285 -0.088253 0.031453
v 0.360446 -0.088253 0.031449
v 0.360446 -0.088253 0.031449
v 0.360446 -0.088253 0.031449
v 0.386285 -0.089672 0.031084
v 0.386285 -0.089672 0.031084
v 0.386285 -0.089672 0.031084
v 0.360447 -0.089672 0.031079
v 0.360447 -0.089672 0.031079
v 0.360447 -0.089672 0.031079
v 0.386285 -0.090994 0.030791
v 0.386285 -0.090994 0.030791
v 0.386285 -0.090994 0.030791
v 0.360447 -0.090994 0.030787
v 0.360447 -0.090994 0.030787
v 0.360447 -0.090994 0.030787
v 0.386285 -0.092382 0.030526
v 0.386285 -0.092382 0.030526
v 0.386285 -0.092382 0.030526
v 0.386285 -0.092382 0.030526
v 0.360447 -0.092382 0.030521
v 0.360447 -0.092382 0.030521
v 0.360447 -0.092382 0.030521
v 0.360447 -0.092382 0.030521
v 0.386285 -0.093764 0.030297
v 0.386285 -0.093764 0.030297
v 0.386285 -0.093764 0.030297
v 0.360447 -0.093764 0.030292
v 0.360447 -0.093764 0.030292
v 0.360447 -0.093764 0.030292
v 0.386285 -0.095234 0.030084
v 0.386285 -0.095234 0.030084
v 0.386285 -0.095234 0.030084
v 0.360447 -0.095234 0.030080
v 0.360447 -0.095234 0.030080
v 0.360447 -0.095234 0.030080
v 0.386285 -0.096569 0.029913
v 0.386285 -0.096569 0.029913
v 0.386285 -0.096569 0.029913
v 0.360447 -0.096569 0.029909
v 0.360447 -0.096569 0.029909
v 0.360447 -0.096569 0.029909
v 0.386285 -0.099379 0.029607
v 0.386285 -0.099379 0.029607
v 0.386285 -0.099379 0.029607
v 0.386285 -0.099379 0.029607
v 0.360447 -0.099379 0.029602
v 0.360447 -0.099379 0.029602
v 0.360447 -0.099379 0.029602
v 0.360447 -0.099379 0.029602
v 0.386285 -0.100803 0.029473
v 0.386285 -0.100803 0.029473
v 0.386285 -0.100803 0.029473
v 0.386285 -0.100803 0.029473
v 0.360447 -0.100803 0.029468
v 0.360447 -0.100803 0.029468
v 0.360447 -0.100803 0.029468
v 0.360447 -0.100803 0.029468
v 0.360447 -0.100803 0.029468
v 0.360447 -0.100803 0.029468
v 0.386285 -0.102186 0.029354
v 0.386285 -0.102186 0.029354
v 0.386285 -0.102186 0.029354
v 0.386285 -0.102186 0.029354
v 0.360447 -0.102186 0.029349
v 0.360447 -0.102186 0.029349
v 0.360447 -0.102186 0.029349
v 0.360447 -0.102186 0.029349
v 0.386285 -0.103616 0.029240
v 0.386285 -0.103616 0.029240
v 0.386285 -0.103616 0.029240
v 0.386285 -0.103616 0.029240
v 0.386285 -0.103616 0.029240
v 0.360447 -0.103616 0.029236
v 0.360447 -0.103616 0.029236
v 0.360447 -0.103616 0.029236
v 0.360447 -0.103616 0.029236
v 0.360447 -0.103616 0.029236
v 0.386285 -0.111993 0.028705
v 0.386285 -0.111993 0.028705
v 0.386285 -0.111993 0.028705
v 0.360447 -0.111993 0.028701
v 0.360447 -0.111993 0.028701
v 0.360447 -0.111993 0.028701
v 0.360447 -0.111993 0.028701
v 0.386285 -0.113379 0.028631
v 0.386285 -0.113379 0.028631
v 0.386285 -0.113379 0.028631
v 0.360447 -0.113379 0.028627
v 0.360447 -0.113379 0.028627
v 0.360447 -0.113379 0.028627
v 0.360447 -0.113379 0.028627
v 0.386286 -0.120413 0.028289
v 0.386286 -0.120413 0.028289
v 0.386286 -0.120413 0.028289
v 0.360447 -0.120413 0.028285
v 0.360447 -0.120413 0.028285
v 0.360447 -0.120413 0.028285
v 0.386286 -0.121861 0.028224
v 0.386286 -0.121861 0.028224
v 0.386286 -0.121861 0.028224
v 0.360447 -0.121861 0.028220
v 0.360447 -0.121861 0.028220
v 0.360447 -0.121861 0.028220
v 0.386286 -0.128876 0.027914
v 0.386286 -0.128876 0.027914
v 0.386286 -0.128876 0.027914
v 0.360447 -0.128876 0.027910
v 0.360447 -0.128876 0.027910
v 0.360447 -0.128876 0.027910
v 0.386286 -0.130270 0.027848
v 0.386286 -0.130270 0.027848
v 0.386286 -0.130270 0.027848
v 0.360447 -0.130270 0.027844
v 0.360447 -0.130270 0.027844
v 0.360447 -0.130270 0.027844
v 0.386286 -0.138747 0.027417
v 0.386286 -0.138747 0.027417
v 0.386286 -0.138747 0.027417
v 0.360447 -0.138747 0.027412
v 0.360447 -0.138747 0.027412
v 0.360447 -0.138747 0.027412
v 0.386286 -0.140153 0.027340
v 0.386286 -0.140153 0.027340
v 0.386286 -0.140153 0.027340
v 0.360447 -0.140153 0.027336
v 0.360447 -0.140153 0.027336
v 0.360447 -0.140153 0.027336
v 0.386286 -0.155628 0.026410
v 0.386286 -0.155628 0.026410
v 0.386286 -0.155628 0.026410
v 0.360447 -0.155628 0.026406
v 0.360447 -0.155628 0.026406
v 0.360447 -0.155628 0.026406
v 0.386286 -0.156980 0.026321
v 0.386286 -0.156980 0.026321
v 0.386286 -0.156980 0.026321
v 0.360447 -0.156980 0.026317
v 0.360447 -0.156980 0.026317
v 0.360447 -0.156980 0.026317
v 0.386286 -0.165372 0.025732
v 0.386286 -0.165372 0.025732
v 0.386286 -0.165372 0.025732
v 0.360447 -0.165372 0.025727
v 0.360447 -0.165372 0.025727
v 0.360447 -0.165372 0.025727
v 0.386286 -0.166858 0.025620
v 0.386286 -0.166858 0.025620
v 0.386286 -0.166858 0.025620
v 0.360447 -0.166858 0.025615
v 0.360447 -0.166858 0.025615
v 0.360447 -0.166858 0.025615
v 0.386286 -0.173809 0.025047
v 0.386286 -0.173809 0.025047
v 0.386286 -0.173809 0.025047
v 0.360448 -0.173809 0.025042
v 0.360448 -0.173809 0.025042
v 0.360448 -0.173809 0.025042
v 0.386286 -0.175246 0.024914
v 0.386286 -0.175246 0.024914
v 0.386286 -0.175246 0.024914
v 0.360448 -0.175246 0.024909
v 0.360448 -0.175246 0.024909
v 0.360448 -0.175246 0.024909
v 0.386286 -0.183662 0.024119
v 0.386286 -0.183662 0.024119
v 0.386286 -0.183662 0.024119
v 0.360448 -0.183662 0.024115
v 0.360448 -0.183662 0.024115
v 0.360448 -0.183662 0.024115
v 0.360448 -0.183662 0.024115
v 0.386286 -0.185078 0.023995
v 0.386286 -0.185078 0.023995
v 0.386286 -0.185078 0.023995
v 0.386286 -0.185078 0.023995
v 0.360448 -0.185078 0.023991
v 0.360448 -0.185078 0.023991
v 0.360448 -0.185078 0.023991
v 0.360448 -0.185078 0.023991
v 0.386286 -0.186449 0.023879
v 0.386286 -0.186449 0.023879
v 0.386286 -0.186449 0.023879
v 0.386286 -0.186449 0.023879
v 0.360448 -0.186449 0.023875
v 0.360448 -0.186449 0.023875
v 0.360448 -0.186449 0.023875
v 0.360448 -0.186449 0.023875
v 0.386286 -0.187841 0.023766
v 0.386286 -0.187841 0.023766
v 0.386286 -0.187841 0.023766
v 0.360448 -0.187841 0.023762
v 0.360448 -0.187841 0.023762
v 0.360448 -0.187841 0.023762
v 0.386286 -0.192103 0.023456
v 0.386286 -0.192103 0.023456
v 0.386286 -0.192103 0.023456
v 0.386286 -0.192103 0.023456
v 0.386286 -0.192103 0.023456
v 0.360448 -0.192103 0.023451
v 0.360448 -0.192103 0.023451
v 0.360448 -0.192103 0.023451
v 0.360448 -0.192103 0.023451
v 0.386286 -0.193475 0.023371
v 0.386286 -0.193475 0.023371
v 0.386286 -0.193475 0.023371
v 0.386286 -0.193475 0.023371
v 0.360448 -0.193475 0.023367
v 0.360448 -0.193475 0.023367
v 0.360448 -0.193475 0.023367
v 0.360448 -0.193475 0.023367
v 0.386286 -0.197662 0.023183
v 0.386286 -0.197662 0.023183
v 0.386286 -0.197662 0.023183
v 0.360448 -0.197662 0.023179
v 0.360448 -0.197662 0.023179
v 0.360448 -0.197662 0.023179
v 0.386286 -0.199088 0.023151
v 0.386286 -0.199088 0.023151
v 0.386286 -0.199088 0.023151
v 0.360448 -0.199088 0.023147
v 0.360448 -0.199088 0.023147
v 0.360448 -0.199088 0.023147
v 0.386286 -0.200525 0.023141
v 0.386286 -0.200525 0.023141
v 0.386286 -0.200525 0.023141
v 0.360448 -0.200525 0.023137
v 0.360448 -0.200525 0.023137
v 0.360448 -0.200525 0.023137
v 0.386286 -0.201906 0.023157
v 0.386286 -0.201906 0.023157
v 0.386286 -0.201906 0.023157
v 0.360448 -0.201906 0.023153
v 0.360448 -0.201906 0.023153
v 0.360448 -0.201906 0.023153
v 0.386286 -0.203345 0.023206
v 0.386286 -0.203345 0.023206
v 0.386286 -0.203345 0.023206
v 0.360448 -0.203345 0.023202
v 0.360448 -0.203345 0.023202
v 0.360448 -0.203345 0.023202
v 0.386286 -0.204690 0.023288
v 0.386286 -0.204690 0.023288
v 0.386286 -0.204690 0.023288
v 0.360448 -0.204690 0.023284
v 0.360448 -0.204690 0.023284
v 0.360448 -0.204690 0.023284
v 0.360448 -0.204690 0.023284
v 0.386286 -0.206109 0.023420
v 0.386286 -0.206109 0.023420
v 0.386286 -0.206109 0.023420
v 0.386286 -0.206109 0.023420
v 0.360448 -0.206109 0.023415
v 0.360448 -0.206109 0.023415
v 0.360448 -0.206109 0.023415
v 0.386286 -0.207504 0.023603
v 0.386286 -0.207504 0.023603
v 0.386286 -0.207504 0.023603
v 0.360448 -0.207504 0.023599
v 0.360448 -0.207504 0.023599
v 0.360448 -0.207504 0.023599
v 0.386286 -0.208947 0.023857
v 0.386286 -0.208947 0.023857
v 0.386286 -0.208947 0.023857
v 0.360448 -0.208947 0.023853
v 0.360448 -0.208947 0.023853
v 0.360448 -0.208947 0.023853
v 0.386286 -0.210288 0.024158
v 0.386286 -0.210288 0.024158
v 0.386286 -0.210288 0.024158
v 0.360448 -0.210288 0.024153
v 0.360448 -0.210288 0.024153
v 0.360448 -0.210288 0.024153
v 0.386286 -0.211632 0.024523
v 0.386286 -0.211632 0.024523
v 0.386286 -0.211632 0.024523
v 0.360448 -0.211632 0.024519
v 0.360448 -0.211632 0.024519
v 0.360448 -0.211632 0.024519
v 0.386286 -0.213025 0.024967
v 0.386286 -0.213025 0.024967
v 0.386286 -0.213025 0.024967
v 0.360448 -0.213025 0.024962
v 0.360448 -0.213025 0.024962
v 0.360448 -0.213025 0.024962
v 0.386286 -0.214348 0.025407
v 0.386286 -0.214348 0.025407
v 0.386286 -0.214348 0.025407
v 0.360447 -0.214348 0.025402
v 0.360447 -0.214348 0.025402
v 0.360447 -0.214348 0.025402
v 0.386286 -0.215710 0.025794
v 0.386286 -0.215710 0.025794
v 0.386286 -0.215710 0.025794
v 0.360447 -0.215710 0.025790
v 0.360447 -0.215710 0.025790
v 0.360447 -0.215710 0.025790
v 0.386286 -0.217091 0.026051
v 0.386286 -0.217091 0.026051
v 0.386286 -0.217091 0.026051
v 0.360447 -0.217091 0.026046
v 0.360447 -0.217091 0.026046
v 0.360447 -0.217091 0.026046
v 0.386286 -0.218499 0.026089
v 0.386286 -0.218499 0.026089
v 0.386286 -0.218499 0.026089
v 0.360447 -0.218499 0.026085
v 0.360447 -0.218499 0.026085
v 0.360447 -0.218499 0.026085
v 0.386286 -0.219900 0.025872
v 0.386286 -0.219900 0.025872
v 0.386286 -0.219900 0.025872
v 0.360447 -0.219900 0.025868
v 0.360447 -0.219900 0.025868
v 0.360447 -0.219900 0.025868
v 0.386286 -0.221246 0.025467
v 0.386286 -0.221246 0.025467
v 0.386286 -0.221246 0.025467
v 0.360447 -0.221246 0.025463
v 0.360447 -0.221246 0.025463
v 0.360447 -0.221246 0.025463
v 0.386286 -0.222563 0.024949
v 0.386286 -0.222563 0.024949
v 0.386286 -0.222563 0.024949
v 0.360448 -0.222563 0.024944
v 0.360448 -0.222563 0.024944
v 0.360448 -0.222563 0.024944
v 0.386286 -0.223876 0.024361
v 0.386286 -0.223876 0.024361
v 0.386286 -0.223876 0.024361
v 0.360448 -0.223876 0.024357
v 0.360448 -0.223876 0.024357
v 0.360448 -0.223876 0.024357
v 0.386286 -0.225150 0.023754
v 0.386286 -0.225150 0.023754
v 0.386286 -0.225150 0.023754
v 0.360448 -0.225150 0.023749
v 0.360448 -0.225150 0.023749
v 0.360448 -0.225150 0.023749
v 0.386286 -0.226434 0.023121
v 0.386286 -0.226434 0.023121
v 0.386286 -0.226434 0.023121
v 0.360448 -0.226434 0.023116
v 0.360448 -0.226434 0.023116
v 0.360448 -0.226434 0.023116
v 0.386287 -0.227716 0.022484
v 0.386287 -0.227716 0.022484
v 0.386287 -0.227716 0.022484
v 0.360448 -0.227716 0.022480
v 0.360448 -0.227716 0.022480
v 0.360448 -0.227716 0.022480
v 0.386287 -0.229008 0.021846
v 0.386287 -0.229008 0.021846
v 0.386287 -0.229008 0.021846
v 0.360448 -0.229008 0.021842
v 0.360448 -0.229008 0.021842
v 0.360448 -0.229008 0.021842
v 0.386287 -0.232857 0.019979
v 0.386287 -0.232857 0.019979
v 0.386287 -0.232857 0.019979
v 0.386287 -0.232857 0.019979
v 0.360448 -0.232857 0.019975
v 0.360448 -0.232857 0.019975
v 0.360448 -0.232857 0.019975
v 0.360448 -0.232857 0.019975
v 0.386287 -0.234156 0.019366
v 0.386287 -0.234156 0.019366
v 0.386287 -0.234156 0.019366
v 0.360449 -0.234156 0.019361
v 0.360449 -0.234156 0.019361
v 0.360449 -0.234156 0.019361
v 0.386287 -0.235426 0.018778
v 0.386287 -0.235426 0.018778
v 0.386287 -0.235426 0.018778
v 0.360449 -0.235426 0.018773
v 0.360449 -0.235426 0.018773
v 0.360449 -0.235426 0.018773
v 0.386287 -0.238055 0.017611
v 0.386287 -0.238055 0.017611
v 0.386287 -0.238055 0.017611
v 0.360449 -0.238055 0.017606
v 0.360449 -0.238055 0.017606
v 0.360449 -0.238055 0.017606
v 0.360449 -0.238055 0.017606
v 0.360449 -0.238055 0.017606
v 0.386287 -0.239344 0.017071
v 0.386287 -0.239344 0.017071
v 0.386287 -0.239344 0.017071
v 0.360449 -0.239344 0.017067
v 0.360449 -0.239344 0.017067
v 0.360449 -0.239344 0.017067
v 0.386288 -0.242023 0.016039
v 0.386288 -0.242023 0.016039
v 0.386288 -0.242023 0.016039
v 0.386288 -0.242023 0.016039
v 0.360449 -0.242023 0.016034
v 0.360449 -0.242023 0.016034
v 0.360449 -0.242023 0.016034
v 0.360449 -0.242023 0.016034
v 0.386288 -0.243322 0.015589
v 0.386288 -0.243322 0.015589
v 0.386288 -0.243322 0.015589
v 0.360449 -0.243322 0.015585
v 0.360449 -0.243322 0.015585
v 0.360449 -0.243322 0.015585
v 0.386288 -0.244689 0.015156
v 0.386288 -0.244689 0.015156
v 0.386288 -0.244689 0.015156
v 0.360449 -0.244689 0.015152
v 0.360449 -0.244689 0.015152
v 0.360449 -0.244689 0.015152
v 0.386288 -0.246051 0.014766
v 0.386288 -0.246051 0.014766
v 0.386288 -0.246051 0.014766
v 0.360449 -0.246051 0.014762
v 0.360449 -0.246051 0.014762
v 0.360449 -0.246051 0.014762
v 0.386288 -0.247416 0.014415
v 0.386288 -0.247416 0.014415
v 0.386288 -0.247416 0.014415
v 0.360449 -0.247416 0.014411
v 0.360449 -0.247416 0.014411
v 0.360449 -0.247416 0.014411
v 0.386288 -0.248791 0.014098
v 0.386288 -0.248791 0.014098
v 0.386288 -0.248791 0.014098
v 0.360449 -0.248791 0.014094
v 0.360449 -0.248791 0.014094
v 0.360449 -0.248791 0.014094
v 0.386288 -0.250206 0.013806
v 0.386288 -0.250206 0.013806
v 0.386288 -0.250206 0.013806
v 0.360449 -0.250206 0.013801
v 0.360449 -0.250206 0.013801
v 0.360449 -0.250206 0.013801
v 0.386288 -0.252962 0.013309
v 0.386288 -0.252962 0.013309
v 0.386288 -0.252962 0.013309
v 0.360450 -0.252962 0.013305
v 0.360450 -0.252962 0.013305
v 0.360450 -0.252962 0.013305
v 0.386288 -0.254361 0.013085
v 0.386288 -0.254361 0.013085
v 0.386288 -0.254361 0.013085
v 0.360450 -0.254361 0.013080
v 0.360450 -0.254361 0.013080
v 0.360450 -0.254361 0.013080
v 0.386288 -0.255759 0.012872
v 0.386288 -0.255759 0.012872
v 0.386288 -0.255759 0.012872
v 0.360450 -0.255759 0.012867
v 0.360450 -0.255759 0.012867
v 0.360450 -0.255759 0.012867
v 0.386288 -0.257146 0.012670
v 0.386288 -0.257146 0.012670
v 0.386288 -0.257146 0.012670
v 0.360450 -0.257146 0.012665
v 0.360450 -0.257146 0.012665
v 0.360450 -0.257146 0.012665
v 0.386288 -0.261371 0.012148
v 0.386288 -0.261371 0.012148
v 0.386288 -0.261371 0.012148
v 0.360450 -0.261371 0.012143
v 0.360450 -0.261371 0.012143
v 0.360450 -0.261371 0.012143
v 0.386288 -0.262772 0.012020
v 0.386288 -0.262772 0.012020
v 0.386288 -0.262772 0.012020
v 0.360450 -0.262772 0.012015
v 0.360450 -0.262772 0.012015
v 0.360450 -0.262772 0.012015
v 0.386288 -0.264174 0.011919
v 0.386288 -0.264174 0.011919
v 0.386288 -0.264174 0.011919
v 0.360450 -0.264174 0.011915
v 0.360450 -0.264174 0.011915
v 0.360450 -0.264174 0.011915
v 0.386288 -0.265583 0.011848
v 0.386288 -0.265583 0.011848
v 0.386288 -0.265583 0.011848
v 0.360450 -0.265583 0.011844
v 0.360450 -0.265583 0.011844
v 0.360450 -0.265583 0.011844
v 0.386288 -0.266931 0.011810
v 0.386288 -0.266931 0.011810
v 0.386288 -0.266931 0.011810
v 0.360450 -0.266931 0.011806
v 0.360450 -0.266931 0.011806
v 0.360450 -0.266931 0.011806
v 0.386288 -0.268356 0.011801
v 0.386288 -0.268356 0.011801
v 0.386288 -0.268356 0.011801
v 0.360450 -0.268356 0.011797
v 0.360450 -0.268356 0.011797
v 0.360450 -0.268356 0.011797
v 0.386288 -0.269752 0.011822
v 0.386288 -0.269752 0.011822
v 0.386288 -0.269752 0.011822
v 0.360450 -0.269752 0.011818
v 0.360450 -0.269752 0.011818
v 0.360450 -0.269752 0.011818
v 0.386288 -0.272579 0.011944
v 0.386288 -0.272579 0.011944
v 0.386288 -0.272579 0.011944
v 0.360450 -0.272579 0.011940
v 0.360450 -0.272579 0.011940
v 0.360450 -0.272579 0.011940
v 0.386288 -0.274010 0.012041
v 0.386288 -0.274010 0.012041
v 0.386288 -0.274010 0.012041
v 0.360450 -0.274010 0.012037
v 0.360450 -0.274010 0.012037
v 0.360450 -0.274010 0.012037
v 0.386288 -0.276808 0.012283
v 0.386288 -0.276808 0.012283
v 0.386288 -0.276808 0.012283
v 0.360450 -0.276808 0.012279
v 0.360450 -0.276808 0.012279
v 0.360450 -0.276808 0.012279
v 0.386288 -0.278204 0.012425
v 0.386288 -0.278204 0.012425
v 0.386288 -0.278204 0.012425
v 0.360450 -0.278204 0.012421
v 0.360450 -0.278204 0.012421
v 0.360450 -0.278204 0.012421
v 0.386288 -0.282368 0.012907
v 0.386288 -0.282368 0.012907
v 0.386288 -0.282368 0.012907
v 0.360450 -0.282368 0.012902
v 0.360450 -0.282368 0.012902
v 0.360450 -0.282368 0.012902
v 0.386288 -0.283786 0.013086
v 0.386288 -0.283786 0.013086
v 0.386288 -0.283786 0.013086
v 0.360450 -0.283786 0.013081
v 0.360450 -0.283786 0.013081
v 0.360450 -0.283786 0.013081
v 0.386288 -0.292172 0.014183
v 0.386288 -0.292172 0.014183
v 0.386288 -0.292172 0.014183
v 0.360449 -0.292172 0.014179
v 0.360449 -0.292172 0.014179
v 0.360449 -0.292172 0.014179
v 0.386288 -0.293581 0.014351
v 0.386288 -0.293581 0.014351
v 0.386288 -0.293581 0.014351
v 0.360449 -0.293581 0.014347
v 0.360449 -0.293581 0.014347
v 0.360449 -0.293581 0.014347
v 0.386288 -0.297782 0.014807
v 0.386288 -0.297782 0.014807
v 0.386288 -0.297782 0.014807
v 0.360449 -0.297782 0.014802
v 0.360449 -0.297782 0.014802
v 0.360449 -0.297782 0.014802
v 0.386288 -0.299167 0.014939
v 0.386288 -0.299167 0.014939
v 0.386288 -0.299167 0.014939
v 0.360449 -0.299167 0.014935
v 0.360449 -0.299167 0.014935
v 0.360449 -0.299167 0.014935
v 0.386288 -0.300582 0.015064
v 0.386288 -0.300582 0.015064
v 0.386288 -0.300582 0.015064
v 0.360449 -0.300582 0.015060
v 0.360449 -0.300582 0.015060
v 0.360449 -0.300582 0.015060
v 0.386288 -0.301978 0.015174
v 0.386288 -0.301978 0.015174
v 0.386288 -0.301978 0.015174
v 0.360449 -0.301978 0.015169
v 0.360449 -0.301978 0.015169
v 0.360449 -0.301978 0.015169
v 0.386288 -0.303392 0.015267
v 0.386288 -0.303392 0.015267
v 0.386288 -0.303392 0.015267
v 0.360449 -0.303392 0.015263
v 0.360449 -0.303392 0.015263
v 0.360449 -0.303392 0.015263
v 0.386288 -0.304807 0.015336
v 0.386288 -0.304807 0.015336
v 0.386288 -0.304807 0.015336
v 0.360449 -0.304807 0.015332
v 0.360449 -0.304807 0.015332
v 0.360449 -0.304807 0.015332
v 0.386288 -0.306186 0.015361
v 0.386288 -0.306186 0.015361
v 0.386288 -0.306186 0.015361
v 0.360449 -0.306186 0.015357
v 0.360449 -0.306186 0.015357
v 0.360449 -0.306186 0.015357
v 0.386288 -0.307609 0.015252
v 0.386288 -0.307609 0.015252
v 0.386288 -0.307609 0.015252
v 0.360449 -0.307609 0.015247
v 0.360449 -0.307609 0.015247
v 0.360449 -0.307609 0.015247
v 0.386288 -0.307804 0.013964
v 0.386288 -0.307804 0.013964
v 0.386288 -0.307804 0.013964
v 0.360449 -0.307804 0.013960
v 0.360449 -0.307804 0.013960
v 0.360449 -0.307804 0.013960
v 0.386288 -0.306984 0.012728
v 0.386288 -0.306984 0.012728
v 0.386288 -0.306984 0.012728
v 0.360450 -0.306984 0.012723
v 0.360450 -0.306984 0.012723
v 0.360450 -0.306984 0.012723
v 0.386288 -0.305949 0.011724
v 0.386288 -0.305949 0.011724
v 0.386288 -0.305949 0.011724
v 0.360450 -0.305949 0.011719
v 0.360450 -0.305949 0.011719
v 0.360450 -0.305949 0.011719
v 0.386289 -0.304733 0.010790
v 0.386289 -0.304733 0.010790
v 0.386289 -0.304733 0.010790
v 0.360450 -0.304733 0.010786
v 0.360450 -0.304733 0.010786
v 0.360450 -0.304733 0.010786
v 0.386289 -0.303568 0.010000
v 0.386289 -0.303568 0.010000
v 0.386289 -0.303568 0.010000
v 0.360450 -0.303568 0.009995
v 0.360450 -0.303568 0.009995
v 0.360450 -0.303568 0.009995
v 0.386289 -0.302357 0.009251
v 0.386289 -0.302357 0.009251
v 0.386289 -0.302357 0.009251
v 0.360450 -0.302357 0.009246
v 0.360450 -0.302357 0.009246
v 0.360450 -0.302357 0.009246
v 0.386289 -0.301168 0.008570
v 0.386289 -0.301168 0.008570
v 0.386289 -0.301168 0.008570
v 0.360450 -0.301168 0.008566
v 0.360450 -0.301168 0.008566
v 0.360450 -0.301168 0.008566
v 0.386289 -0.299899 0.007890
v 0.386289 -0.299899 0.007890
v 0.386289 -0.299899 0.007890
v 0.360450 -0.299899 0.007885
v 0.360450 -0.299899 0.007885
v 0.360450 -0.299899 0.007885
v 0.386289 -0.298630 0.007250
v 0.386289 -0.298630 0.007250
v 0.386289 -0.298630 0.007250
v 0.360451 -0.298630 0.007245
v 0.360451 -0.298630 0.007245
v 0.360451 -0.298630 0.007245
v 0.386289 -0.297374 0.006647
v 0.386289 -0.297374 0.006647
v 0.386289 -0.297374 0.006647
v 0.360451 -0.297374 0.006642
v 0.360451 -0.297374 0.006642
v 0.360451 -0.297374 0.006642
v 0.386289 -0.294689 0.005446
v 0.386289 -0.294689 0.005446
v 0.386289 -0.294689 0.005446
v 0.360451 -0.294689 0.005442
v 0.360451 -0.294689 0.005442
v 0.360451 -0.294689 0.005442
v 0.386290 -0.293347 0.004883
v 0.386290 -0.293347 0.004883
v 0.386290 -0.293347 0.004883
v 0.360451 -0.293347 0.004879
v 0.360451 -0.293347 0.004879
v 0.360451 -0.293347 0.004879
v 0.386290 -0.289369 0.003328
v 0.386290 -0.289369 0.003328
v 0.386290 -0.289369 0.003328
v 0.360451 -0.289369 0.003324
v 0.360451 -0.289369 0.003324
v 0.360451 -0.289369 0.003324
v 0.386290 -0.288064 0.002850
v 0.386290 -0.288064 0.002850
v 0.386290 -0.288064 0.002850
v 0.360451 -0.288064 0.002846
v 0.360451 -0.288064 0.002846
v 0.360451 -0.288064 0.002846
v 0.386290 -0.284030 0.001456
v 0.386290 -0.284030 0.001456
v 0.386290 -0.284030 0.001456
v 0.360452 -0.284030 0.001451
v 0.360452 -0.284030 0.001451
v 0.360452 -0.284030 0.001451
v 0.386290 -0.282768 0.001043
v 0.386290 -0.282768 0.001043
v 0.386290 -0.282768 0.001043
v 0.360452 -0.282768 0.001038
v 0.360452 -0.282768 0.001038
v 0.360452 -0.282768 0.001038
v 0.386290 -0.277277 -0.000644
v 0.386290 -0.277277 -0.000644
v 0.386290 -0.277277 -0.000644
v 0.360452 -0.277277 -0.000649
v 0.360452 -0.277277 -0.000649
v 0.360452 -0.277277 -0.000649
v 0.386291 -0.275943 -0.001029
v 0.386291 -0.275943 -0.001029
v 0.386291 -0.275943 -0.001029
v 0.360452 -0.275943 -0.001033
v 0.360452 -0.275943 -0.001033
v 0.360452 -0.275943 -0.001033
v 0.386291 -0.270435 -0.002526
v 0.386291 -0.270435 -0.002526
v 0.386291 -0.270435 -0.002526
v 0.360452 -0.270435 -0.002530
v 0.360452 -0.270435 -0.002530
v 0.360452 -0.270435 -0.002530
v 0.386291 -0.269120 -0.002862
v 0.386291 -0.269120 -0.002862
v 0.386291 -0.269120 -0.002862
v 0.360452 -0.269120 -0.002867
v 0.360452 -0.269120 -0.002867
v 0.360452 -0.269120 -0.002867
v 0.386291 -0.266390 -0.003537
v 0.386291 -0.266390 -0.003537
v 0.386291 -0.266390 -0.003537
v 0.360452 -0.266390 -0.003541
v 0.360452 -0.266390 -0.003541
v 0.360452 -0.266390 -0.003541
v 0.386291 -0.264979 -0.003873
v 0.386291 -0.264979 -0.003873
v 0.386291 -0.264979 -0.003873
v 0.360452 -0.264979 -0.003877
v 0.360452 -0.264979 -0.003877
v 0.360452 -0.264979 -0.003877
v 0.386291 -0.262169 -0.004517
v 0.386291 -0.262169 -0.004517
v 0.386291 -0.262169 -0.004517
v 0.360453 -0.262169 -0.004521
v 0.360453 -0.262169 -0.004521
v 0.360453 -0.262169 -0.004521
v 0.386291 -0.260859 -0.004806
v 0.386291 -0.260859 -0.004806
v 0.386291 -0.260859 -0.004806
v 0.360453 -0.260859 -0.004811
v 0.360453 -0.260859 -0.004811
v 0.360453 -0.260859 -0.004811
v 0.386291 -0.258146 -0.005383
v 0.386291 -0.258146 -0.005383
v 0.386291 -0.258146 -0.005383
v 0.360453 -0.258146 -0.005387
v 0.360453 -0.258146 -0.005387
v 0.360453 -0.258146 -0.005387
v 0.386291 -0.256748 -0.005668
v 0.386291 -0.256748 -0.005668
v 0.386291 -0.256748 -0.005668
v 0.360453 -0.256748 -0.005673
v 0.360453 -0.256748 -0.005673
v 0.360453 -0.256748 -0.005673
v 0.386291 -0.255353 -0.005945
v 0.386291 -0.255353 -0.005945
v 0.386291 -0.255353 -0.005945
v 0.360453 -0.255353 -0.005950
v 0.360453 -0.255353 -0.005950
v 0.360453 -0.255353 -0.005950
v 0.386291 -0.253960 -0.006214
v 0.386291 -0.253960 -0.006214
v 0.386291 -0.253960 -0.006214
v 0.360453 -0.253960 -0.006219
v 0.360453 -0.253960 -0.006219
v 0.360453 -0.253960 -0.006219
v 0.386292 -0.247010 -0.007436
v 0.386292 -0.247010 -0.007436
v 0.386292 -0.247010 -0.007436
v 0.360453 -0.247010 -0.007441
v 0.360453 -0.247010 -0.007441
v 0.360453 -0.247010 -0.007441
v 0.386292 -0.245538 -0.007669
v 0.386292 -0.245538 -0.007669
v 0.386292 -0.245538 -0.007669
v 0.360453 -0.245538 -0.007674
v 0.360453 -0.245538 -0.007674
v 0.360453 -0.245538 -0.007674
v 0.386292 -0.244157 -0.007879
v 0.386292 -0.244157 -0.007879
v 0.386292 -0.244157 -0.007879
v 0.360453 -0.244157 -0.007884
v 0.360453 -0.244157 -0.007884
v 0.360453 -0.244157 -0.007884
v 0.386292 -0.242775 -0.008081
v 0.386292 -0.242775 -0.008081
v 0.386292 -0.242775 -0.008081
v 0.360453 -0.242775 -0.008086
v 0.360453 -0.242775 -0.008086
v 0.360453 -0.242775 -0.008086
v 0.386292 -0.240005 -0.008461
v 0.386292 -0.240005 -0.008461
v 0.386292 -0.240005 -0.008461
v 0.360453 -0.240005 -0.008465
v 0.360453 -0.240005 -0.008465
v 0.360453 -0.240005 -0.008465
v 0.386292 -0.238616 -0.008637
v 0.386292 -0.238616 -0.008637
v 0.386292 -0.238616 -0.008637
v 0.360453 -0.238616 -0.008642
v 0.360453 -0.238616 -0.008642
v 0.360453 -0.238616 -0.008642
v 0.386292 -0.234378 -0.009119
v 0.386292 -0.234378 -0.009119
v 0.386292 -0.234378 -0.009119
v 0.360453 -0.234378 -0.009124
v 0.360453 -0.234378 -0.009124
v 0.360453 -0.234378 -0.009124
v 0.386292 -0.233005 -0.009256
v 0.386292 -0.233005 -0.009256
v 0.386292 -0.233005 -0.009256
v 0.360453 -0.233005 -0.009261
v 0.360453 -0.233005 -0.009261
v 0.360453 -0.233005 -0.009261
v 0.386292 -0.227426 -0.009820
v 0.386292 -0.227426 -0.009820
v 0.386292 -0.227426 -0.009820
v 0.360454 -0.227426 -0.009825
v 0.360454 -0.227426 -0.009825
v 0.360454 -0.227426 -0.009825
v 0.386292 -0.226034 -0.009993
v 0.386292 -0.226034 -0.009993
v 0.386292 -0.226034 -0.009993
v 0.360454 -0.226034 -0.009997
v 0.360454 -0.226034 -0.009997
v 0.360454 -0.226034 -0.009997
v 0.386292 -0.224648 -0.010176
v 0.386292 -0.224648 -0.010176
v 0.386292 -0.224648 -0.010176
v 0.360454 -0.224648 -0.010180
v 0.360454 -0.224648 -0.010180
v 0.360454 -0.224648 -0.010180
v 0.386292 -0.223225 -0.010374
v 0.386292 -0.223225 -0.010374
v 0.386292 -0.223225 -0.010374
v 0.386292 -0.223225 -0.010374
v 0.386292 -0.223225 -0.010374
v 0.360454 -0.223225 -0.010379
v 0.360454 -0.223225 -0.010379
v 0.360454 -0.223225 -0.010379
v 0.360454 -0.223225 -0.010379
v 0.360454 -0.223225 -0.010379
v 0.386292 -0.220456 -0.010791
v 0.386292 -0.220456 -0.010791
v 0.386292 -0.220456 -0.010791
v 0.360454 -0.220456 -0.010795
v 0.360454 -0.220456 -0.010795
v 0.360454 -0.220456 -0.010795
v 0.386292 -0.219052 -0.011018
v 0.386292 -0.219052 -0.011018
v 0.386292 -0.219052 -0.011018
v 0.360454 -0.219052 -0.011022
v 0.360454 -0.219052 -0.011022
v 0.360454 -0.219052 -0.011022
v 0.386292 -0.214886 -0.011764
v 0.386292 -0.214886 -0.011764
v 0.386292 -0.214886 -0.011764
v 0.360454 -0.214886 -0.011769
v 0.360454 -0.214886 -0.011769
v 0.360454 -0.214886 -0.011769
v 0.386292 -0.213497 -0.012044
v 0.386292 -0.213497 -0.012044
v 0.386292 -0.213497 -0.012044
v 0.360454 -0.213497 -0.012049
v 0.360454 -0.213497 -0.012049
v 0.360454 -0.213497 -0.012049
v 0.386293 -0.210766 -0.012666
v 0.386293 -0.210766 -0.012666
v 0.386293 -0.210766 -0.012666
v 0.360454 -0.210766 -0.012670
v 0.360454 -0.210766 -0.012670
v 0.360454 -0.210766 -0.012670
v 0.386293 -0.209389 -0.012973
v 0.386293 -0.209389 -0.012973
v 0.386293 -0.209389 -0.012973
v 0.360454 -0.209389 -0.012978
v 0.360454 -0.209389 -0.012978
v 0.360454 -0.209389 -0.012978
v 0.386293 -0.207995 -0.013251
v 0.386293 -0.207995 -0.013251
v 0.386293 -0.207995 -0.013251
v 0.360454 -0.207995 -0.013256
v 0.360454 -0.207995 -0.013256
v 0.360454 -0.207995 -0.013256
v 0.386293 -0.206594 -0.013487
v 0.386293 -0.206594 -0.013487
v 0.386293 -0.206594 -0.013487
v 0.360454 -0.206594 -0.013492
v 0.360454 -0.206594 -0.013492
v 0.360454 -0.206594 -0.013492
v 0.386293 -0.205196 -0.013670
v 0.386293 -0.205196 -0.013670
v 0.386293 -0.205196 -0.013670
v 0.360454 -0.205196 -0.013674
v 0.360454 -0.205196 -0.013674
v 0.360454 -0.205196 -0.013674
v 0.386293 -0.203804 -0.013790
v 0.386293 -0.203804 -0.013790
v 0.386293 -0.203804 -0.013790
v 0.360454 -0.203804 -0.013794
v 0.360454 -0.203804 -0.013794
v 0.360454 -0.203804 -0.013794
v 0.386293 -0.202420 -0.013839
v 0.386293 -0.202420 -0.013839
v 0.386293 -0.202420 -0.013839
v 0.360454 -0.202420 -0.013843
v 0.360454 -0.202420 -0.013843
v 0.360454 -0.202420 -0.013843
v 0.386293 -0.201002 -0.013808
v 0.386293 -0.201002 -0.013808
v 0.386293 -0.201002 -0.013808
v 0.360454 -0.201002 -0.013813
v 0.360454 -0.201002 -0.013813
v 0.360454 -0.201002 -0.013813
v 0.386293 -0.199606 -0.013693
v 0.386293 -0.199606 -0.013693
v 0.386293 -0.199606 -0.013693
v 0.360454 -0.199606 -0.013698
v 0.360454 -0.199606 -0.013698
v 0.360454 -0.199606 -0.013698
v 0.386293 -0.198207 -0.013492
v 0.386293 -0.198207 -0.013492
v 0.386293 -0.198207 -0.013492
v 0.360454 -0.198207 -0.013497
v 0.360454 -0.198207 -0.013497
v 0.360454 -0.198207 -0.013497
v 0.386293 -0.196805 -0.013208
v 0.386293 -0.196805 -0.013208
v 0.386293 -0.196805 -0.013208
v 0.360454 -0.196805 -0.013212
v 0.360454 -0.196805 -0.013212
v 0.360454 -0.196805 -0.013212
v 0.360454 -0.196805 -0.013212
v 0.386293 -0.195459 -0.012861
v 0.386293 -0.195459 -0.012861
v 0.386293 -0.195459 -0.012861
v 0.386293 -0.195459 -0.012861
v 0.360454 -0.195459 -0.012866
v 0.360454 -0.195459 -0.012866
v 0.360454 -0.195459 -0.012866
v 0.386292 -0.194093 -0.012443
v 0.386292 -0.194093 -0.012443
v 0.386292 -0.194093 -0.012443
v 0.360454 -0.194093 -0.012448
v 0.360454 -0.194093 -0.012448
v 0.360454 -0.194093 -0.012448
v 0.386292 -0.192732 -0.011970
v 0.386292 -0.192732 -0.011970
v 0.386292 -0.192732 -0.011970
v 0.360454 -0.192732 -0.011974
v 0.360454 -0.192732 -0.011974
v 0.360454 -0.192732 -0.011974
v 0.386292 -0.191420 -0.011467
v 0.386292 -0.191420 -0.011467
v 0.386292 -0.191420 -0.011467
v 0.360454 -0.191420 -0.011471
v 0.360454 -0.191420 -0.011471
v 0.360454 -0.191420 -0.011471
v 0.386292 -0.190120 -0.010930
v 0.386292 -0.190120 -0.010930
v 0.386292 -0.190120 -0.010930
v 0.360454 -0.190120 -0.010935
v 0.360454 -0.190120 -0.010935
v 0.360454 -0.190120 -0.010935
v 0.386292 -0.186211 -0.009154
v 0.386292 -0.186211 -0.009154
v 0.386292 -0.186211 -0.009154
v 0.360453 -0.186211 -0.009158
v 0.360453 -0.186211 -0.009158
v 0.360453 -0.186211 -0.009158
v 0.386292 -0.184930 -0.008553
v 0.386292 -0.184930 -0.008553
v 0.386292 -0.184930 -0.008553
v 0.360453 -0.184930 -0.008557
v 0.360453 -0.184930 -0.008557
v 0.360453 -0.184930 -0.008557
v 0.386292 -0.183591 -0.008003
v 0.386292 -0.183591 -0.008003
v 0.386292 -0.183591 -0.008003
v 0.360453 -0.183591 -0.008008
v 0.360453 -0.183591 -0.008008
v 0.360453 -0.183591 -0.008008
v 0.386292 -0.182298 -0.007539
v 0.386292 -0.182298 -0.007539
v 0.386292 -0.182298 -0.007539
v 0.360453 -0.182298 -0.007543
v 0.360453 -0.182298 -0.007543
v 0.360453 -0.182298 -0.007543
v 0.386292 -0.180889 -0.007093
v 0.386292 -0.180889 -0.007093
v 0.386292 -0.180889 -0.007093
v 0.360453 -0.180889 -0.007097
v 0.360453 -0.180889 -0.007097
v 0.360453 -0.180889 -0.007097
v 0.386291 -0.179537 -0.006713
v 0.386291 -0.179537 -0.006713
v 0.386291 -0.179537 -0.006713
v 0.360453 -0.179537 -0.006718
v 0.360453 -0.179537 -0.006718
v 0.360453 -0.179537 -0.006718
v 0.386291 -0.178195 -0.006377
v 0.386291 -0.178195 -0.006377
v 0.386291 -0.178195 -0.006377
v 0.360453 -0.178195 -0.006381
v 0.360453 -0.178195 -0.006381
v 0.360453 -0.178195 -0.006381
v 0.386291 -0.176798 -0.006064
v 0.386291 -0.176798 -0.006064
v 0.386291 -0.176798 -0.006064
v 0.360453 -0.176798 -0.006068
v 0.360453 -0.176798 -0.006068
v 0.360453 -0.176798 -0.006068
v 0.386291 -0.175400 -0.005784
v 0.386291 -0.175400 -0.005784
v 0.386291 -0.175400 -0.005784
v 0.360453 -0.175400 -0.005788
v 0.360453 -0.175400 -0.005788
v 0.360453 -0.175400 -0.005788
v 0.386291 -0.174005 -0.005534
v 0.386291 -0.174005 -0.005534
v 0.386291 -0.174005 -0.005534
v 0.360453 -0.174005 -0.005538
v 0.360453 -0.174005 -0.005538
v 0.360453 -0.174005 -0.005538
v 0.360453 -0.174005 -0.005538
v 0.386291 -0.172615 -0.005312
v 0.386291 -0.172615 -0.005312
v 0.386291 -0.172615 -0.005312
v 0.386291 -0.172615 -0.005312
v 0.360453 -0.172615 -0.005316
v 0.360453 -0.172615 -0.005316
v 0.360453 -0.172615 -0.005316
v 0.360453 -0.172615 -0.005316
v 0.386291 -0.171232 -0.005115
v 0.386291 -0.171232 -0.005115
v 0.386291 -0.171232 -0.005115
v 0.386291 -0.171232 -0.005115
v 0.360453 -0.171232 -0.005119
v 0.360453 -0.171232 -0.005119
v 0.360453 -0.171232 -0.005119
v 0.360453 -0.171232 -0.005119
v 0.386291 -0.168490 -0.004788
v 0.386291 -0.168490 -0.004788
v 0.386291 -0.168490 -0.004788
v 0.386291 -0.168490 -0.004788
v 0.386291 -0.168490 -0.004788
v 0.360453 -0.168490 -0.004793
v 0.360453 -0.168490 -0.004793
v 0.360453 -0.168490 -0.004793
v 0.386291 -0.167009 -0.004644
v 0.386291 -0.167009 -0.004644
v 0.386291 -0.167009 -0.004644
v 0.386291 -0.167009 -0.004644
v 0.360453 -0.167009 -0.004649
v 0.360453 -0.167009 -0.004649
v 0.360453 -0.167009 -0.004649
v 0.386291 -0.164244 -0.004430
v 0.386291 -0.164244 -0.004430
v 0.386291 -0.164244 -0.004430
v 0.360453 -0.164244 -0.004434
v 0.360453 -0.164244 -0.004434
v 0.360453 -0.164244 -0.004434
v 0.386291 -0.162838 -0.004346
v 0.386291 -0.162838 -0.004346
v 0.386291 -0.162838 -0.004346
v 0.360453 -0.162838 -0.004351
v 0.360453 -0.162838 -0.004351
v 0.360453 -0.162838 -0.004351
v 0.360453 -0.162838 -0.004351
v 0.386291 -0.160039 -0.004227
v 0.386291 -0.160039 -0.004227
v 0.386291 -0.160039 -0.004227
v 0.386291 -0.160039 -0.004227
v 0.360453 -0.160039 -0.004232
v 0.360453 -0.160039 -0.004232
v 0.360453 -0.160039 -0.004232
v 0.360453 -0.160039 -0.004232
v 0.386291 -0.158579 -0.004189
v 0.386291 -0.158579 -0.004189
v 0.386291 -0.158579 -0.004189
v 0.386291 -0.158579 -0.004189
v 0.360453 -0.158579 -0.004193
v 0.360453 -0.158579 -0.004193
v 0.360453 -0.158579 -0.004193
v 0.360453 -0.158579 -0.004193
v 0.386291 -0.154359 -0.004163
v 0.386291 -0.154359 -0.004163
v 0.386291 -0.154359 -0.004163
v 0.386291 -0.154359 -0.004163
v 0.360453 -0.154359 -0.004167
v 0.360453 -0.154359 -0.004167
v 0.360453 -0.154359 -0.004167
v 0.360453 -0.154359 -0.004167
v 0.386291 -0.153039 -0.004180
v 0.386291 -0.153039 -0.004180
v 0.386291 -0.153039 -0.004180
v 0.386291 -0.153039 -0.004180
v 0.360453 -0.153039 -0.004184
v 0.360453 -0.153039 -0.004184
v 0.360453 -0.153039 -0.004184
v 0.360453 -0.153039 -0.004184
v 0.386291 -0.148739 -0.004314
v 0.386291 -0.148739 -0.004314
v 0.386291 -0.148739 -0.004314
v 0.386291 -0.148739 -0.004314
v 0.360453 -0.148739 -0.004318
v 0.360453 -0.148739 -0.004318
v 0.360453 -0.148739 -0.004318
v 0.360453 -0.148739 -0.004318
v 0.386291 -0.147317 -0.004384
v 0.386291 -0.147317 -0.004384
v 0.386291 -0.147317 -0.004384
v 0.386291 -0.147317 -0.004384
v 0.360453 -0.147317 -0.004389
v 0.360453 -0.147317 -0.004389
v 0.360453 -0.147317 -0.004389
v 0.360453 -0.147317 -0.004389
v 0.386291 -0.143153 -0.004662
v 0.386291 -0.143153 -0.004662
v 0.386291 -0.143153 -0.004662
v 0.360453 -0.143153 -0.004666
v 0.360453 -0.143153 -0.004666
v 0.360453 -0.143153 -0.004666
v 0.386291 -0.141742 -0.004780
v 0.386291 -0.141742 -0.004780
v 0.386291 -0.141742 -0.004780
v 0.360453 -0.141742 -0.004784
v 0.360453 -0.141742 -0.004784
v 0.360453 -0.141742 -0.004784
v 0.386291 -0.137504 -0.005209
v 0.386291 -0.137504 -0.005209
v 0.386291 -0.137504 -0.005209
v 0.360453 -0.137504 -0.005213
v 0.360453 -0.137504 -0.005213
v 0.360453 -0.137504 -0.005213
v 0.386291 -0.136196 -0.005363
v 0.386291 -0.136196 -0.005363
v 0.386291 -0.136196 -0.005363
v 0.360453 -0.136196 -0.005368
v 0.360453 -0.136196 -0.005368
v 0.360453 -0.136196 -0.005368
v 0.386291 -0.133345 -0.005736
v 0.386291 -0.133345 -0.005736
v 0.386291 -0.133345 -0.005736
v 0.360453 -0.133345 -0.005741
v 0.360453 -0.133345 -0.005741
v 0.360453 -0.133345 -0.005741
v 0.386291 -0.131947 -0.005909
v 0.386291 -0.131947 -0.005909
v 0.386291 -0.131947 -0.005909
v 0.360453 -0.131947 -0.005914
v 0.360453 -0.131947 -0.005914
v 0.360453 -0.131947 -0.005914
v 0.386291 -0.129164 -0.006195
v 0.386291 -0.129164 -0.006195
v 0.386291 -0.129164 -0.006195
v 0.360453 -0.129164 -0.006200
v 0.360453 -0.129164 -0.006200
v 0.360453 -0.129164 -0.006200
v 0.386291 -0.127729 -0.006321
v 0.386291 -0.127729 -0.006321
v 0.386291 -0.127729 -0.006321
v 0.360453 -0.127729 -0.006326
v 0.360453 -0.127729 -0.006326
v 0.360453 -0.127729 -0.006326
v 0.386291 -0.123518 -0.006634
v 0.386291 -0.123518 -0.006634
v 0.386291 -0.123518 -0.006634
v 0.360453 -0.123518 -0.006639
v 0.360453 -0.123518 -0.006639
v 0.360453 -0.123518 -0.006639
v 0.360453 -0.123518 -0.006639
v 0.386291 -0.122169 -0.006721
v 0.386291 -0.122169 -0.006721
v 0.386291 -0.122169 -0.006721
v 0.386291 -0.122169 -0.006721
v 0.360453 -0.122169 -0.006725
v 0.360453 -0.122169 -0.006725
v 0.360453 -0.122169 -0.006725
v 0.386292 -0.119306 -0.006886
v 0.386292 -0.119306 -0.006886
v 0.386292 -0.119306 -0.006886
v 0.360453 -0.119306 -0.006890
v 0.360453 -0.119306 -0.006890
v 0.360453 -0.119306 -0.006890
v 0.386292 -0.117894 -0.006960
v 0.386292 -0.117894 -0.006960
v 0.386292 -0.117894 -0.006960
v 0.360453 -0.117894 -0.006964
v 0.360453 -0.117894 -0.006964
v 0.360453 -0.117894 -0.006964
v 0.386292 -0.113744 -0.007152
v 0.386292 -0.113744 -0.007152
v 0.386292 -0.113744 -0.007152
v 0.360453 -0.113744 -0.007157
v 0.360453 -0.113744 -0.007157
v 0.360453 -0.113744 -0.007157
v 0.386292 -0.112305 -0.007211
v 0.386292 -0.112305 -0.007211
v 0.386292 -0.112305 -0.007211
v 0.360453 -0.112305 -0.007215
v 0.360453 -0.112305 -0.007215
v 0.360453 -0.112305 -0.007215
v 0.386292 -0.106716 -0.007408
v 0.386292 -0.106716 -0.007408
v 0.386292 -0.106716 -0.007408
v 0.360453 -0.106716 -0.007412
v 0.360453 -0.106716 -0.007412
v 0.360453 -0.106716 -0.007412
v 0.386292 -0.105228 -0.007452
v 0.386292 -0.105228 -0.007452
v 0.386292 -0.105228 -0.007452
v 0.360453 -0.105228 -0.007456
v 0.360453 -0.105228 -0.007456
v 0.360453 -0.105228 -0.007456
v 0.386292 -0.095403 -0.007674
v 0.386292 -0.095403 -0.007674
v 0.386292 -0.095403 -0.007674
v 0.360453 -0.095403 -0.007678
v 0.360453 -0.095403 -0.007678
v 0.360453 -0.095403 -0.007678
v 0.386292 -0.094028 -0.007695
v 0.386292 -0.094028 -0.007695
v 0.386292 -0.094028 -0.007695
v 0.360453 -0.094028 -0.007700
v 0.360453 -0.094028 -0.007700
v 0.360453 -0.094028 -0.007700
v 0.386292 -0.086926 -0.007774
v 0.386292 -0.086926 -0.007774
v 0.386292 -0.086926 -0.007774
v 0.360453 -0.086926 -0.007779
v 0.360453 -0.086926 -0.007779
v 0.360453 -0.086926 -0.007779
v 0.386292 -0.085615 -0.007783
v 0.386292 -0.085615 -0.007783
v 0.386292 -0.085615 -0.007783
v 0.386292 -0.085615 -0.007783
v 0.360453 -0.085615 -0.007787
v 0.360453 -0.085615 -0.007787
v 0.360453 -0.085615 -0.007787
v 0.360453 -0.085615 -0.007787
v 0.386292 -0.046170 -0.007853
v 0.386292 -0.046170 -0.007853
v 0.386292 -0.046170 -0.007853
v 0.360453 -0.046170 -0.007858
v 0.360453 -0.046170 -0.007858
v 0.360453 -0.046170 -0.007858
v 0.386292 -0.044763 -0.007855
v 0.386292 -0.044763 -0.007855
v 0.386292 -0.044763 -0.007855
v 0.386292 -0.044763 -0.007855
v 0.386292 -0.044763 -0.007855
v 0.360453 -0.044763 -0.007860
v 0.360453 -0.044763 -0.007860
v 0.360453 -0.044763 -0.007860
v 0.360453 -0.044763 -0.007860
v 0.360453 -0.044763 -0.007860
v 0.360453 -0.044763 -0.007860
v 0.386292 -0.043427 -0.008250
v 0.386292 -0.043427 -0.008250
v 0.386292 -0.043427 -0.008250
v 0.386292 -0.043427 -0.008250
v 0.386292 -0.043427 -0.008250
v 0.360453 -0.043427 -0.008254
v 0.360453 -0.043427 -0.008254
v 0.360453 -0.043427 -0.008254
v 0.360453 -0.043427 -0.008254
v 0.360453 -0.043427 -0.008254
v 0.360453 -0.043427 -0.008254
v 0.386293 -0.031701 -0.013445
v 0.386293 -0.031701 -0.013445
v 0.386293 -0.031701 -0.013445
v 0.360454 -0.031701 -0.013449
v 0.360454 -0.031701 -0.013449
v 0.360454 -0.031701 -0.013449
v 0.386293 -0.030397 -0.014021
v 0.386293 -0.030397 -0.014021
v 0.386293 -0.030397 -0.014021
v 0.386293 -0.030397 -0.014021
v 0.360454 -0.030397 -0.014025
v 0.360454 -0.030397 -0.014025
v 0.360454 -0.030397 -0.014025
v 0.360454 -0.030397 -0.014025
v 0.386293 -0.026488 -0.015685
v 0.386293 -0.026488 -0.015685
v 0.386293 -0.026488 -0.015685
v 0.360455 -0.026488 -0.015690
v 0.360455 -0.026488 -0.015690
v 0.360455 -0.026488 -0.015690
v 0.386293 -0.025139 -0.016239
v 0.386293 -0.025139 -0.016239
v 0.386293 -0.025139 -0.016239
v 0.386293 -0.025139 -0.016239
v 0.360455 -0.025139 -0.016244
v 0.360455 -0.025139 -0.016244
v 0.360455 -0.025139 -0.016244
v 0.360455 -0.025139 -0.016244
v 0.386293 -0.022494 -0.017300
v 0.386293 -0.022494 -0.017300
v 0.386293 -0.022494 -0.017300
v 0.360455 -0.022494 -0.017305
v 0.360455 -0.022494 -0.017305
v 0.360455 -0.022494 -0.017305
v 0.386293 -0.021190 -0.017811
v 0.386293 -0.021190 -0.017811
v 0.386293 -0.021190 -0.017811
v 0.360455 -0.021190 -0.017816
v 0.360455 -0.021190 -0.017816
v 0.360455 -0.021190 -0.017816
v 0.386294 -0.017184 -0.019332
v 0.386294 -0.017184 -0.019332
v 0.386294 -0.017184 -0.019332
v 0.360455 -0.017184 -0.019337
v 0.360455 -0.017184 -0.019337
v 0.360455 -0.017184 -0.019337
v 0.386294 -0.015888 -0.019808
v 0.386294 -0.015888 -0.019808
v 0.386294 -0.015888 -0.019808
v 0.386294 -0.015888 -0.019808
v 0.360455 -0.015888 -0.019812
v 0.360455 -0.015888 -0.019812
v 0.360455 -0.015888 -0.019812
v 0.386294 -0.013178 -0.020770
v 0.386294 -0.013178 -0.020770
v 0.386294 -0.013178 -0.020770
v 0.360455 -0.013178 -0.020774
v 0.360455 -0.013178 -0.020774
v 0.360455 -0.013178 -0.020774
v 0.386294 -0.011831 -0.021228
v 0.386294 -0.011831 -0.021228
v 0.386294 -0.011831 -0.021228
v 0.360455 -0.011831 -0.021233
v 0.360455 -0.011831 -0.021233
v 0.360455 -0.011831 -0.021233
v 0.386294 -0.007801 -0.022481
v 0.386294 -0.007801 -0.022481
v 0.386294 -0.007801 -0.022481
v 0.386294 -0.007801 -0.022481
v 0.360456 -0.007801 -0.022486
v 0.360456 -0.007801 -0.022486
v 0.360456 -0.007801 -0.022486
v 0.386294 -0.006462 -0.022908
v 0.386294 -0.006462 -0.022908
v 0.386294 -0.006462 -0.022908
v 0.386294 -0.006462 -0.022908
v 0.386294 -0.006462 -0.022908
v 0.360456 -0.006462 -0.022913
v 0.360456 -0.006462 -0.022913
v 0.360456 -0.006462 -0.022913
v 0.360456 -0.006462 -0.022913
v 0.386294 -0.005092 -0.023396
v 0.386294 -0.005092 -0.023396
v 0.386294 -0.005092 -0.023396
v 0.386294 -0.005092 -0.023396
v 0.360456 -0.005092 -0.023400
v 0.360456 -0.005092 -0.023400
v 0.360456 -0.005092 -0.023400
v 0.360456 -0.005092 -0.023400
v 0.386294 -0.003800 -0.023899
v 0.386294 -0.003800 -0.023899
v 0.386294 -0.003800 -0.023899
v 0.386294 -0.003800 -0.023899
v 0.360456 -0.003800 -0.023904
v 0.360456 -0.003800 -0.023904
v 0.360456 -0.003800 -0.023904
v 0.360456 -0.003800 -0.023904
v 0.386295 -0.002482 -0.024455
v 0.386295 -0.002482 -0.024455
v 0.386295 -0.002482 -0.024455
v 0.360456 -0.002482 -0.024459
v 0.360456 -0.002482 -0.024459
v 0.360456 -0.002482 -0.024459
v 0.386295 -0.001177 -0.025045
v 0.386295 -0.001177 -0.025045
v 0.386295 -0.001177 -0.025045
v 0.360456 -0.001177 -0.025050
v 0.360456 -0.001177 -0.025050
v 0.360456 -0.001177 -0.025050
v 0.386295 0.000116 -0.025669
v 0.386295 0.000116 -0.025669
v 0.386295 0.000116 -0.025669
v 0.360456 0.000116 -0.025673
v 0.360456 0.000116 -0.025673
v 0.360456 0.000116 -0.025673
v 0.386295 0.002659 -0.027005
v 0.386295 0.002659 -0.027005
v 0.386295 0.002659 -0.027005
v 0.360456 0.002659 -0.027009
v 0.360456 0.002659 -0.027009
v 0.360456 0.002659 -0.027009
v 0.386295 0.003908 -0.027714
v 0.386295 0.003908 -0.027714
v 0.386295 0.003908 -0.027714
v 0.360457 0.003908 -0.027718
v 0.360457 0.003908 -0.027718
v 0.360457 0.003908 -0.027718
v 0.386295 0.005142 -0.028449
v 0.386295 0.005142 -0.028449
v 0.386295 0.005142 -0.028449
v 0.360457 0.005142 -0.028454
v 0.360457 0.005142 -0.028454
v 0.360457 0.005142 -0.028454
v 0.386295 0.006360 -0.029210
v 0.386295 0.006360 -0.029210
v 0.386295 0.006360 -0.029210
v 0.360457 0.006360 -0.029214
v 0.360457 0.006360 -0.029214
v 0.360457 0.006360 -0.029214
v 0.360457 0.006360 -0.029214
v 0.386295 0.007563 -0.029995
v 0.386295 0.007563 -0.029995
v 0.386295 0.007563 -0.029995
v 0.386295 0.007563 -0.029995
v 0.360457 0.007563 -0.030000
v 0.360457 0.007563 -0.030000
v 0.360457 0.007563 -0.030000
v 0.360457 0.007563 -0.030000
v 0.386296 0.008751 -0.030806
v 0.386296 0.008751 -0.030806
v 0.386296 0.008751 -0.030806
v 0.386296 0.008751 -0.030806
v 0.386296 0.008751 -0.030806
v 0.360457 0.008751 -0.030811
v 0.360457 0.008751 -0.030811
v 0.360457 0.008751 -0.030811
v 0.360457 0.008751 -0.030811
v 0.386296 0.012244 -0.033353
v 0.386296 0.012244 -0.033353
v 0.386296 0.012244 -0.033353
v 0.360458 0.012244 -0.033357
v 0.360458 0.012244 -0.033357
v 0.360458 0.012244 -0.033357
v 0.386296 0.013415 -0.034198
v 0.386296 0.013415 -0.034198
v 0.386296 0.013415 -0.034198
v 0.386296 0.013415 -0.034198
v 0.360458 0.013415 -0.034202
v 0.360458 0.013415 -0.034202
v 0.360458 0.013415 -0.034202
v 0.386296 0.014613 -0.035039
v 0.386296 0.014613 -0.035039
v 0.386296 0.014613 -0.035039
v 0.360458 0.014613 -0.035044
v 0.360458 0.014613 -0.035044
v 0.360458 0.014613 -0.035044
v 0.386296 0.015816 -0.035845
v 0.386296 0.015816 -0.035845
v 0.386296 0.015816 -0.035845
v 0.360458 0.015816 -0.035850
v 0.360458 0.015816 -0.035850
v 0.360458 0.015816 -0.035850
v 0.386297 0.017024 -0.036601
v 0.386297 0.017024 -0.036601
v 0.386297 0.017024 -0.036601
v 0.360458 0.017024 -0.036605
v 0.360458 0.017024 -0.036605
v 0.360458 0.017024 -0.036605
v 0.386297 0.018261 -0.037295
v 0.386297 0.018261 -0.037295
v 0.386297 0.018261 -0.037295
v 0.360458 0.018261 -0.037300
v 0.360458 0.018261 -0.037300
v 0.360458 0.018261 -0.037300
v 0.386297 0.019563 -0.037912
v 0.386297 0.019563 -0.037912
v 0.386297 0.019563 -0.037912
v 0.360458 0.019563 -0.037916
v 0.360458 0.019563 -0.037916
v 0.360458 0.019563 -0.037916
v 0.386297 0.020879 -0.038395
v 0.386297 0.020879 -0.038395
v 0.386297 0.020879 -0.038395
v 0.386297 0.020879 -0.038395
v 0.360458 0.020879 -0.038400
v 0.360458 0.020879 -0.038400
v 0.360458 0.020879 -0.038400
v 0.360458 0.020879 -0.038400
v 0.360458 0.020879 -0.038400
v 0.386297 0.022267 -0.038749
v 0.386297 0.022267 -0.038749
v 0.386297 0.022267 -0.038749
v 0.360458 0.022267 -0.038754
v 0.360458 0.022267 -0.038754
v 0.360458 0.022267 -0.038754
v 0.386297 0.023647 -0.038966
v 0.386297 0.023647 -0.038966
v 0.386297 0.023647 -0.038966
v 0.360458 0.023647 -0.038970
v 0.360458 0.023647 -0.038970
v 0.360458 0.023647 -0.038970
v 0.386297 0.025056 -0.039085
v 0.386297 0.025056 -0.039085
v 0.386297 0.025056 -0.039085
v 0.360459 0.025056 -0.039089
v 0.360459 0.025056 -0.039089
v 0.360459 0.025056 -0.039089
v 0.386297 0.027872 -0.039150
v 0.386297 0.027872 -0.039150
v 0.386297 0.027872 -0.039150
v 0.360459 0.027872 -0.039155
v 0.360459 0.027872 -0.039155
v 0.360459 0.027872 -0.039155
v 0.386297 0.029285 -0.039114
v 0.386297 0.029285 -0.039114
v 0.386297 0.029285 -0.039114
v 0.360459 0.029285 -0.039118
v 0.360459 0.029285 -0.039118
v 0.360459 0.029285 -0.039118
v 0.386297 0.032099 -0.038873
v 0.386297 0.032099 -0.038873
v 0.386297 0.032099 -0.038873
v 0.360458 0.032099 -0.038877
v 0.360458 0.032099 -0.038877
v 0.360458 0.032099 -0.038877
v 0.386297 0.033491 -0.038698
v 0.386297 0.033491 -0.038698
v 0.386297 0.033491 -0.038698
v 0.360458 0.033491 -0.038703
v 0.360458 0.033491 -0.038703
v 0.360458 0.033491 -0.038703
v 0.386297 0.036272 -0.038267
v 0.386297 0.036272 -0.038267
v 0.386297 0.036272 -0.038267
v 0.360458 0.036272 -0.038272
v 0.360458 0.036272 -0.038272
v 0.360458 0.036272 -0.038272
v 0.386297 0.037664 -0.038015
v 0.386297 0.037664 -0.038015
v 0.386297 0.037664 -0.038015
v 0.360458 0.037664 -0.038020
v 0.360458 0.037664 -0.038020
v 0.360458 0.037664 -0.038020
v 0.386297 0.040431 -0.037443
v 0.386297 0.040431 -0.037443
v 0.386297 0.040431 -0.037443
v 0.360458 0.040431 -0.037448
v 0.360458 0.040431 -0.037448
v 0.360458 0.040431 -0.037448
v 0.386297 0.041797 -0.037125
v 0.386297 0.041797 -0.037125
v 0.386297 0.041797 -0.037125
v 0.360458 0.041797 -0.037130
v 0.360458 0.041797 -0.037130
v 0.360458 0.041797 -0.037130
v 0.386297 0.043164 -0.036779
v 0.386297 0.043164 -0.036779
v 0.386297 0.043164 -0.036779
v 0.360458 0.043164 -0.036784
v 0.360458 0.043164 -0.036784
v 0.360458 0.043164 -0.036784
v 0.386297 0.044529 -0.036403
v 0.386297 0.044529 -0.036403
v 0.386297 0.044529 -0.036403
v 0.360458 0.044529 -0.036407
v 0.360458 0.044529 -0.036407
v 0.360458 0.044529 -0.036407
v 0.386296 0.048583 -0.035162
v 0.386296 0.048583 -0.035162
v 0.386296 0.048583 -0.035162
v 0.360458 0.048583 -0.035166
v 0.360458 0.048583 -0.035166
v 0.360458 0.048583 -0.035166
v 0.386296 0.049950 -0.034757
v 0.386296 0.049950 -0.034757
v 0.386296 0.049950 -0.034757
v 0.360458 0.049950 -0.034761
v 0.360458 0.049950 -0.034761
v 0.360458 0.049950 -0.034761
v 0.360458 0.049950 -0.034761
v 0.386296 0.051326 -0.034359
v 0.386296 0.051326 -0.034359
v 0.386296 0.051326 -0.034359
v 0.360458 0.051326 -0.034364
v 0.360458 0.051326 -0.034364
v 0.360458 0.051326 -0.034364
v 0.386296 0.055388 -0.033251
v 0.386296 0.055388 -0.033251
v 0.386296 0.055388 -0.033251
v 0.360458 0.055388 -0.033255
v 0.360458 0.055388 -0.033255
v 0.360458 0.055388 -0.033255
v 0.386296 0.056788 -0.032891
v 0.386296 0.056788 -0.032891
v 0.386296 0.056788 -0.032891
v 0.360457 0.056788 -0.032895
v 0.360457 0.056788 -0.032895
v 0.360457 0.056788 -0.032895
v 0.386296 0.060869 -0.031911
v 0.386296 0.060869 -0.031911
v 0.386296 0.060869 -0.031911
v 0.360457 0.060869 -0.031916
v 0.360457 0.060869 -0.031916
v 0.360457 0.060869 -0.031916
v 0.386296 0.062295 -0.031593
v 0.386296 0.062295 -0.031593
v 0.386296 0.062295 -0.031593
v 0.360457 0.062295 -0.031598
v 0.360457 0.062295 -0.031598
v 0.360457 0.062295 -0.031598
v 0.386296 0.064969 -0.031033
v 0.386296 0.064969 -0.031033
v 0.386296 0.064969 -0.031033
v 0.360457 0.064969 -0.031037
v 0.360457 0.064969 -0.031037
v 0.360457 0.064969 -0.031037
v 0.386296 0.066412 -0.030750
v 0.386296 0.066412 -0.030750
v 0.386296 0.066412 -0.030750
v 0.360457 0.066412 -0.030755
v 0.360457 0.066412 -0.030755
v 0.360457 0.066412 -0.030755
v 0.386296 0.069212 -0.030243
v 0.386296 0.069212 -0.030243
v 0.386296 0.069212 -0.030243
v 0.360457 0.069212 -0.030248
v 0.360457 0.069212 -0.030248
v 0.360457 0.069212 -0.030248
v 0.386295 0.070562 -0.030019
v 0.386295 0.070562 -0.030019
v 0.386295 0.070562 -0.030019
v 0.360457 0.070562 -0.030023
v 0.360457 0.070562 -0.030023
v 0.360457 0.070562 -0.030023
v 0.386295 0.072031 -0.029790
v 0.386295 0.072031 -0.029790
v 0.386295 0.072031 -0.029790
v 0.360457 0.072031 -0.029794
v 0.360457 0.072031 -0.029794
v 0.360457 0.072031 -0.029794
v 0.386295 0.073390 -0.029592
v 0.386295 0.073390 -0.029592
v 0.386295 0.073390 -0.029592
v 0.360457 0.073390 -0.029597
v 0.360457 0.073390 -0.029597
v 0.360457 0.073390 -0.029597
v 0.386295 0.077608 -0.029072
v 0.386295 0.077608 -0.029072
v 0.386295 0.077608 -0.029072
v 0.360457 0.077608 -0.029077
v 0.360457 0.077608 -0.029077
v 0.360457 0.077608 -0.029077
v 0.386295 0.078984 -0.028935
v 0.386295 0.078984 -0.028935
v 0.386295 0.078984 -0.028935
v 0.360457 0.078984 -0.028939
v 0.360457 0.078984 -0.028939
v 0.360457 0.078984 -0.028939
v 0.386295 0.081752 -0.028708
v 0.386295 0.081752 -0.028708
v 0.386295 0.081752 -0.028708
v 0.360457 0.081752 -0.028713
v 0.360457 0.081752 -0.028713
v 0.360457 0.081752 -0.028713
v 0.386295 0.083143 -0.028621
v 0.386295 0.083143 -0.028621
v 0.386295 0.083143 -0.028621
v 0.360457 0.083143 -0.028625
v 0.360457 0.083143 -0.028625
v 0.360457 0.083143 -0.028625
v 0.386295 0.084540 -0.028552
v 0.386295 0.084540 -0.028552
v 0.386295 0.084540 -0.028552
v 0.360457 0.084540 -0.028557
v 0.360457 0.084540 -0.028557
v 0.360457 0.084540 -0.028557
v 0.386295 0.086052 -0.028500
v 0.386295 0.086052 -0.028500
v 0.386295 0.086052 -0.028500
v 0.360457 0.086052 -0.028504
v 0.360457 0.086052 -0.028504
v 0.360457 0.086052 -0.028504
v 0.386295 0.088864 -0.028467
v 0.386295 0.088864 -0.028467
v 0.386295 0.088864 -0.028467
v 0.386295 0.088864 -0.028467
v 0.360457 0.088864 -0.028471
v 0.360457 0.088864 -0.028471
v 0.360457 0.088864 -0.028471
v 0.360457 0.088864 -0.028471
v 0.360457 0.088864 -0.028471
v 0.360457 0.088864 -0.028471
v 0.386295 0.090175 -0.028482
v 0.386295 0.090175 -0.028482
v 0.386295 0.090175 -0.028482
v 0.386295 0.090175 -0.028482
v 0.360457 0.090175 -0.028487
v 0.360457 0.090175 -0.028487
v 0.360457 0.090175 -0.028487
v 0.360457 0.090175 -0.028487
v 0.360457 0.090175 -0.028487
v 0.386295 0.093014 -0.028586
v 0.386295 0.093014 -0.028586
v 0.386295 0.093014 -0.028586
v 0.360457 0.093014 -0.028591
v 0.360457 0.093014 -0.028591
v 0.360457 0.093014 -0.028591
v 0.386295 0.094437 -0.028678
v 0.386295 0.094437 -0.028678
v 0.386295 0.094437 -0.028678
v 0.386295 0.094437 -0.028678
v 0.360457 0.094437 -0.028683
v 0.360457 0.094437 -0.028683
v 0.360457 0.094437 -0.028683
v 0.360457 0.094437 -0.028683
v 0.386295 0.097203 -0.028939
v 0.386295 0.097203 -0.028939
v 0.386295 0.097203 -0.028939
v 0.360457 0.097203 -0.028943
v 0.360457 0.097203 -0.028943
v 0.360457 0.097203 -0.028943
v 0.386295 0.098703 -0.029129
v 0.386295 0.098703 -0.029129
v 0.386295 0.098703 -0.029129
v 0.360457 0.098703 -0.029134
v 0.360457 0.098703 -0.029134
v 0.360457 0.098703 -0.029134
v 0.386295 0.101402 -0.029570
v 0.386295 0.101402 -0.029570
v 0.386295 0.101402 -0.029570
v 0.360457 0.101402 -0.029575
v 0.360457 0.101402 -0.029575
v 0.360457 0.101402 -0.029575
v 0.386295 0.102757 -0.029843
v 0.386295 0.102757 -0.029843
v 0.386295 0.102757 -0.029843
v 0.360457 0.102757 -0.029848
v 0.360457 0.102757 -0.029848
v 0.360457 0.102757 -0.029848
v 0.386296 0.104220 -0.030182
v 0.386296 0.104220 -0.030182
v 0.386296 0.104220 -0.030182
v 0.360457 0.104220 -0.030186
v 0.360457 0.104220 -0.030186
v 0.360457 0.104220 -0.030186
v 0.386296 0.105469 -0.030509
v 0.386296 0.105469 -0.030509
v 0.386296 0.105469 -0.030509
v 0.360457 0.105469 -0.030513
v 0.360457 0.105469 -0.030513
v 0.360457 0.105469 -0.030513
v 0.386296 0.106905 -0.030933
v 0.386296 0.106905 -0.030933
v 0.386296 0.106905 -0.030933
v 0.360457 0.106905 -0.030937
v 0.360457 0.106905 -0.030937
v 0.360457 0.106905 -0.030937
v 0.386296 0.108311 -0.031403
v 0.386296 0.108311 -0.031403
v 0.386296 0.108311 -0.031403
v 0.360457 0.108311 -0.031407
v 0.360457 0.108311 -0.031407
v 0.360457 0.108311 -0.031407
v 0.386296 0.109562 -0.031872
v 0.386296 0.109562 -0.031872
v 0.386296 0.109562 -0.031872
v 0.360457 0.109562 -0.031877
v 0.360457 0.109562 -0.031877
v 0.360457 0.109562 -0.031877
v 0.386296 0.110921 -0.032442
v 0.386296 0.110921 -0.032442
v 0.386296 0.110921 -0.032442
v 0.360457 0.110921 -0.032447
v 0.360457 0.110921 -0.032447
v 0.360457 0.110921 -0.032447
v 0.360457 0.110921 -0.032447
v 0.386296 0.112241 -0.033064
v 0.386296 0.112241 -0.033064
v 0.386296 0.112241 -0.033064
v 0.386296 0.112241 -0.033064
v 0.360457 0.112241 -0.033068
v 0.360457 0.112241 -0.033068
v 0.360457 0.112241 -0.033068
v 0.386296 0.113402 -0.033673
v 0.386296 0.113402 -0.033673
v 0.386296 0.113402 -0.033673
v 0.360458 0.113402 -0.033677
v 0.360458 0.113402 -0.033677
v 0.360458 0.113402 -0.033677
v 0.386296 0.114671 -0.034417
v 0.386296 0.114671 -0.034417
v 0.386296 0.114671 -0.034417
v 0.360458 0.114671 -0.034421
v 0.360458 0.114671 -0.034421
v 0.360458 0.114671 -0.034421
v 0.386296 0.115888 -0.035219
v 0.386296 0.115888 -0.035219
v 0.386296 0.115888 -0.035219
v 0.360458 0.115888 -0.035223
v 0.360458 0.115888 -0.035223
v 0.360458 0.115888 -0.035223
v 0.386297 0.117071 -0.036097
v 0.386297 0.117071 -0.036097
v 0.386297 0.117071 -0.036097
v 0.360458 0.117071 -0.036101
v 0.360458 0.117071 -0.036101
v 0.360458 0.117071 -0.036101
v 0.386297 0.118200 -0.036970
v 0.386297 0.118200 -0.036970
v 0.386297 0.118200 -0.036970
v 0.360458 0.118200 -0.036974
v 0.360458 0.118200 -0.036974
v 0.360458 0.118200 -0.036974
v 0.386297 0.119388 -0.037749
v 0.386297 0.119388 -0.037749
v 0.386297 0.119388 -0.037749
v 0.360458 0.119388 -0.037753
v 0.360458 0.119388 -0.037753
v 0.360458 0.119388 -0.037753
v 0.386297 0.120672 -0.038366
v 0.386297 0.120672 -0.038366
v 0.386297 0.120672 -0.038366
v 0.360458 0.120672 -0.038371
v 0.360458 0.120672 -0.038371
v 0.360458 0.120672 -0.038371
v 0.386297 0.122042 -0.038764
v 0.386297 0.122042 -0.038764
v 0.386297 0.122042 -0.038764
v 0.360458 0.122042 -0.038769
v 0.360458 0.122042 -0.038769
v 0.360458 0.122042 -0.038769
v 0.386297 0.123436 -0.038961
v 0.386297 0.123436 -0.038961
v 0.386297 0.123436 -0.038961
v 0.360458 0.123436 -0.038965
v 0.360458 0.123436 -0.038965
v 0.360458 0.123436 -0.038965
v 0.386297 0.124845 -0.039022
v 0.386297 0.124845 -0.039022
v 0.386297 0.124845 -0.039022
v 0.360458 0.124845 -0.039027
v 0.360458 0.124845 -0.039027
v 0.360458 0.124845 -0.039027
v 0.386297 0.126239 -0.039002
v 0.386297 0.126239 -0.039002
v 0.386297 0.126239 -0.039002
v 0.360458 0.126239 -0.039006
v 0.360458 0.126239 -0.039006
v 0.360458 0.126239 -0.039006
v 0.386297 0.127655 -0.038931
v 0.386297 0.127655 -0.038931
v 0.386297 0.127655 -0.038931
v 0.360458 0.127655 -0.038935
v 0.360458 0.127655 -0.038935
v 0.360458 0.127655 -0.038935
v 0.386297 0.129063 -0.038830
v 0.386297 0.129063 -0.038830
v 0.386297 0.129063 -0.038830
v 0.360458 0.129063 -0.038834
v 0.360458 0.129063 -0.038834
v 0.360458 0.129063 -0.038834
v 0.386297 0.130471 -0.038711
v 0.386297 0.130471 -0.038711
v 0.386297 0.130471 -0.038711
v 0.360458 0.130471 -0.038715
v 0.360458 0.130471 -0.038715
v 0.360458 0.130471 -0.038715
v 0.386297 0.158529 -0.036202
v 0.386297 0.158529 -0.036202
v 0.386297 0.158529 -0.036202
v 0.360458 0.158529 -0.036206
v 0.360458 0.158529 -0.036206
v 0.360458 0.158529 -0.036206
v 0.386297 0.159902 -0.036079
v 0.386297 0.159902 -0.036079
v 0.386297 0.159902 -0.036079
v 0.360458 0.159902 -0.036084
v 0.360458 0.159902 -0.036084
v 0.360458 0.159902 -0.036084
v 0.386296 0.165503 -0.035501
v 0.386296 0.165503 -0.035501
v 0.386296 0.165503 -0.035501
v 0.360458 0.165503 -0.035505
v 0.360458 0.165503 -0.035505
v 0.360458 0.165503 -0.035505
v 0.386296 0.166910 -0.035333
v 0.386296 0.166910 -0.035333
v 0.386296 0.166910 -0.035333
v 0.360458 0.166910 -0.035337
v 0.360458 0.166910 -0.035337
v 0.360458 0.166910 -0.035337
v 0.386296 0.168324 -0.035155
v 0.386296 0.168324 -0.035155
v 0.386296 0.168324 -0.035155
v 0.360458 0.168324 -0.035160
v 0.360458 0.168324 -0.035160
v 0.360458 0.168324 -0.035160
v 0.386296 0.169678 -0.034977
v 0.386296 0.169678 -0.034977
v 0.386296 0.169678 -0.034977
v 0.360458 0.169678 -0.034981
v 0.360458 0.169678 -0.034981
v 0.360458 0.169678 -0.034981
v 0.386296 0.173917 -0.034363
v 0.386296 0.173917 -0.034363
v 0.386296 0.173917 -0.034363
v 0.360458 0.173917 -0.034367
v 0.360458 0.173917 -0.034367
v 0.360458 0.173917 -0.034367
v 0.386296 0.175297 -0.034144
v 0.386296 0.175297 -0.034144
v 0.386296 0.175297 -0.034144
v 0.360458 0.175297 -0.034148
v 0.360458 0.175297 -0.034148
v 0.360458 0.175297 -0.034148
v 0.386296 0.176690 -0.033911
v 0.386296 0.176690 -0.033911
v 0.386296 0.176690 -0.033911
v 0.360458 0.176690 -0.033916
v 0.360458 0.176690 -0.033916
v 0.360458 0.176690 -0.033916
v 0.386296 0.179447 -0.033415
v 0.386296 0.179447 -0.033415
v 0.386296 0.179447 -0.033415
v 0.360458 0.179447 -0.033420
v 0.360458 0.179447 -0.033420
v 0.360458 0.179447 -0.033420
v 0.386296 0.180823 -0.033146
v 0.386296 0.180823 -0.033146
v 0.386296 0.180823 -0.033146
v 0.360457 0.180823 -0.033151
v 0.360457 0.180823 -0.033151
v 0.360457 0.180823 -0.033151
v 0.386296 0.183601 -0.032547
v 0.386296 0.183601 -0.032547
v 0.386296 0.183601 -0.032547
v 0.360457 0.183601 -0.032551
v 0.360457 0.183601 -0.032551
v 0.360457 0.183601 -0.032551
v 0.386296 0.184947 -0.032219
v 0.386296 0.184947 -0.032219
v 0.386296 0.184947 -0.032219
v 0.360457 0.184947 -0.032223
v 0.360457 0.184947 -0.032223
v 0.360457 0.184947 -0.032223
v 0.386296 0.186319 -0.031847
v 0.386296 0.186319 -0.031847
v 0.386296 0.186319 -0.031847
v 0.360457 0.186319 -0.031851
v 0.360457 0.186319 -0.031851
v 0.360457 0.186319 -0.031851
v 0.386296 0.187695 -0.031412
v 0.386296 0.187695 -0.031412
v 0.386296 0.187695 -0.031412
v 0.360457 0.187695 -0.031417
v 0.360457 0.187695 -0.031417
v 0.360457 0.187695 -0.031417
v 0.386296 0.189024 -0.030960
v 0.386296 0.189024 -0.030960
v 0.386296 0.189024 -0.030960
v 0.360457 0.189024 -0.030965
v 0.360457 0.189024 -0.030965
v 0.360457 0.189024 -0.030965
v 0.386296 0.190371 -0.030538
v 0.386296 0.190371 -0.030538
v 0.386296 0.190371 -0.030538
v 0.360457 0.190371 -0.030542
v 0.360457 0.190371 -0.030542
v 0.360457 0.190371 -0.030542
v 0.386296 0.191724 -0.030150
v 0.386296 0.191724 -0.030150
v 0.386296 0.191724 -0.030150
v 0.386296 0.191724 -0.030150
v 0.360457 0.191724 -0.030154
v 0.360457 0.191724 -0.030154
v 0.360457 0.191724 -0.030154
v 0.360457 0.191724 -0.030154
v 0.386295 0.193085 -0.029798
v 0.386295 0.193085 -0.029798
v 0.386295 0.193085 -0.029798
v 0.360457 0.193085 -0.029803
v 0.360457 0.193085 -0.029803
v 0.360457 0.193085 -0.029803
v 0.386295 0.194451 -0.029484
v 0.386295 0.194451 -0.029484
v 0.386295 0.194451 -0.029484
v 0.360457 0.194451 -0.029488
v 0.360457 0.194451 -0.029488
v 0.360457 0.194451 -0.029488
v 0.360457 0.194451 -0.029488
v 0.386295 0.195823 -0.029207
v 0.386295 0.195823 -0.029207
v 0.386295 0.195823 -0.029207
v 0.360457 0.195823 -0.029211
v 0.360457 0.195823 -0.029211
v 0.360457 0.195823 -0.029211
v 0.386295 0.197275 -0.028958
v 0.386295 0.197275 -0.028958
v 0.386295 0.197275 -0.028958
v 0.360457 0.197275 -0.028962
v 0.360457 0.197275 -0.028962
v 0.360457 0.197275 -0.028962
v 0.386295 0.198671 -0.028760
v 0.386295 0.198671 -0.028760
v 0.386295 0.198671 -0.028760
v 0.360457 0.198671 -0.028765
v 0.360457 0.198671 -0.028765
v 0.360457 0.198671 -0.028765
v 0.386295 0.200072 -0.028604
v 0.386295 0.200072 -0.028604
v 0.386295 0.200072 -0.028604
v 0.360457 0.200072 -0.028609
v 0.360457 0.200072 -0.028609
v 0.360457 0.200072 -0.028609
v 0.360457 0.200072 -0.028609
v 0.386295 0.201477 -0.028490
v 0.386295 0.201477 -0.028490
v 0.386295 0.201477 -0.028490
v 0.360457 0.201477 -0.028494
v 0.360457 0.201477 -0.028494
v 0.360457 0.201477 -0.028494
v 0.360457 0.201477 -0.028494
v 0.360457 0.201477 -0.028494
v 0.386295 0.202886 -0.028418
v 0.386295 0.202886 -0.028418
v 0.386295 0.202886 -0.028418
v 0.386295 0.202886 -0.028418
v 0.386295 0.202886 -0.028418
v 0.360457 0.202886 -0.028422
v 0.360457 0.202886 -0.028422
v 0.360457 0.202886 -0.028422
v 0.360457 0.202886 -0.028422
v 0.386295 0.204299 -0.028388
v 0.386295 0.204299 -0.028388
v 0.386295 0.204299 -0.028388
v 0.386295 0.204299 -0.028388
v 0.360457 0.204299 -0.028392
v 0.360457 0.204299 -0.028392
v 0.360457 0.204299 -0.028392
v 0.360457 0.204299 -0.028392
v 0.386295 0.205713 -0.028400
v 0.386295 0.205713 -0.028400
v 0.386295 0.205713 -0.028400
v 0.360457 0.205713 -0.028404
v 0.360457 0.205713 -0.028404
v 0.360457 0.205713 -0.028404
v 0.386295 0.207130 -0.028454
v 0.386295 0.207130 -0.028454
v 0.386295 0.207130 -0.028454
v 0.360457 0.207130 -0.028459
v 0.360457 0.207130 -0.028459
v 0.360457 0.207130 -0.028459
v 0.386295 0.208451 -0.028543
v 0.386295 0.208451 -0.028543
v 0.386295 0.208451 -0.028543
v 0.360457 0.208451 -0.028547
v 0.360457 0.208451 -0.028547
v 0.360457 0.208451 -0.028547
v 0.386295 0.209862 -0.028677
v 0.386295 0.209862 -0.028677
v 0.386295 0.209862 -0.028677
v 0.360457 0.209862 -0.028681
v 0.360457 0.209862 -0.028681
v 0.360457 0.209862 -0.028681
v 0.386295 0.212683 -0.029064
v 0.386295 0.212683 -0.029064
v 0.386295 0.212683 -0.029064
v 0.360457 0.212683 -0.029069
v 0.360457 0.212683 -0.029069
v 0.360457 0.212683 -0.029069
v 0.386295 0.214092 -0.029317
v 0.386295 0.214092 -0.029317
v 0.386295 0.214092 -0.029317
v 0.360457 0.214092 -0.029321
v 0.360457 0.214092 -0.029321
v 0.360457 0.214092 -0.029321
v 0.386295 0.216835 -0.029915
v 0.386295 0.216835 -0.029915
v 0.386295 0.216835 -0.029915
v 0.360457 0.216835 -0.029920
v 0.360457 0.216835 -0.029920
v 0.360457 0.216835 -0.029920
v 0.386296 0.218165 -0.030255
v 0.386296 0.218165 -0.030255
v 0.386296 0.218165 -0.030255
v 0.360457 0.218165 -0.030259
v 0.360457 0.218165 -0.030259
v 0.360457 0.218165 -0.030259
v 0.386296 0.219555 -0.030644
v 0.386296 0.219555 -0.030644
v 0.386296 0.219555 -0.030644
v 0.360457 0.219555 -0.030648
v 0.360457 0.219555 -0.030648
v 0.360457 0.219555 -0.030648
v 0.386296 0.220941 -0.031065
v 0.386296 0.220941 -0.031065
v 0.386296 0.220941 -0.031065
v 0.360457 0.220941 -0.031069
v 0.360457 0.220941 -0.031069
v 0.360457 0.220941 -0.031069
v 0.386296 0.223551 -0.031944
v 0.386296 0.223551 -0.031944
v 0.386296 0.223551 -0.031944
v 0.360457 0.223551 -0.031949
v 0.360457 0.223551 -0.031949
v 0.360457 0.223551 -0.031949
v 0.386296 0.224916 -0.032447
v 0.386296 0.224916 -0.032447
v 0.386296 0.224916 -0.032447
v 0.360457 0.224916 -0.032452
v 0.360457 0.224916 -0.032452
v 0.360457 0.224916 -0.032452
v 0.386296 0.226271 -0.032975
v 0.386296 0.226271 -0.032975
v 0.386296 0.226271 -0.032975
v 0.360457 0.226271 -0.032980
v 0.360457 0.226271 -0.032980
v 0.360457 0.226271 -0.032980
v 0.386296 0.227617 -0.033526
v 0.386296 0.227617 -0.033526
v 0.386296 0.227617 -0.033526
v 0.360458 0.227617 -0.033531
v 0.360458 0.227617 -0.033531
v 0.360458 0.227617 -0.033531
v 0.386296 0.230163 -0.034639
v 0.386296 0.230163 -0.034639
v 0.386296 0.230163 -0.034639
v 0.360458 0.230163 -0.034643
v 0.360458 0.230163 -0.034643
v 0.360458 0.230163 -0.034643
v 0.386296 0.231483 -0.035250
v 0.386296 0.231483 -0.035250
v 0.386296 0.231483 -0.035250
v 0.360458 0.231483 -0.035255
v 0.360458 0.231483 -0.035255
v 0.360458 0.231483 -0.035255
v 0.386297 0.235361 -0.037173
v 0.386297 0.235361 -0.037173
v 0.386297 0.235361 -0.037173
v 0.360458 0.235361 -0.037178
v 0.360458 0.235361 -0.037178
v 0.360458 0.235361 -0.037178
v 0.386297 0.236546 -0.037797
v 0.386297 0.236546 -0.037797
v 0.386297 0.236546 -0.037797
v 0.360458 0.236546 -0.037801
v 0.360458 0.236546 -0.037801
v 0.360458 0.236546 -0.037801
v 0.386297 0.242892 -0.041239
v 0.386297 0.242892 -0.041239
v 0.386297 0.242892 -0.041239
v 0.360459 0.242892 -0.041244
v 0.360459 0.242892 -0.041244
v 0.360459 0.242892 -0.041244
v 0.386298 0.244154 -0.041900
v 0.386298 0.244154 -0.041900
v 0.386298 0.244154 -0.041900
v 0.360459 0.244154 -0.041905
v 0.360459 0.244154 -0.041905
v 0.360459 0.244154 -0.041905
v 0.386298 0.245414 -0.042548
v 0.386298 0.245414 -0.042548
v 0.386298 0.245414 -0.042548
v 0.360459 0.245414 -0.042553
v 0.360459 0.245414 -0.042553
v 0.360459 0.245414 -0.042553
v 0.386298 0.246707 -0.043199
v 0.386298 0.246707 -0.043199
v 0.386298 0.246707 -0.043199
v 0.360459 0.246707 -0.043204
v 0.360459 0.246707 -0.043204
v 0.360459 0.246707 -0.043204
v 0.386298 0.249273 -0.044426
v 0.386298 0.249273 -0.044426
v 0.386298 0.249273 -0.044426
v 0.360459 0.249273 -0.044431
v 0.360459 0.249273 -0.044431
v 0.360459 0.249273 -0.044431
v 0.386298 0.250583 -0.044987
v 0.386298 0.250583 -0.044987
v 0.386298 0.250583 -0.044987
v 0.360460 0.250583 -0.044992
v 0.360460 0.250583 -0.044992
v 0.360460 0.250583 -0.044992
v 0.386298 0.251939 -0.045354
v 0.386298 0.251939 -0.045354
v 0.386298 0.251939 -0.045354
v 0.360460 0.251939 -0.045358
v 0.360460 0.251939 -0.045358
v 0.360460 0.251939 -0.045358
v 0.386298 0.253150 -0.046143
v 0.386298 0.253150 -0.046143
v 0.386298 0.253150 -0.046143
v 0.360460 0.253150 -0.046148
v 0.360460 0.253150 -0.046148
v 0.360460 0.253150 -0.046148
v 0.386298 0.254202 -0.047150
v 0.386298 0.254202 -0.047150
v 0.386298 0.254202 -0.047150
v 0.360460 0.254202 -0.047154
v 0.360460 0.254202 -0.047154
v 0.360460 0.254202 -0.047154
v 0.386299 0.255171 -0.048231
v 0.386299 0.255171 -0.048231
v 0.386299 0.255171 -0.048231
v 0.360460 0.255171 -0.048236
v 0.360460 0.255171 -0.048236
v 0.360460 0.255171 -0.048236
v 0.386299 0.256110 -0.049385
v 0.386299 0.256110 -0.049385
v 0.386299 0.256110 -0.049385
v 0.360460 0.256110 -0.049390
v 0.360460 0.256110 -0.049390
v 0.360460 0.256110 -0.049390
v 0.386299 0.257005 -0.050566
v 0.386299 0.257005 -0.050566
v 0.386299 0.257005 -0.050566
v 0.360460 0.257005 -0.050570
v 0.360460 0.257005 -0.050570
v 0.360460 0.257005 -0.050570
v 0.386299 0.257880 -0.051784
v 0.386299 0.257880 -0.051784
v 0.386299 0.257880 -0.051784
v 0.360461 0.257880 -0.051788
v 0.360461 0.257880 -0.051788
v 0.360461 0.257880 -0.051788
v 0.386299 0.258706 -0.052991
v 0.386299 0.258706 -0.052991
v 0.386299 0.258706 -0.052991
v 0.360461 0.258706 -0.052996
v 0.360461 0.258706 -0.052996
v 0.360461 0.258706 -0.052996
v 0.386300 0.259517 -0.054225
v 0.386300 0.259517 -0.054225
v 0.386300 0.259517 -0.054225
v 0.360461 0.259517 -0.054229
v 0.360461 0.259517 -0.054229
v 0.360461 0.259517 -0.054229
v 0.386300 0.260318 -0.055492
v 0.386300 0.260318 -0.055492
v 0.386300 0.260318 -0.055492
v 0.360461 0.260318 -0.055497
v 0.360461 0.260318 -0.055497
v 0.360461 0.260318 -0.055497
v 0.386300 0.261111 -0.056794
v 0.386300 0.261111 -0.056794
v 0.386300 0.261111 -0.056794
v 0.360462 0.261111 -0.056798
v 0.360462 0.261111 -0.056798
v 0.360462 0.261111 -0.056798
v 0.386300 0.262591 -0.059357
v 0.386300 0.262591 -0.059357
v 0.386300 0.262591 -0.059357
v 0.360462 0.262591 -0.059361
v 0.360462 0.262591 -0.059361
v 0.360462 0.262591 -0.059361
v 0.386301 0.263317 -0.060682
v 0.386301 0.263317 -0.060682
v 0.386301 0.263317 -0.060682
v 0.360462 0.263317 -0.060687
v 0.360462 0.263317 -0.060687
v 0.360462 0.263317 -0.060687
v 0.386301 0.264716 -0.063336
v 0.386301 0.264716 -0.063336
v 0.386301 0.264716 -0.063336
v 0.360463 0.264716 -0.063341
v 0.360463 0.264716 -0.063341
v 0.360463 0.264716 -0.063341
v 0.386301 0.265431 -0.064645
v 0.386301 0.265431 -0.064645
v 0.386301 0.265431 -0.064645
v 0.360463 0.265431 -0.064649
v 0.360463 0.265431 -0.064649
v 0.360463 0.265431 -0.064649
v 0.386302 0.266176 -0.065951
v 0.386302 0.266176 -0.065951
v 0.386302 0.266176 -0.065951
v 0.360463 0.266176 -0.065956
v 0.360463 0.266176 -0.065956
v 0.360463 0.266176 -0.065956
v 0.386302 0.266944 -0.067230
v 0.386302 0.266944 -0.067230
v 0.386302 0.266944 -0.067230
v 0.360463 0.266944 -0.067234
v 0.360463 0.266944 -0.067234
v 0.360463 0.266944 -0.067234
v 0.386302 0.267751 -0.068472
v 0.386302 0.267751 -0.068472
v 0.386302 0.267751 -0.068472
v 0.360464 0.267751 -0.068476
v 0.360464 0.267751 -0.068476
v 0.360464 0.267751 -0.068476
v 0.386302 0.268678 -0.069619
v 0.386302 0.268678 -0.069619
v 0.386302 0.268678 -0.069619
v 0.360464 0.268678 -0.069623
v 0.360464 0.268678 -0.069623
v 0.360464 0.268678 -0.069623
v 0.386302 0.269572 -0.068702
v 0.386302 0.269572 -0.068702
v 0.386302 0.269572 -0.068702
v 0.360464 0.269572 -0.068706
v 0.360464 0.269572 -0.068706
v 0.360464 0.269572 -0.068706
v 0.386302 0.270167 -0.067316
v 0.386302 0.270167 -0.067316
v 0.386302 0.270167 -0.067316
v 0.360463 0.270167 -0.067321
v 0.360463 0.270167 -0.067321
v 0.360463 0.270167 -0.067321
v 0.386302 0.270699 -0.065893
v 0.386302 0.270699 -0.065893
v 0.386302 0.270699 -0.065893
v 0.360463 0.270699 -0.065898
v 0.360463 0.270699 -0.065898
v 0.360463 0.270699 -0.065898
v 0.386301 0.272518 -0.060102
v 0.386301 0.272518 -0.060102
v 0.386301 0.272518 -0.060102
v 0.360462 0.272518 -0.060106
v 0.360462 0.272518 -0.060106
v 0.360462 0.272518 -0.060106
v 0.386300 0.272971 -0.058656
v 0.386300 0.272971 -0.058656
v 0.386300 0.272971 -0.058656
v 0.360462 0.272971 -0.058661
v 0.360462 0.272971 -0.058661
v 0.360462 0.272971 -0.058661
v 0.386300 0.273468 -0.057241
v 0.386300 0.273468 -0.057241
v 0.386300 0.273468 -0.057241
v 0.360462 0.273468 -0.057245
v 0.360462 0.273468 -0.057245
v 0.360462 0.273468 -0.057245
v 0.360462 0.273468 -0.057245
v 0.386300 0.274057 -0.055850
v 0.386300 0.274057 -0.055850
v 0.386300 0.274057 -0.055850
v 0.386300 0.274057 -0.055850
v 0.360461 0.274057 -0.055855
v 0.360461 0.274057 -0.055855
v 0.360461 0.274057 -0.055855
v 0.386300 0.274807 -0.054540
v 0.386300 0.274807 -0.054540
v 0.386300 0.274807 -0.054540
v 0.360461 0.274807 -0.054545
v 0.360461 0.274807 -0.054545
v 0.360461 0.274807 -0.054545
v 0.386299 0.275756 -0.053423
v 0.386299 0.275756 -0.053423
v 0.386299 0.275756 -0.053423
v 0.360461 0.275756 -0.053427
v 0.360461 0.275756 -0.053427
v 0.360461 0.275756 -0.053427
v 0.386299 0.276893 -0.052531
v 0.386299 0.276893 -0.052531
v 0.386299 0.276893 -0.052531
v 0.360461 0.276893 -0.052536
v 0.360461 0.276893 -0.052536
v 0.360461 0.276893 -0.052536
v 0.386299 0.278126 -0.051828
v 0.386299 0.278126 -0.051828
v 0.386299 0.278126 -0.051828
v 0.360461 0.278126 -0.051832
v 0.360461 0.278126 -0.051832
v 0.360461 0.278126 -0.051832
v 0.386299 0.279423 -0.051219
v 0.386299 0.279423 -0.051219
v 0.386299 0.279423 -0.051219
v 0.360461 0.279423 -0.051224
v 0.360461 0.279423 -0.051224
v 0.360461 0.279423 -0.051224
v 0.386299 0.280734 -0.050663
v 0.386299 0.280734 -0.050663
v 0.386299 0.280734 -0.050663
v 0.360460 0.280734 -0.050667
v 0.360460 0.280734 -0.050667
v 0.360460 0.280734 -0.050667
v 0.360460 0.280734 -0.050667
v 0.386299 0.282041 -0.050060
v 0.386299 0.282041 -0.050060
v 0.386299 0.282041 -0.050060
v 0.386299 0.282041 -0.050060
v 0.360460 0.282041 -0.050064
v 0.360460 0.282041 -0.050064
v 0.360460 0.282041 -0.050064
v 0.386299 0.283286 -0.049371
v 0.386299 0.283286 -0.049371
v 0.386299 0.283286 -0.049371
v 0.360460 0.283286 -0.049375
v 0.360460 0.283286 -0.049375
v 0.360460 0.283286 -0.049375
v 0.386299 0.284471 -0.048565
v 0.386299 0.284471 -0.048565
v 0.386299 0.284471 -0.048565
v 0.360460 0.284471 -0.048570
v 0.360460 0.284471 -0.048570
v 0.360460 0.284471 -0.048570
v 0.386299 0.285602 -0.047620
v 0.386299 0.285602 -0.047620
v 0.386299 0.285602 -0.047620
v 0.360460 0.285602 -0.047624
v 0.360460 0.285602 -0.047624
v 0.360460 0.285602 -0.047624
v 0.386298 0.286637 -0.046578
v 0.386298 0.286637 -0.046578
v 0.386298 0.286637 -0.046578
v 0.360460 0.286637 -0.046582
v 0.360460 0.286637 -0.046582
v 0.360460 0.286637 -0.046582
v 0.386298 0.287588 -0.045468
v 0.386298 0.287588 -0.045468
v 0.386298 0.287588 -0.045468
v 0.360460 0.287588 -0.045472
v 0.360460 0.287588 -0.045472
v 0.360460 0.287588 -0.045472
v 0.386298 0.288484 -0.044296
v 0.386298 0.288484 -0.044296
v 0.386298 0.288484 -0.044296
v 0.360459 0.288484 -0.044300
v 0.360459 0.288484 -0.044300
v 0.360459 0.288484 -0.044300
v 0.386298 0.289331 -0.043089
v 0.386298 0.289331 -0.043089
v 0.386298 0.289331 -0.043089
v 0.360459 0.289331 -0.043093
v 0.360459 0.289331 -0.043093
v 0.360459 0.289331 -0.043093
v 0.386298 0.290155 -0.041839
v 0.386298 0.290155 -0.041839
v 0.386298 0.290155 -0.041839
v 0.360459 0.290155 -0.041843
v 0.360459 0.290155 -0.041843
v 0.360459 0.290155 -0.041843
v 0.386296 0.294763 -0.034146
v 0.386296 0.294763 -0.034146
v 0.386296 0.294763 -0.034146
v 0.360458 0.294763 -0.034150
v 0.360458 0.294763 -0.034150
v 0.360458 0.294763 -0.034150
v 0.386296 0.295515 -0.032868
v 0.386296 0.295515 -0.032868
v 0.386296 0.295515 -0.032868
v 0.360457 0.295515 -0.032872
v 0.360457 0.295515 -0.032872
v 0.360457 0.295515 -0.032872
v 0.386293 0.305359 -0.016111
v 0.386293 0.305359 -0.016111
v 0.386293 0.305359 -0.016111
v 0.360455 0.305359 -0.016115
v 0.360455 0.305359 -0.016115
v 0.360455 0.305359 -0.016115
v 0.386293 0.306112 -0.014822
v 0.386293 0.306112 -0.014822
v 0.386293 0.306112 -0.014822
v 0.360454 0.306112 -0.014826
v 0.360454 0.306112 -0.014826
v 0.360454 0.306112 -0.014826
v 0.386293 0.306862 -0.013521
v 0.386293 0.306862 -0.013521
v 0.386293 0.306862 -0.013521
v 0.360454 0.306862 -0.013526
v 0.360454 0.306862 -0.013526
v 0.360454 0.306862 -0.013526
v 0.386292 0.309026 -0.009612
v 0.386292 0.309026 -0.009612
v 0.386292 0.309026 -0.009612
v 0.360453 0.309026 -0.009617
v 0.360453 0.309026 -0.009617
v 0.360453 0.309026 -0.009617
v 0.386292 0.309721 -0.008272
v 0.386292 0.309721 -0.008272
v 0.386292 0.309721 -0.008272
v 0.360453 0.309721 -0.008277
v 0.360453 0.309721 -0.008277
v 0.360453 0.309721 -0.008277
v 0.386292 0.310378 -0.006932
v 0.386292 0.310378 -0.006932
v 0.386292 0.310378 -0.006932
v 0.360453 0.310378 -0.006936
v 0.360453 0.310378 -0.006936
v 0.360453 0.310378 -0.006936
v 0.386291 0.311008 -0.005532
v 0.386291 0.311008 -0.005532
v 0.386291 0.311008 -0.005532
v 0.360453 0.311008 -0.005537
v 0.360453 0.311008 -0.005537
v 0.360453 0.311008 -0.005537
v 0.386291 0.311558 -0.004130
v 0.386291 0.311558 -0.004130
v 0.386291 0.311558 -0.004130
v 0.360453 0.311558 -0.004135
v 0.360453 0.311558 -0.004135
v 0.360453 0.311558 -0.004135
v 0.386291 0.311992 -0.002678
v 0.386291 0.311992 -0.002678
v 0.386291 0.311992 -0.002678
v 0.360452 0.311992 -0.002682
v 0.360452 0.311992 -0.002682
v 0.360452 0.311992 -0.002682
v 0.386291 0.312191 -0.001172
v 0.386291 0.312191 -0.001172
v 0.386291 0.312191 -0.001172
v 0.360452 0.312191 -0.001177
v 0.360452 0.312191 -0.001177
v 0.360452 0.312191 -0.001177
v 0.386290 0.311876 0.000298
v 0.386290 0.311876 0.000298
v 0.386290 0.311876 0.000298
v 0.360452 0.311876 0.000293
v 0.360452 0.311876 0.000293
v 0.360452 0.311876 0.000293
v 0.386313 0.288927 -0.132000
v 0.386313 0.288927 -0.132000
v 0.386313 0.288927 -0.132000
v 0.386313 0.289698 -0.133282
v 0.386313 0.289698 -0.133282
v 0.386313 0.289698 -0.133282
v 0.360475 0.289698 -0.133286
v 0.360475 0.289698 -0.133286
v 0.360475 0.289698 -0.133286
v 0.360474 0.288927 -0.132005
v 0.360474 0.288927 -0.132005
v 0.360474 0.288927 -0.132005
v 0.386313 0.288177 -0.130713
v 0.386313 0.288177 -0.130713
v 0.386313 0.288177 -0.130713
v 0.360474 0.288177 -0.130718
v 0.360474 0.288177 -0.130718
v 0.360474 0.288177 -0.130718
v 0.386312 0.287437 -0.129403
v 0.386312 0.287437 -0.129403
v 0.386312 0.287437 -0.129403
v 0.360474 0.287437 -0.129407
v 0.360474 0.287437 -0.129407
v 0.360474 0.287437 -0.129407
v 0.386312 0.286724 -0.128092
v 0.386312 0.286724 -0.128092
v 0.386312 0.286724 -0.128092
v 0.360474 0.286724 -0.128097
v 0.360474 0.286724 -0.128097
v 0.360474 0.286724 -0.128097
v 0.386312 0.286026 -0.126755
v 0.386312 0.286026 -0.126755
v 0.386312 0.286026 -0.126755
v 0.360473 0.286026 -0.126759
v 0.360473 0.286026 -0.126759
v 0.360473 0.286026 -0.126759
v 0.386312 0.285364 -0.125412
v 0.386312 0.285364 -0.125412
v 0.386312 0.285364 -0.125412
v 0.360473 0.285364 -0.125416
v 0.360473 0.285364 -0.125416
v 0.360473 0.285364 -0.125416
v 0.386312 0.284747 -0.124044
v 0.386312 0.284747 -0.124044
v 0.386312 0.284747 -0.124044
v 0.360473 0.284747 -0.124048
v 0.360473 0.284747 -0.124048
v 0.360473 0.284747 -0.124048
v 0.386311 0.284237 -0.122606
v 0.386311 0.284237 -0.122606
v 0.386311 0.284237 -0.122606
v 0.360473 0.284237 -0.122611
v 0.360473 0.284237 -0.122611
v 0.360473 0.284237 -0.122611
v 0.386311 0.283744 -0.121207
v 0.386311 0.283744 -0.121207
v 0.386311 0.283744 -0.121207
v 0.360473 0.283744 -0.121211
v 0.360473 0.283744 -0.121211
v 0.360473 0.283744 -0.121211
v 0.386311 0.282725 -0.120149
v 0.386311 0.282725 -0.120149
v 0.386311 0.282725 -0.120149
v 0.360472 0.282725 -0.120154
v 0.360472 0.282725 -0.120154
v 0.360472 0.282725 -0.120154
v 0.386311 0.281572 -0.119273
v 0.386311 0.281572 -0.119273
v 0.386311 0.281572 -0.119273
v 0.360472 0.281572 -0.119277
v 0.360472 0.281572 -0.119277
v 0.360472 0.281572 -0.119277
v 0.386311 0.280354 -0.118523
v 0.386311 0.280354 -0.118523
v 0.386311 0.280354 -0.118523
v 0.360472 0.280354 -0.118528
v 0.360472 0.280354 -0.118528
v 0.360472 0.280354 -0.118528
v 0.360472 0.280354 -0.118528
v 0.386310 0.279072 -0.117875
v 0.386310 0.279072 -0.117875
v 0.386310 0.279072 -0.117875
v 0.386310 0.279072 -0.117875
v 0.360472 0.279072 -0.117879
v 0.360472 0.279072 -0.117879
v 0.360472 0.279072 -0.117879
v 0.360472 0.279072 -0.117879
v 0.386310 0.277793 -0.117244
v 0.386310 0.277793 -0.117244
v 0.386310 0.277793 -0.117244
v 0.386310 0.277793 -0.117244
v 0.360472 0.277793 -0.117248
v 0.360472 0.277793 -0.117248
v 0.360472 0.277793 -0.117248
v 0.386310 0.276545 -0.116535
v 0.386310 0.276545 -0.116535
v 0.386310 0.276545 -0.116535
v 0.360472 0.276545 -0.116539
v 0.360472 0.276545 -0.116539
v 0.360472 0.276545 -0.116539
v 0.386310 0.275329 -0.115756
v 0.386310 0.275329 -0.115756
v 0.386310 0.275329 -0.115756
v 0.360472 0.275329 -0.115761
v 0.360472 0.275329 -0.115761
v 0.360472 0.275329 -0.115761
v 0.386310 0.274159 -0.114912
v 0.386310 0.274159 -0.114912
v 0.386310 0.274159 -0.114912
v 0.360471 0.274159 -0.114917
v 0.360471 0.274159 -0.114917
v 0.360471 0.274159 -0.114917
v 0.386310 0.273045 -0.113981
v 0.386310 0.273045 -0.113981
v 0.386310 0.273045 -0.113981
v 0.360471 0.273045 -0.113985
v 0.360471 0.273045 -0.113985
v 0.360471 0.273045 -0.113985
v 0.386310 0.272045 -0.112898
v 0.386310 0.272045 -0.112898
v 0.386310 0.272045 -0.112898
v 0.360471 0.272045 -0.112902
v 0.360471 0.272045 -0.112902
v 0.360471 0.272045 -0.112902
v 0.386309 0.271213 -0.111638
v 0.386309 0.271213 -0.111638
v 0.386309 0.271213 -0.111638
v 0.360471 0.271213 -0.111643
v 0.360471 0.271213 -0.111643
v 0.360471 0.271213 -0.111643
v 0.386309 0.270465 -0.110365
v 0.386309 0.270465 -0.110365
v 0.386309 0.270465 -0.110365
v 0.360471 0.270465 -0.110369
v 0.360471 0.270465 -0.110369
v 0.360471 0.270465 -0.110369
v 0.386309 0.269766 -0.109073
v 0.386309 0.269766 -0.109073
v 0.386309 0.269766 -0.109073
v 0.360470 0.269766 -0.109077
v 0.360470 0.269766 -0.109077
v 0.360470 0.269766 -0.109077
v 0.386309 0.269084 -0.107725
v 0.386309 0.269084 -0.107725
v 0.386309 0.269084 -0.107725
v 0.360470 0.269084 -0.107730
v 0.360470 0.269084 -0.107730
v 0.360470 0.269084 -0.107730
v 0.386308 0.267805 -0.104986
v 0.386308 0.267805 -0.104986
v 0.386308 0.267805 -0.104986
v 0.360470 0.267805 -0.104990
v 0.360470 0.267805 -0.104990
v 0.360470 0.267805 -0.104990
v 0.386308 0.267198 -0.103593
v 0.386308 0.267198 -0.103593
v 0.386308 0.267198 -0.103593
v 0.360470 0.267198 -0.103597
v 0.360470 0.267198 -0.103597
v 0.360470 0.267198 -0.103597
v 0.386308 0.266615 -0.102203
v 0.386308 0.266615 -0.102203
v 0.386308 0.266615 -0.102203
v 0.360469 0.266615 -0.102207
v 0.360469 0.266615 -0.102207
v 0.360469 0.266615 -0.102207
v 0.386308 0.266055 -0.100815
v 0.386308 0.266055 -0.100815
v 0.386308 0.266055 -0.100815
v 0.360469 0.266055 -0.100820
v 0.360469 0.266055 -0.100820
v 0.360469 0.266055 -0.100820
v 0.386307 0.265494 -0.099371
v 0.386307 0.265494 -0.099371
v 0.386307 0.265494 -0.099371
v 0.360469 0.265494 -0.099376
v 0.360469 0.265494 -0.099376
v 0.360469 0.265494 -0.099376
v 0.386307 0.264973 -0.097985
v 0.386307 0.264973 -0.097985
v 0.386307 0.264973 -0.097985
v 0.360469 0.264973 -0.097989
v 0.360469 0.264973 -0.097989
v 0.360469 0.264973 -0.097989
v 0.386307 0.264449 -0.096544
v 0.386307 0.264449 -0.096544
v 0.386307 0.264449 -0.096544
v 0.360468 0.264449 -0.096549
v 0.360468 0.264449 -0.096549
v 0.360468 0.264449 -0.096549
v 0.386307 0.263960 -0.095150
v 0.386307 0.263960 -0.095150
v 0.386307 0.263960 -0.095150
v 0.360468 0.263960 -0.095155
v 0.360468 0.263960 -0.095155
v 0.360468 0.263960 -0.095155
v 0.386306 0.263471 -0.093707
v 0.386306 0.263471 -0.093707
v 0.386306 0.263471 -0.093707
v 0.360468 0.263471 -0.093711
v 0.360468 0.263471 -0.093711
v 0.360468 0.263471 -0.093711
v 0.386306 0.262105 -0.089361
v 0.386306 0.262105 -0.089361
v 0.386306 0.262105 -0.089361
v 0.360467 0.262105 -0.089365
v 0.360467 0.262105 -0.089365
v 0.360467 0.262105 -0.089365
v 0.386305 0.261683 -0.087901
v 0.386305 0.261683 -0.087901
v 0.386305 0.261683 -0.087901
v 0.360467 0.261683 -0.087906
v 0.360467 0.261683 -0.087906
v 0.360467 0.261683 -0.087906
v 0.386305 0.260890 -0.084944
v 0.386305 0.260890 -0.084944
v 0.386305 0.260890 -0.084944
v 0.360466 0.260890 -0.084948
v 0.360466 0.260890 -0.084948
v 0.360466 0.260890 -0.084948
v 0.386305 0.260530 -0.083472
v 0.386305 0.260530 -0.083472
v 0.386305 0.260530 -0.083472
v 0.360466 0.260530 -0.083477
v 0.360466 0.260530 -0.083477
v 0.360466 0.260530 -0.083477
v 0.386304 0.260186 -0.082005
v 0.386304 0.260186 -0.082005
v 0.386304 0.260186 -0.082005
v 0.360466 0.260186 -0.082009
v 0.360466 0.260186 -0.082009
v 0.360466 0.260186 -0.082009
v 0.386304 0.259819 -0.080536
v 0.386304 0.259819 -0.080536
v 0.386304 0.259819 -0.080536
v 0.360466 0.259819 -0.080540
v 0.360466 0.259819 -0.080540
v 0.360466 0.259819 -0.080540
v 0.386304 0.259421 -0.079063
v 0.386304 0.259421 -0.079063
v 0.386304 0.259421 -0.079063
v 0.360465 0.259421 -0.079067
v 0.360465 0.259421 -0.079067
v 0.360465 0.259421 -0.079067
v 0.386304 0.258990 -0.077596
v 0.386304 0.258990 -0.077596
v 0.386304 0.258990 -0.077596
v 0.360465 0.258990 -0.077600
v 0.360465 0.258990 -0.077600
v 0.360465 0.258990 -0.077600
v 0.386303 0.258523 -0.076142
v 0.386303 0.258523 -0.076142
v 0.386303 0.258523 -0.076142
v 0.360465 0.258523 -0.076146
v 0.360465 0.258523 -0.076146
v 0.360465 0.258523 -0.076146
v 0.386303 0.258018 -0.074706
v 0.386303 0.258018 -0.074706
v 0.386303 0.258018 -0.074706
v 0.360465 0.258018 -0.074711
v 0.360465 0.258018 -0.074711
v 0.360465 0.258018 -0.074711
v 0.386303 0.257474 -0.073292
v 0.386303 0.257474 -0.073292
v 0.386303 0.257474 -0.073292
v 0.360464 0.257474 -0.073297
v 0.360464 0.257474 -0.073297
v 0.360464 0.257474 -0.073297
v 0.386303 0.256889 -0.071902
v 0.386303 0.256889 -0.071902
v 0.386303 0.256889 -0.071902
v 0.360464 0.256889 -0.071906
v 0.360464 0.256889 -0.071906
v 0.360464 0.256889 -0.071906
v 0.386302 0.256263 -0.070536
v 0.386302 0.256263 -0.070536
v 0.386302 0.256263 -0.070536
v 0.360464 0.256263 -0.070540
v 0.360464 0.256263 -0.070540
v 0.360464 0.256263 -0.070540
v 0.386302 0.255595 -0.069194
v 0.386302 0.255595 -0.069194
v 0.386302 0.255595 -0.069194
v 0.360464 0.255595 -0.069199
v 0.360464 0.255595 -0.069199
v 0.360464 0.255595 -0.069199
v 0.386302 0.254886 -0.067877
v 0.386302 0.254886 -0.067877
v 0.386302 0.254886 -0.067877
v 0.360463 0.254886 -0.067881
v 0.360463 0.254886 -0.067881
v 0.360463 0.254886 -0.067881
v 0.386302 0.254138 -0.066582
v 0.386302 0.254138 -0.066582
v 0.386302 0.254138 -0.066582
v 0.360463 0.254138 -0.066587
v 0.360463 0.254138 -0.066587
v 0.360463 0.254138 -0.066587
v 0.386302 0.253354 -0.065311
v 0.386302 0.253354 -0.065311
v 0.386302 0.253354 -0.065311
v 0.360463 0.253354 -0.065315
v 0.360463 0.253354 -0.065315
v 0.360463 0.253354 -0.065315
v 0.386301 0.252538 -0.064062
v 0.386301 0.252538 -0.064062
v 0.386301 0.252538 -0.064062
v 0.360463 0.252538 -0.064066
v 0.360463 0.252538 -0.064066
v 0.360463 0.252538 -0.064066
v 0.386301 0.250849 -0.061628
v 0.386301 0.250849 -0.061628
v 0.386301 0.250849 -0.061628
v 0.360462 0.250849 -0.061633
v 0.360462 0.250849 -0.061633
v 0.360462 0.250849 -0.061633
v 0.386301 0.249973 -0.060403
v 0.386301 0.249973 -0.060403
v 0.386301 0.249973 -0.060403
v 0.360462 0.249973 -0.060407
v 0.360462 0.249973 -0.060407
v 0.360462 0.249973 -0.060407
v 0.386300 0.248212 -0.058040
v 0.386300 0.248212 -0.058040
v 0.386300 0.248212 -0.058040
v 0.360462 0.248212 -0.058044
v 0.360462 0.248212 -0.058044
v 0.360462 0.248212 -0.058044
v 0.386300 0.247272 -0.056862
v 0.386300 0.247272 -0.056862
v 0.386300 0.247272 -0.056862
v 0.360462 0.247272 -0.056866
v 0.360462 0.247272 -0.056866
v 0.360462 0.247272 -0.056866
v 0.386300 0.246313 -0.055756
v 0.386300 0.246313 -0.055756
v 0.386300 0.246313 -0.055756
v 0.360461 0.246313 -0.055760
v 0.360461 0.246313 -0.055760
v 0.360461 0.246313 -0.055760
v 0.386300 0.245266 -0.054723
v 0.386300 0.245266 -0.054723
v 0.386300 0.245266 -0.054723
v 0.360461 0.245266 -0.054728
v 0.360461 0.245266 -0.054728
v 0.360461 0.245266 -0.054728
v 0.386300 0.244066 -0.053956
v 0.386300 0.244066 -0.053956
v 0.386300 0.244066 -0.053956
v 0.360461 0.244066 -0.053961
v 0.360461 0.244066 -0.053961
v 0.360461 0.244066 -0.053961
v 0.386300 0.242829 -0.054384
v 0.386300 0.242829 -0.054384
v 0.386300 0.242829 -0.054384
v 0.360461 0.242829 -0.054389
v 0.360461 0.242829 -0.054389
v 0.360461 0.242829 -0.054389
v 0.386300 0.242327 -0.055797
v 0.386300 0.242327 -0.055797
v 0.386300 0.242327 -0.055797
v 0.360461 0.242327 -0.055801
v 0.360461 0.242327 -0.055801
v 0.360461 0.242327 -0.055801
v 0.386300 0.242118 -0.057314
v 0.386300 0.242118 -0.057314
v 0.386300 0.242118 -0.057314
v 0.360462 0.242118 -0.057318
v 0.360462 0.242118 -0.057318
v 0.360462 0.242118 -0.057318
v 0.386300 0.242022 -0.058841
v 0.386300 0.242022 -0.058841
v 0.386300 0.242022 -0.058841
v 0.360462 0.242022 -0.058845
v 0.360462 0.242022 -0.058845
v 0.360462 0.242022 -0.058845
v 0.386301 0.241982 -0.060369
v 0.386301 0.241982 -0.060369
v 0.386301 0.241982 -0.060369
v 0.360462 0.241982 -0.060373
v 0.360462 0.241982 -0.060373
v 0.360462 0.241982 -0.060373
v 0.386301 0.241972 -0.061911
v 0.386301 0.241972 -0.061911
v 0.386301 0.241972 -0.061911
v 0.360462 0.241972 -0.061916
v 0.360462 0.241972 -0.061916
v 0.360462 0.241972 -0.061916
v 0.386301 0.241913 -0.063425
v 0.386301 0.241913 -0.063425
v 0.386301 0.241913 -0.063425
v 0.360463 0.241913 -0.063429
v 0.360463 0.241913 -0.063429
v 0.360463 0.241913 -0.063429
v 0.386301 0.241796 -0.064962
v 0.386301 0.241796 -0.064962
v 0.386301 0.241796 -0.064962
v 0.360463 0.241796 -0.064966
v 0.360463 0.241796 -0.064966
v 0.360463 0.241796 -0.064966
v 0.386302 0.241635 -0.066483
v 0.386302 0.241635 -0.066483
v 0.386302 0.241635 -0.066483
v 0.360463 0.241635 -0.066488
v 0.360463 0.241635 -0.066488
v 0.360463 0.241635 -0.066488
v 0.386302 0.241440 -0.067986
v 0.386302 0.241440 -0.067986
v 0.386302 0.241440 -0.067986
v 0.360463 0.241440 -0.067990
v 0.360463 0.241440 -0.067990
v 0.360463 0.241440 -0.067990
v 0.386302 0.241213 -0.069496
v 0.386302 0.241213 -0.069496
v 0.386302 0.241213 -0.069496
v 0.360464 0.241213 -0.069501
v 0.360464 0.241213 -0.069501
v 0.360464 0.241213 -0.069501
v 0.386302 0.240959 -0.070994
v 0.386302 0.240959 -0.070994
v 0.386302 0.240959 -0.070994
v 0.360464 0.240959 -0.070999
v 0.360464 0.240959 -0.070999
v 0.360464 0.240959 -0.070999
v 0.386303 0.240676 -0.072503
v 0.386303 0.240676 -0.072503
v 0.386303 0.240676 -0.072503
v 0.360464 0.240676 -0.072507
v 0.360464 0.240676 -0.072507
v 0.360464 0.240676 -0.072507
v 0.386303 0.240369 -0.073998
v 0.386303 0.240369 -0.073998
v 0.386303 0.240369 -0.073998
v 0.360464 0.240369 -0.074002
v 0.360464 0.240369 -0.074002
v 0.360464 0.240369 -0.074002
v 0.386304 0.239680 -0.076973
v 0.386304 0.239680 -0.076973
v 0.386304 0.239680 -0.076973
v 0.360465 0.239680 -0.076977
v 0.360465 0.239680 -0.076977
v 0.360465 0.239680 -0.076977
v 0.386304 0.239300 -0.078436
v 0.386304 0.239300 -0.078436
v 0.386304 0.239300 -0.078436
v 0.360465 0.239300 -0.078440
v 0.360465 0.239300 -0.078440
v 0.360465 0.239300 -0.078440
v 0.386304 0.238459 -0.081322
v 0.386304 0.238459 -0.081322
v 0.386304 0.238459 -0.081322
v 0.360466 0.238459 -0.081327
v 0.360466 0.238459 -0.081327
v 0.360466 0.238459 -0.081327
v 0.386304 0.238027 -0.082827
v 0.386304 0.238027 -0.082827
v 0.386304 0.238027 -0.082827
v 0.360466 0.238027 -0.082832
v 0.360466 0.238027 -0.082832
v 0.360466 0.238027 -0.082832
v 0.386305 0.237640 -0.084285
v 0.386305 0.237640 -0.084285
v 0.386305 0.237640 -0.084285
v 0.360466 0.237640 -0.084290
v 0.360466 0.237640 -0.084290
v 0.360466 0.237640 -0.084290
v 0.386305 0.237273 -0.085762
v 0.386305 0.237273 -0.085762
v 0.386305 0.237273 -0.085762
v 0.360466 0.237273 -0.085767
v 0.360466 0.237273 -0.085767
v 0.360466 0.237273 -0.085767
v 0.386305 0.236927 -0.087231
v 0.386305 0.236927 -0.087231
v 0.386305 0.236927 -0.087231
v 0.360467 0.236927 -0.087235
v 0.360467 0.236927 -0.087235
v 0.360467 0.236927 -0.087235
v 0.386306 0.236588 -0.088745
v 0.386306 0.236588 -0.088745
v 0.386306 0.236588 -0.088745
v 0.360467 0.236588 -0.088749
v 0.360467 0.236588 -0.088749
v 0.360467 0.236588 -0.088749
v 0.386306 0.235674 -0.093212
v 0.386306 0.235674 -0.093212
v 0.386306 0.235674 -0.093212
v 0.360468 0.235674 -0.093217
v 0.360468 0.235674 -0.093217
v 0.360468 0.235674 -0.093217
v 0.386307 0.235399 -0.094684
v 0.386307 0.235399 -0.094684
v 0.386307 0.235399 -0.094684
v 0.360468 0.235399 -0.094688
v 0.360468 0.235399 -0.094688
v 0.360468 0.235399 -0.094688
v 0.386307 0.235122 -0.096227
v 0.386307 0.235122 -0.096227
v 0.386307 0.235122 -0.096227
v 0.360468 0.235122 -0.096232
v 0.360468 0.235122 -0.096232
v 0.360468 0.235122 -0.096232
v 0.386307 0.234868 -0.097718
v 0.386307 0.234868 -0.097718
v 0.386307 0.234868 -0.097718
v 0.360469 0.234868 -0.097723
v 0.360469 0.234868 -0.097723
v 0.360469 0.234868 -0.097723
v 0.386308 0.234397 -0.100720
v 0.386308 0.234397 -0.100720
v 0.386308 0.234397 -0.100720
v 0.360469 0.234397 -0.100724
v 0.360469 0.234397 -0.100724
v 0.360469 0.234397 -0.100724
v 0.386308 0.234182 -0.102233
v 0.386308 0.234182 -0.102233
v 0.386308 0.234182 -0.102233
v 0.360469 0.234182 -0.102238
v 0.360469 0.234182 -0.102238
v 0.360469 0.234182 -0.102238
v 0.386308 0.233983 -0.103752
v 0.386308 0.233983 -0.103752
v 0.386308 0.233983 -0.103752
v 0.360470 0.233983 -0.103757
v 0.360470 0.233983 -0.103757
v 0.360470 0.233983 -0.103757
v 0.386308 0.233804 -0.105271
v 0.386308 0.233804 -0.105271
v 0.386308 0.233804 -0.105271
v 0.360470 0.233804 -0.105275
v 0.360470 0.233804 -0.105275
v 0.360470 0.233804 -0.105275
v 0.386309 0.233645 -0.106762
v 0.386309 0.233645 -0.106762
v 0.386309 0.233645 -0.106762
v 0.360470 0.233645 -0.106766
v 0.360470 0.233645 -0.106766
v 0.360470 0.233645 -0.106766
v 0.386309 0.233474 -0.108296
v 0.386309 0.233474 -0.108296
v 0.386309 0.233474 -0.108296
v 0.360470 0.233474 -0.108301
v 0.360470 0.233474 -0.108301
v 0.360470 0.233474 -0.108301
v 0.386309 0.233084 -0.111354
v 0.386309 0.233084 -0.111354
v 0.386309 0.233084 -0.111354
v 0.360471 0.233084 -0.111358
v 0.360471 0.233084 -0.111358
v 0.360471 0.233084 -0.111358
v 0.386310 0.232864 -0.112847
v 0.386310 0.232864 -0.112847
v 0.386310 0.232864 -0.112847
v 0.360471 0.232864 -0.112851
v 0.360471 0.232864 -0.112851
v 0.360471 0.232864 -0.112851
v 0.386310 0.232615 -0.114357
v 0.386310 0.232615 -0.114357
v 0.386310 0.232615 -0.114357
v 0.360471 0.232615 -0.114362
v 0.360471 0.232615 -0.114362
v 0.360471 0.232615 -0.114362
v 0.360471 0.232615 -0.114362
v 0.386310 0.232336 -0.115853
v 0.386310 0.232336 -0.115853
v 0.386310 0.232336 -0.115853
v 0.386310 0.232336 -0.115853
v 0.360472 0.232336 -0.115857
v 0.360472 0.232336 -0.115857
v 0.360472 0.232336 -0.115857
v 0.386310 0.232012 -0.117364
v 0.386310 0.232012 -0.117364
v 0.386310 0.232012 -0.117364
v 0.360472 0.232012 -0.117368
v 0.360472 0.232012 -0.117368
v 0.360472 0.232012 -0.117368
v 0.386311 0.231648 -0.118823
v 0.386311 0.231648 -0.118823
v 0.386311 0.231648 -0.118823
v 0.360472 0.231648 -0.118828
v 0.360472 0.231648 -0.118828
v 0.360472 0.231648 -0.118828
v 0.386311 0.231218 -0.120282
v 0.386311 0.231218 -0.120282
v 0.386311 0.231218 -0.120282
v 0.360472 0.231218 -0.120286
v 0.360472 0.231218 -0.120286
v 0.360472 0.231218 -0.120286
v 0.386311 0.230709 -0.121715
v 0.386311 0.230709 -0.121715
v 0.386311 0.230709 -0.121715
v 0.360473 0.230709 -0.121719
v 0.360473 0.230709 -0.121719
v 0.360473 0.230709 -0.121719
v 0.386311 0.230121 -0.123065
v 0.386311 0.230121 -0.123065
v 0.386311 0.230121 -0.123065
v 0.360473 0.230121 -0.123069
v 0.360473 0.230121 -0.123069
v 0.360473 0.230121 -0.123069
v 0.360473 0.230121 -0.123069
v 0.386312 0.229398 -0.124390
v 0.386312 0.229398 -0.124390
v 0.386312 0.229398 -0.124390
v 0.386312 0.229398 -0.124390
v 0.360473 0.229398 -0.124395
v 0.360473 0.229398 -0.124395
v 0.360473 0.229398 -0.124395
v 0.386312 0.228533 -0.125621
v 0.386312 0.228533 -0.125621
v 0.386312 0.228533 -0.125621
v 0.360473 0.228533 -0.125625
v 0.360473 0.228533 -0.125625
v 0.360473 0.228533 -0.125625
v 0.386312 0.227532 -0.126709
v 0.386312 0.227532 -0.126709
v 0.386312 0.227532 -0.126709
v 0.360473 0.227532 -0.126713
v 0.360473 0.227532 -0.126713
v 0.360473 0.227532 -0.126713
v 0.386312 0.226424 -0.127621
v 0.386312 0.226424 -0.127621
v 0.386312 0.226424 -0.127621
v 0.360474 0.226424 -0.127625
v 0.360474 0.226424 -0.127625
v 0.360474 0.226424 -0.127625
v 0.360474 0.226424 -0.127625
v 0.386312 0.225181 -0.128394
v 0.386312 0.225181 -0.128394
v 0.386312 0.225181 -0.128394
v 0.386312 0.225181 -0.128394
v 0.386312 0.225181 -0.128394
v 0.360474 0.225181 -0.128399
v 0.360474 0.225181 -0.128399
v 0.360474 0.225181 -0.128399
v 0.360474 0.225181 -0.128399
v 0.386312 0.223892 -0.129006
v 0.386312 0.223892 -0.129006
v 0.386312 0.223892 -0.129006
v 0.386312 0.223892 -0.129006
v 0.360474 0.223892 -0.129010
v 0.360474 0.223892 -0.129010
v 0.360474 0.223892 -0.129010
v 0.360474 0.223892 -0.129010
v 0.386312 0.222590 -0.129428
v 0.386312 0.222590 -0.129428
v 0.386312 0.222590 -0.129428
v 0.360474 0.222590 -0.129432
v 0.360474 0.222590 -0.129432
v 0.360474 0.222590 -0.129432
v 0.386313 0.221158 -0.129675
v 0.386313 0.221158 -0.129675
v 0.386313 0.221158 -0.129675
v 0.360474 0.221158 -0.129679
v 0.360474 0.221158 -0.129679
v 0.360474 0.221158 -0.129679
v 0.386313 0.218389 -0.129985
v 0.386313 0.218389 -0.129985
v 0.386313 0.218389 -0.129985
v 0.386313 0.218389 -0.129985
v 0.386313 0.218389 -0.129985
v 0.360474 0.218389 -0.129989
v 0.360474 0.218389 -0.129989
v 0.360474 0.218389 -0.129989
v 0.360474 0.218389 -0.129989
v 0.386313 0.216977 -0.130103
v 0.386313 0.216977 -0.130103
v 0.386313 0.216977 -0.130103
v 0.386313 0.216977 -0.130103
v 0.360474 0.216977 -0.130108
v 0.360474 0.216977 -0.130108
v 0.360474 0.216977 -0.130108
v 0.360474 0.216977 -0.130108
v 0.386313 0.214129 -0.130296
v 0.386313 0.214129 -0.130296
v 0.386313 0.214129 -0.130296
v 0.386313 0.214129 -0.130296
v 0.386313 0.214129 -0.130296
v 0.360474 0.214129 -0.130300
v 0.360474 0.214129 -0.130300
v 0.360474 0.214129 -0.130300
v 0.360474 0.214129 -0.130300
v 0.360474 0.214129 -0.130300
v 0.386313 0.212738 -0.130373
v 0.386313 0.212738 -0.130373
v 0.386313 0.212738 -0.130373
v 0.386313 0.212738 -0.130373
v 0.360474 0.212738 -0.130378
v 0.360474 0.212738 -0.130378
v 0.360474 0.212738 -0.130378
v 0.360474 0.212738 -0.130378
v 0.360474 0.212738 -0.130378
v 0.386313 0.208518 -0.130560
v 0.386313 0.208518 -0.130560
v 0.386313 0.208518 -0.130560
v 0.360474 0.208518 -0.130565
v 0.360474 0.208518 -0.130565
v 0.360474 0.208518 -0.130565
v 0.360474 0.208518 -0.130565
v 0.386313 0.207123 -0.130609
v 0.386313 0.207123 -0.130609
v 0.386313 0.207123 -0.130609
v 0.360474 0.207123 -0.130614
v 0.360474 0.207123 -0.130614
v 0.360474 0.207123 -0.130614
v 0.360474 0.207123 -0.130614
v 0.386313 0.205709 -0.130653
v 0.386313 0.205709 -0.130653
v 0.386313 0.205709 -0.130653
v 0.386313 0.205709 -0.130653
v 0.360474 0.205709 -0.130658
v 0.360474 0.205709 -0.130658
v 0.360474 0.205709 -0.130658
v 0.386313 0.204322 -0.130691
v 0.386313 0.204322 -0.130691
v 0.386313 0.204322 -0.130691
v 0.360474 0.204322 -0.130696
v 0.360474 0.204322 -0.130696
v 0.360474 0.204322 -0.130696
v 0.386313 0.201466 -0.130756
v 0.386313 0.201466 -0.130756
v 0.386313 0.201466 -0.130756
v 0.360474 0.201466 -0.130760
v 0.360474 0.201466 -0.130760
v 0.360474 0.201466 -0.130760
v 0.386313 0.200082 -0.130780
v 0.386313 0.200082 -0.130780
v 0.386313 0.200082 -0.130780
v 0.360474 0.200082 -0.130785
v 0.360474 0.200082 -0.130785
v 0.360474 0.200082 -0.130785
v 0.386313 0.187373 -0.130840
v 0.386313 0.187373 -0.130840
v 0.386313 0.187373 -0.130840
v 0.360474 0.187373 -0.130845
v 0.360474 0.187373 -0.130845
v 0.360474 0.187373 -0.130845
v 0.386313 0.186036 -0.130832
v 0.386313 0.186036 -0.130832
v 0.386313 0.186036 -0.130832
v 0.360474 0.186036 -0.130836
v 0.360474 0.186036 -0.130836
v 0.360474 0.186036 -0.130836
v 0.386313 0.181767 -0.130783
v 0.386313 0.181767 -0.130783
v 0.386313 0.181767 -0.130783
v 0.360474 0.181767 -0.130788
v 0.360474 0.181767 -0.130788
v 0.360474 0.181767 -0.130788
v 0.360474 0.181767 -0.130788
v 0.386313 0.180335 -0.130758
v 0.386313 0.180335 -0.130758
v 0.386313 0.180335 -0.130758
v 0.386313 0.180335 -0.130758
v 0.360474 0.180335 -0.130763
v 0.360474 0.180335 -0.130763
v 0.360474 0.180335 -0.130763
v 0.360474 0.180335 -0.130763
v 0.386313 0.178972 -0.130729
v 0.386313 0.178972 -0.130729
v 0.386313 0.178972 -0.130729
v 0.386313 0.178972 -0.130729
v 0.360474 0.178972 -0.130734
v 0.360474 0.178972 -0.130734
v 0.360474 0.178972 -0.130734
v 0.386313 0.177592 -0.130695
v 0.386313 0.177592 -0.130695
v 0.386313 0.177592 -0.130695
v 0.360474 0.177592 -0.130699
v 0.360474 0.177592 -0.130699
v 0.360474 0.177592 -0.130699
v 0.386313 0.173311 -0.130545
v 0.386313 0.173311 -0.130545
v 0.386313 0.173311 -0.130545
v 0.360474 0.173311 -0.130549
v 0.360474 0.173311 -0.130549
v 0.360474 0.173311 -0.130549
v 0.386313 0.171921 -0.130479
v 0.386313 0.171921 -0.130479
v 0.386313 0.171921 -0.130479
v 0.360474 0.171921 -0.130484
v 0.360474 0.171921 -0.130484
v 0.360474 0.171921 -0.130484
v 0.386313 0.170502 -0.130402
v 0.386313 0.170502 -0.130402
v 0.386313 0.170502 -0.130402
v 0.360474 0.170502 -0.130406
v 0.360474 0.170502 -0.130406
v 0.360474 0.170502 -0.130406
v 0.386313 0.169133 -0.130316
v 0.386313 0.169133 -0.130316
v 0.386313 0.169133 -0.130316
v 0.360474 0.169133 -0.130320
v 0.360474 0.169133 -0.130320
v 0.360474 0.169133 -0.130320
v 0.386313 0.167731 -0.130214
v 0.386313 0.167731 -0.130214
v 0.386313 0.167731 -0.130214
v 0.360474 0.167731 -0.130218
v 0.360474 0.167731 -0.130218
v 0.360474 0.167731 -0.130218
v 0.386313 0.164909 -0.129959
v 0.386313 0.164909 -0.129959
v 0.386313 0.164909 -0.129959
v 0.360474 0.164909 -0.129964
v 0.360474 0.164909 -0.129964
v 0.360474 0.164909 -0.129964
v 0.386313 0.163545 -0.129807
v 0.386313 0.163545 -0.129807
v 0.386313 0.163545 -0.129807
v 0.360474 0.163545 -0.129811
v 0.360474 0.163545 -0.129811
v 0.360474 0.163545 -0.129811
v 0.386312 0.160734 -0.129413
v 0.386312 0.160734 -0.129413
v 0.386312 0.160734 -0.129413
v 0.360474 0.160734 -0.129418
v 0.360474 0.160734 -0.129418
v 0.360474 0.160734 -0.129418
v 0.386312 0.159308 -0.129162
v 0.386312 0.159308 -0.129162
v 0.386312 0.159308 -0.129162
v 0.360474 0.159308 -0.129167
v 0.360474 0.159308 -0.129167
v 0.360474 0.159308 -0.129167
v 0.386312 0.157948 -0.128882
v 0.386312 0.157948 -0.128882
v 0.386312 0.157948 -0.128882
v 0.360474 0.157948 -0.128886
v 0.360474 0.157948 -0.128886
v 0.360474 0.157948 -0.128886
v 0.360474 0.157948 -0.128886
v 0.386312 0.156527 -0.128536
v 0.386312 0.156527 -0.128536
v 0.386312 0.156527 -0.128536
v 0.386312 0.156527 -0.128536
v 0.360474 0.156527 -0.128540
v 0.360474 0.156527 -0.128540
v 0.360474 0.156527 -0.128540
v 0.386312 0.155219 -0.128159
v 0.386312 0.155219 -0.128159
v 0.386312 0.155219 -0.128159
v 0.360474 0.155219 -0.128164
v 0.360474 0.155219 -0.128164
v 0.360474 0.155219 -0.128164
v 0.386312 0.153843 -0.127688
v 0.386312 0.153843 -0.127688
v 0.386312 0.153843 -0.127688
v 0.360474 0.153843 -0.127693
v 0.360474 0.153843 -0.127693
v 0.360474 0.153843 -0.127693
v 0.386312 0.152565 -0.127166
v 0.386312 0.152565 -0.127166
v 0.386312 0.152565 -0.127166
v 0.360474 0.152565 -0.127170
v 0.360474 0.152565 -0.127170
v 0.360474 0.152565 -0.127170
v 0.386312 0.151275 -0.126534
v 0.386312 0.151275 -0.126534
v 0.386312 0.151275 -0.126534
v 0.360473 0.151275 -0.126538
v 0.360473 0.151275 -0.126538
v 0.360473 0.151275 -0.126538
v 0.386312 0.150042 -0.125808
v 0.386312 0.150042 -0.125808
v 0.386312 0.150042 -0.125808
v 0.360473 0.150042 -0.125812
v 0.360473 0.150042 -0.125812
v 0.360473 0.150042 -0.125812
v 0.386312 0.148838 -0.124959
v 0.386312 0.148838 -0.124959
v 0.386312 0.148838 -0.124959
v 0.360473 0.148838 -0.124963
v 0.360473 0.148838 -0.124963
v 0.360473 0.148838 -0.124963
v 0.386311 0.146652 -0.123010
v 0.386311 0.146652 -0.123010
v 0.386311 0.146652 -0.123010
v 0.360473 0.146652 -0.123014
v 0.360473 0.146652 -0.123014
v 0.360473 0.146652 -0.123014
v 0.386311 0.145585 -0.122058
v 0.386311 0.145585 -0.122058
v 0.386311 0.145585 -0.122058
v 0.360473 0.145585 -0.122063
v 0.360473 0.145585 -0.122063
v 0.360473 0.145585 -0.122063
v 0.386311 0.144416 -0.121158
v 0.386311 0.144416 -0.121158
v 0.386311 0.144416 -0.121158
v 0.360473 0.144416 -0.121162
v 0.360473 0.144416 -0.121162
v 0.360473 0.144416 -0.121162
v 0.386311 0.143189 -0.120422
v 0.386311 0.143189 -0.120422
v 0.386311 0.143189 -0.120422
v 0.360472 0.143189 -0.120426
v 0.360472 0.143189 -0.120426
v 0.360472 0.143189 -0.120426
v 0.386311 0.141869 -0.119919
v 0.386311 0.141869 -0.119919
v 0.386311 0.141869 -0.119919
v 0.360472 0.141869 -0.119924
v 0.360472 0.141869 -0.119924
v 0.360472 0.141869 -0.119924
v 0.386311 0.140469 -0.119738
v 0.386311 0.140469 -0.119738
v 0.386311 0.140469 -0.119738
v 0.360472 0.140469 -0.119742
v 0.360472 0.140469 -0.119742
v 0.360472 0.140469 -0.119742
v 0.360472 0.140469 -0.119742
v 0.386311 0.139081 -0.119888
v 0.386311 0.139081 -0.119888
v 0.386311 0.139081 -0.119888
v 0.386311 0.139081 -0.119888
v 0.360472 0.139081 -0.119892
v 0.360472 0.139081 -0.119892
v 0.360472 0.139081 -0.119892
v 0.386311 0.137714 -0.120296
v 0.386311 0.137714 -0.120296
v 0.386311 0.137714 -0.120296
v 0.360472 0.137714 -0.120300
v 0.360472 0.137714 -0.120300
v 0.360472 0.137714 -0.120300
v 0.386311 0.136411 -0.120862
v 0.386311 0.136411 -0.120862
v 0.386311 0.136411 -0.120862
v 0.360472 0.136411 -0.120867
v 0.360472 0.136411 -0.120867
v 0.360472 0.136411 -0.120867
v 0.386311 0.133883 -0.122270
v 0.386311 0.133883 -0.122270
v 0.386311 0.133883 -0.122270
v 0.360473 0.133883 -0.122274
v 0.360473 0.133883 -0.122274
v 0.360473 0.133883 -0.122274
v 0.386311 0.132648 -0.122962
v 0.386311 0.132648 -0.122962
v 0.386311 0.132648 -0.122962
v 0.360473 0.132648 -0.122966
v 0.360473 0.132648 -0.122966
v 0.360473 0.132648 -0.122966
v 0.386311 0.131377 -0.123563
v 0.386311 0.131377 -0.123563
v 0.386311 0.131377 -0.123563
v 0.360473 0.131377 -0.123567
v 0.360473 0.131377 -0.123567
v 0.360473 0.131377 -0.123567
v 0.360473 0.131377 -0.123567
v 0.386312 0.130016 -0.124063
v 0.386312 0.130016 -0.124063
v 0.386312 0.130016 -0.124063
v 0.386312 0.130016 -0.124063
v 0.360473 0.130016 -0.124067
v 0.360473 0.130016 -0.124067
v 0.360473 0.130016 -0.124067
v 0.386312 0.128648 -0.124430
v 0.386312 0.128648 -0.124430
v 0.386312 0.128648 -0.124430
v 0.360473 0.128648 -0.124435
v 0.360473 0.128648 -0.124435
v 0.360473 0.128648 -0.124435
v 0.386312 0.127263 -0.124698
v 0.386312 0.127263 -0.124698
v 0.386312 0.127263 -0.124698
v 0.360473 0.127263 -0.124702
v 0.360473 0.127263 -0.124702
v 0.360473 0.127263 -0.124702
v 0.386312 0.125894 -0.124889
v 0.386312 0.125894 -0.124889
v 0.386312 0.125894 -0.124889
v 0.360473 0.125894 -0.124893
v 0.360473 0.125894 -0.124893
v 0.360473 0.125894 -0.124893
v 0.386312 0.124492 -0.125031
v 0.386312 0.124492 -0.125031
v 0.386312 0.124492 -0.125031
v 0.360473 0.124492 -0.125036
v 0.360473 0.124492 -0.125036
v 0.360473 0.124492 -0.125036
v 0.386312 0.121678 -0.125215
v 0.386312 0.121678 -0.125215
v 0.386312 0.121678 -0.125215
v 0.360473 0.121678 -0.125220
v 0.360473 0.121678 -0.125220
v 0.360473 0.121678 -0.125220
v 0.386312 0.120279 -0.125274
v 0.386312 0.120279 -0.125274
v 0.386312 0.120279 -0.125274
v 0.360473 0.120279 -0.125279
v 0.360473 0.120279 -0.125279
v 0.360473 0.120279 -0.125279
v 0.386312 0.118846 -0.125320
v 0.386312 0.118846 -0.125320
v 0.386312 0.118846 -0.125320
v 0.360473 0.118846 -0.125324
v 0.360473 0.118846 -0.125324
v 0.360473 0.118846 -0.125324
v 0.386312 0.117421 -0.125354
v 0.386312 0.117421 -0.125354
v 0.386312 0.117421 -0.125354
v 0.360473 0.117421 -0.125359
v 0.360473 0.117421 -0.125359
v 0.360473 0.117421 -0.125359
v 0.386312 0.111806 -0.125425
v 0.386312 0.111806 -0.125425
v 0.386312 0.111806 -0.125425
v 0.360473 0.111806 -0.125430
v 0.360473 0.111806 -0.125430
v 0.360473 0.111806 -0.125430
v 0.386312 0.110391 -0.125434
v 0.386312 0.110391 -0.125434
v 0.386312 0.110391 -0.125434
v 0.386312 0.110391 -0.125434
v 0.360473 0.110391 -0.125438
v 0.360473 0.110391 -0.125438
v 0.360473 0.110391 -0.125438
v 0.360473 0.110391 -0.125438
v 0.386312 0.089278 -0.125494
v 0.386312 0.089278 -0.125494
v 0.386312 0.089278 -0.125494
v 0.386312 0.089278 -0.125494
v 0.360473 0.089278 -0.125498
v 0.360473 0.089278 -0.125498
v 0.360473 0.089278 -0.125498
v 0.360473 0.089278 -0.125498
v 0.386312 0.087870 -0.125497
v 0.386312 0.087870 -0.125497
v 0.386312 0.087870 -0.125497
v 0.360473 0.087870 -0.125502
v 0.360473 0.087870 -0.125502
v 0.360473 0.087870 -0.125502
v 0.386312 0.086468 -0.125530
v 0.386312 0.086468 -0.125530
v 0.386312 0.086468 -0.125530
v 0.386312 0.086468 -0.125530
v 0.386312 0.086468 -0.125530
v 0.360473 0.086468 -0.125534
v 0.360473 0.086468 -0.125534
v 0.360473 0.086468 -0.125534
v 0.360473 0.086468 -0.125534
v 0.360473 0.086468 -0.125534
v 0.386314 0.065053 -0.137156
v 0.386314 0.065053 -0.137156
v 0.360475 0.065053 -0.137161
v 0.360475 0.065053 -0.137161
v 0.386314 0.063794 -0.137840
v 0.386314 0.063794 -0.137840
v 0.386314 0.063794 -0.137840
v 0.386314 0.063794 -0.137840
v 0.360475 0.063794 -0.137844
v 0.360475 0.063794 -0.137844
v 0.360475 0.063794 -0.137844
v 0.360475 0.063794 -0.137844
v 0.360475 0.063794 -0.137844
v 0.386314 0.062526 -0.138484
v 0.386314 0.062526 -0.138484
v 0.386314 0.062526 -0.138484
v 0.386314 0.062526 -0.138484
v 0.386314 0.062526 -0.138484
v 0.386314 0.062526 -0.138484
v 0.386314 0.062526 -0.138484
v 0.360475 0.062526 -0.138489
v 0.360475 0.062526 -0.138489
v 0.360475 0.062526 -0.138489
v 0.360475 0.062526 -0.138489
v 0.360475 0.062526 -0.138489
v 0.360475 0.062526 -0.138489
v 0.360475 0.062526 -0.138489
v 0.386314 0.039991 -0.138105
v 0.386314 0.039991 -0.138105
v 0.386314 0.039991 -0.138105
v 0.360475 0.039991 -0.138109
v 0.360475 0.039991 -0.138109
v 0.360475 0.039991 -0.138109
v 0.386314 0.038581 -0.138082
v 0.386314 0.038581 -0.138082
v 0.386314 0.038581 -0.138082
v 0.386314 0.038581 -0.138082
v 0.386314 0.038581 -0.138082
v 0.360475 0.038581 -0.138087
v 0.360475 0.038581 -0.138087
v 0.360475 0.038581 -0.138087
v 0.360475 0.038581 -0.138087
v 0.360475 0.038581 -0.138087
v 0.386314 0.030121 -0.138010
v 0.386314 0.030121 -0.138010
v 0.386314 0.030121 -0.138010
v 0.360475 0.030121 -0.138015
v 0.360475 0.030121 -0.138015
v 0.360475 0.030121 -0.138015
v 0.386314 0.028720 -0.138016
v 0.386314 0.028720 -0.138016
v 0.386314 0.028720 -0.138016
v 0.386314 0.028720 -0.138016
v 0.360475 0.028720 -0.138021
v 0.360475 0.028720 -0.138021
v 0.360475 0.028720 -0.138021
v 0.360475 0.028720 -0.138021
v 0.386314 0.027337 -0.138031
v 0.386314 0.027337 -0.138031
v 0.386314 0.027337 -0.138031
v 0.360475 0.027337 -0.138035
v 0.360475 0.027337 -0.138035
v 0.360475 0.027337 -0.138035
v 0.386314 0.025926 -0.138056
v 0.386314 0.025926 -0.138056
v 0.386314 0.025926 -0.138056
v 0.386314 0.025926 -0.138056
v 0.360475 0.025926 -0.138060
v 0.360475 0.025926 -0.138060
v 0.360475 0.025926 -0.138060
v 0.360475 0.025926 -0.138060
v 0.386314 0.023111 -0.138148
v 0.386314 0.023111 -0.138148
v 0.386314 0.023111 -0.138148
v 0.360475 0.023111 -0.138153
v 0.360475 0.023111 -0.138153
v 0.360475 0.023111 -0.138153
v 0.360475 0.023111 -0.138153
v 0.386314 0.021711 -0.138223
v 0.386314 0.021711 -0.138223
v 0.386314 0.021711 -0.138223
v 0.386314 0.021711 -0.138223
v 0.386314 0.021711 -0.138223
v 0.360475 0.021711 -0.138227
v 0.360475 0.021711 -0.138227
v 0.360475 0.021711 -0.138227
v 0.360475 0.021711 -0.138227
v 0.386314 0.018861 -0.138462
v 0.386314 0.018861 -0.138462
v 0.386314 0.018861 -0.138462
v 0.360475 0.018861 -0.138467
v 0.360475 0.018861 -0.138467
v 0.360475 0.018861 -0.138467
v 0.386314 0.017511 -0.138631
v 0.386314 0.017511 -0.138631
v 0.386314 0.017511 -0.138631
v 0.360476 0.017511 -0.138635
v 0.360476 0.017511 -0.138635
v 0.360476 0.017511 -0.138635
v 0.386314 0.016116 -0.138854
v 0.386314 0.016116 -0.138854
v 0.386314 0.016116 -0.138854
v 0.360476 0.016116 -0.138859
v 0.360476 0.016116 -0.138859
v 0.360476 0.016116 -0.138859
v 0.386314 0.014713 -0.139137
v 0.386314 0.014713 -0.139137
v 0.386314 0.014713 -0.139137
v 0.386314 0.014713 -0.139137
v 0.360476 0.014713 -0.139142
v 0.360476 0.014713 -0.139142
v 0.360476 0.014713 -0.139142
v 0.360476 0.014713 -0.139142
v 0.386314 0.013350 -0.139476
v 0.386314 0.013350 -0.139476
v 0.386314 0.013350 -0.139476
v 0.360476 0.013350 -0.139480
v 0.360476 0.013350 -0.139480
v 0.360476 0.013350 -0.139480
v 0.386314 0.011961 -0.139885
v 0.386314 0.011961 -0.139885
v 0.386314 0.011961 -0.139885
v 0.386314 0.011961 -0.139885
v 0.386314 0.011961 -0.139885
v 0.360476 0.011961 -0.139890
v 0.360476 0.011961 -0.139890
v 0.360476 0.011961 -0.139890
v 0.360476 0.011961 -0.139890
v 0.360476 0.011961 -0.139890
v 0.386314 0.010632 -0.140333
v 0.386314 0.010632 -0.140333
v 0.386314 0.010632 -0.140333
v 0.360476 0.010632 -0.140337
v 0.360476 0.010632 -0.140337
v 0.360476 0.010632 -0.140337
v 0.386314 0.009298 -0.140820
v 0.386314 0.009298 -0.140820
v 0.386314 0.009298 -0.140820
v 0.386314 0.009298 -0.140820
v 0.360476 0.009298 -0.140824
v 0.360476 0.009298 -0.140824
v 0.360476 0.009298 -0.140824
v 0.360476 0.009298 -0.140824
v 0.360476 0.009298 -0.140824
v 0.386314 0.007939 -0.141271
v 0.386314 0.007939 -0.141271
v 0.386314 0.007939 -0.141271
v 0.386314 0.007939 -0.141271
v 0.360476 0.007939 -0.141275
v 0.360476 0.007939 -0.141275
v 0.360476 0.007939 -0.141275
v 0.386315 0.006577 -0.141661
v 0.386315 0.006577 -0.141661
v 0.386315 0.006577 -0.141661
v 0.360476 0.006577 -0.141666
v 0.360476 0.006577 -0.141666
v 0.360476 0.006577 -0.141666
v 0.386315 0.005194 -0.142000
v 0.386315 0.005194 -0.142000
v 0.386315 0.005194 -0.142000
v 0.360476 0.005194 -0.142005
v 0.360476 0.005194 -0.142005
v 0.360476 0.005194 -0.142005
v 0.386315 0.003837 -0.142283
v 0.386315 0.003837 -0.142283
v 0.386315 0.003837 -0.142283
v 0.360476 0.003837 -0.142287
v 0.360476 0.003837 -0.142287
v 0.360476 0.003837 -0.142287
v 0.386315 0.002414 -0.142535
v 0.386315 0.002414 -0.142535
v 0.386315 0.002414 -0.142535
v 0.360476 0.002414 -0.142539
v 0.360476 0.002414 -0.142539
v 0.360476 0.002414 -0.142539
v 0.386315 0.001056 -0.142740
v 0.386315 0.001056 -0.142740
v 0.386315 0.001056 -0.142740
v 0.360476 0.001056 -0.142744
v 0.360476 0.001056 -0.142744
v 0.360476 0.001056 -0.142744
v 0.386315 -0.000334 -0.142921
v 0.386315 -0.000334 -0.142921
v 0.386315 -0.000334 -0.142921
v 0.360476 -0.000334 -0.142925
v 0.360476 -0.000334 -0.142925
v 0.360476 -0.000334 -0.142925
v 0.386315 -0.003138 -0.143216
v 0.386315 -0.003138 -0.143216
v 0.386315 -0.003138 -0.143216
v 0.386315 -0.003138 -0.143216
v 0.360476 -0.003138 -0.143220
v 0.360476 -0.003138 -0.143220
v 0.360476 -0.003138 -0.143220
v 0.360476 -0.003138 -0.143220
v 0.386315 -0.004552 -0.143338
v 0.386315 -0.004552 -0.143338
v 0.386315 -0.004552 -0.143338
v 0.386315 -0.004552 -0.143338
v 0.386315 -0.004552 -0.143338
v 0.386315 -0.004552 -0.143338
v 0.360476 -0.004552 -0.143342
v 0.360476 -0.004552 -0.143342
v 0.360476 -0.004552 -0.143342
v 0.360476 -0.004552 -0.143342
v 0.360476 -0.004552 -0.143342
v 0.360476 -0.004552 -0.143342
v 0.386315 -0.010160 -0.143703
v 0.386315 -0.010160 -0.143703
v 0.386315 -0.010160 -0.143703
v 0.386315 -0.010160 -0.143703
v 0.360476 -0.010160 -0.143707
v 0.360476 -0.010160 -0.143707
v 0.360476 -0.010160 -0.143707
v 0.360476 -0.010160 -0.143707
v 0.386315 -0.011607 -0.143776
v 0.386315 -0.011607 -0.143776
v 0.386315 -0.011607 -0.143776
v 0.360476 -0.011607 -0.143780
v 0.360476 -0.011607 -0.143780
v 0.360476 -0.011607 -0.143780
v 0.386315 -0.015820 -0.143955
v 0.386315 -0.015820 -0.143955
v 0.386315 -0.015820 -0.143955
v 0.360476 -0.015820 -0.143959
v 0.360476 -0.015820 -0.143959
v 0.360476 -0.015820 -0.143959
v 0.386315 -0.017241 -0.144007
v 0.386315 -0.017241 -0.144007
v 0.386315 -0.017241 -0.144007
v 0.360476 -0.017241 -0.144011
v 0.360476 -0.017241 -0.144011
v 0.360476 -0.017241 -0.144011
v 0.386315 -0.024252 -0.144222
v 0.386315 -0.024252 -0.144222
v 0.386315 -0.024252 -0.144222
v 0.360476 -0.024252 -0.144226
v 0.360476 -0.024252 -0.144226
v 0.360476 -0.024252 -0.144226
v 0.386315 -0.025643 -0.144258
v 0.386315 -0.025643 -0.144258
v 0.386315 -0.025643 -0.144258
v 0.360476 -0.025643 -0.144262
v 0.360476 -0.025643 -0.144262
v 0.360476 -0.025643 -0.144262
v 0.386315 -0.028466 -0.144319
v 0.386315 -0.028466 -0.144319
v 0.386315 -0.028466 -0.144319
v 0.360476 -0.028466 -0.144323
v 0.360476 -0.028466 -0.144323
v 0.360476 -0.028466 -0.144323
v 0.386315 -0.029896 -0.144343
v 0.386315 -0.029896 -0.144343
v 0.386315 -0.029896 -0.144343
v 0.360476 -0.029896 -0.144348
v 0.360476 -0.029896 -0.144348
v 0.360476 -0.029896 -0.144348
v 0.386315 -0.038352 -0.144394
v 0.386315 -0.038352 -0.144394
v 0.386315 -0.038352 -0.144394
v 0.360476 -0.038352 -0.144398
v 0.360476 -0.038352 -0.144398
v 0.360476 -0.038352 -0.144398
v 0.386315 -0.039737 -0.144385
v 0.386315 -0.039737 -0.144385
v 0.386315 -0.039737 -0.144385
v 0.360476 -0.039737 -0.144390
v 0.360476 -0.039737 -0.144390
v 0.360476 -0.039737 -0.144390
v 0.386315 -0.042597 -0.144350
v 0.386315 -0.042597 -0.144350
v 0.386315 -0.042597 -0.144350
v 0.360476 -0.042597 -0.144354
v 0.360476 -0.042597 -0.144354
v 0.360476 -0.042597 -0.144354
v 0.386315 -0.043984 -0.144324
v 0.386315 -0.043984 -0.144324
v 0.386315 -0.043984 -0.144324
v 0.360476 -0.043984 -0.144329
v 0.360476 -0.043984 -0.144329
v 0.360476 -0.043984 -0.144329
v 0.386315 -0.045371 -0.144293
v 0.386315 -0.045371 -0.144293
v 0.386315 -0.045371 -0.144293
v 0.360476 -0.045371 -0.144297
v 0.360476 -0.045371 -0.144297
v 0.360476 -0.045371 -0.144297
v 0.360476 -0.045371 -0.144297
v 0.386315 -0.046759 -0.144254
v 0.386315 -0.046759 -0.144254
v 0.386315 -0.046759 -0.144254
v 0.386315 -0.046759 -0.144254
v 0.360476 -0.046759 -0.144259
v 0.360476 -0.046759 -0.144259
v 0.360476 -0.046759 -0.144259
v 0.386315 -0.051034 -0.144095
v 0.386315 -0.051034 -0.144095
v 0.386315 -0.051034 -0.144095
v 0.360476 -0.051034 -0.144099
v 0.360476 -0.051034 -0.144099
v 0.360476 -0.051034 -0.144099
v 0.386315 -0.052429 -0.144028
v 0.386315 -0.052429 -0.144028
v 0.386315 -0.052429 -0.144028
v 0.360476 -0.052429 -0.144033
v 0.360476 -0.052429 -0.144033
v 0.360476 -0.052429 -0.144033
v 0.386315 -0.053827 -0.143953
v 0.386315 -0.053827 -0.143953
v 0.386315 -0.053827 -0.143953
v 0.360476 -0.053827 -0.143958
v 0.360476 -0.053827 -0.143958
v 0.360476 -0.053827 -0.143958
v 0.386315 -0.059435 -0.143567
v 0.386315 -0.059435 -0.143567
v 0.386315 -0.059435 -0.143567
v 0.360476 -0.059435 -0.143571
v 0.360476 -0.059435 -0.143571
v 0.360476 -0.059435 -0.143571
v 0.386315 -0.060841 -0.143446
v 0.386315 -0.060841 -0.143446
v 0.386315 -0.060841 -0.143446
v 0.386315 -0.060841 -0.143446
v 0.360476 -0.060841 -0.143450
v 0.360476 -0.060841 -0.143450
v 0.360476 -0.060841 -0.143450
v 0.360476 -0.060841 -0.143450
v 0.386315 -0.066476 -0.142851
v 0.386315 -0.066476 -0.142851
v 0.386315 -0.066476 -0.142851
v 0.386315 -0.066476 -0.142851
v 0.386315 -0.066476 -0.142851
v 0.360476 -0.066476 -0.142855
v 0.360476 -0.066476 -0.142855
v 0.360476 -0.066476 -0.142855
v 0.360476 -0.066476 -0.142855
v 0.360476 -0.066476 -0.142855
v 0.386315 -0.067813 -0.142681
v 0.386315 -0.067813 -0.142681
v 0.386315 -0.067813 -0.142681
v 0.386315 -0.067813 -0.142681
v 0.360476 -0.067813 -0.142685
v 0.360476 -0.067813 -0.142685
v 0.360476 -0.067813 -0.142685
v 0.360476 -0.067813 -0.142685
v 0.386315 -0.070636 -0.142281
v 0.386315 -0.070636 -0.142281
v 0.386315 -0.070636 -0.142281
v 0.360476 -0.070636 -0.142285
v 0.360476 -0.070636 -0.142285
v 0.360476 -0.070636 -0.142285
v 0.360476 -0.070636 -0.142285
v 0.386315 -0.071986 -0.142068
v 0.386315 -0.071986 -0.142068
v 0.386315 -0.071986 -0.142068
v 0.360476 -0.071986 -0.142073
v 0.360476 -0.071986 -0.142073
v 0.360476 -0.071986 -0.142073
v 0.360476 -0.071986 -0.142073
v 0.386315 -0.074803 -0.141576
v 0.386315 -0.074803 -0.141576
v 0.386315 -0.074803 -0.141576
v 0.360476 -0.074803 -0.141580
v 0.360476 -0.074803 -0.141580
v 0.360476 -0.074803 -0.141580
v 0.386315 -0.076161 -0.141314
v 0.386315 -0.076161 -0.141314
v 0.386315 -0.076161 -0.141314
v 0.360476 -0.076161 -0.141318
v 0.360476 -0.076161 -0.141318
v 0.360476 -0.076161 -0.141318
v 0.386314 -0.078961 -0.140715
v 0.386314 -0.078961 -0.140715
v 0.386314 -0.078961 -0.140715
v 0.360476 -0.078961 -0.140719
v 0.360476 -0.078961 -0.140719
v 0.360476 -0.078961 -0.140719
v 0.386314 -0.080320 -0.140394
v 0.386314 -0.080320 -0.140394
v 0.386314 -0.080320 -0.140394
v 0.360476 -0.080320 -0.140398
v 0.360476 -0.080320 -0.140398
v 0.360476 -0.080320 -0.140398
v 0.386314 -0.083042 -0.139684
v 0.386314 -0.083042 -0.139684
v 0.386314 -0.083042 -0.139684
v 0.360476 -0.083042 -0.139689
v 0.360476 -0.083042 -0.139689
v 0.360476 -0.083042 -0.139689
v 0.386314 -0.084437 -0.139284
v 0.386314 -0.084437 -0.139284
v 0.386314 -0.084437 -0.139284
v 0.360476 -0.084437 -0.139288
v 0.360476 -0.084437 -0.139288
v 0.360476 -0.084437 -0.139288
v 0.386314 -0.085811 -0.138861
v 0.386314 -0.085811 -0.138861
v 0.386314 -0.085811 -0.138861
v 0.360476 -0.085811 -0.138866
v 0.360476 -0.085811 -0.138866
v 0.360476 -0.085811 -0.138866
v 0.386314 -0.087108 -0.138436
v 0.386314 -0.087108 -0.138436
v 0.386314 -0.087108 -0.138436
v 0.360475 -0.087108 -0.138441
v 0.360475 -0.087108 -0.138441
v 0.360475 -0.087108 -0.138441
v 0.386314 -0.092486 -0.136478
v 0.386314 -0.092486 -0.136478
v 0.386314 -0.092486 -0.136478
v 0.360475 -0.092486 -0.136483
v 0.360475 -0.092486 -0.136483
v 0.360475 -0.092486 -0.136483
v 0.360475 -0.092486 -0.136483
v 0.386314 -0.093835 -0.136008
v 0.386314 -0.093835 -0.136008
v 0.386314 -0.093835 -0.136008
v 0.386314 -0.093835 -0.136008
v 0.360475 -0.093835 -0.136012
v 0.360475 -0.093835 -0.136012
v 0.360475 -0.093835 -0.136012
v 0.386314 -0.095189 -0.135575
v 0.386314 -0.095189 -0.135575
v 0.386314 -0.095189 -0.135575
v 0.360475 -0.095189 -0.135580
v 0.360475 -0.095189 -0.135580
v 0.360475 -0.095189 -0.135580
v 0.386313 -0.096557 -0.135206
v 0.386313 -0.096557 -0.135206
v 0.386313 -0.096557 -0.135206
v 0.360475 -0.096557 -0.135210
v 0.360475 -0.096557 -0.135210
v 0.360475 -0.096557 -0.135210
v 0.386313 -0.097927 -0.134946
v 0.386313 -0.097927 -0.134946
v 0.386313 -0.097927 -0.134946
v 0.360475 -0.097927 -0.134950
v 0.360475 -0.097927 -0.134950
v 0.360475 -0.097927 -0.134950
v 0.386313 -0.099326 -0.134839
v 0.386313 -0.099326 -0.134839
v 0.386313 -0.099326 -0.134839
v 0.360475 -0.099326 -0.134844
v 0.360475 -0.099326 -0.134844
v 0.360475 -0.099326 -0.134844
v 0.386313 -0.100746 -0.134915
v 0.386313 -0.100746 -0.134915
v 0.386313 -0.100746 -0.134915
v 0.360475 -0.100746 -0.134919
v 0.360475 -0.100746 -0.134919
v 0.360475 -0.100746 -0.134919
v 0.386313 -0.102146 -0.135143
v 0.386313 -0.102146 -0.135143
v 0.386313 -0.102146 -0.135143
v 0.360475 -0.102146 -0.135147
v 0.360475 -0.102146 -0.135147
v 0.360475 -0.102146 -0.135147
v 0.386313 -0.103513 -0.135464
v 0.386313 -0.103513 -0.135464
v 0.386313 -0.103513 -0.135464
v 0.360475 -0.103513 -0.135468
v 0.360475 -0.103513 -0.135468
v 0.360475 -0.103513 -0.135468
v 0.386314 -0.104880 -0.135840
v 0.386314 -0.104880 -0.135840
v 0.386314 -0.104880 -0.135840
v 0.360475 -0.104880 -0.135844
v 0.360475 -0.104880 -0.135844
v 0.360475 -0.104880 -0.135844
v 0.386314 -0.107604 -0.136650
v 0.386314 -0.107604 -0.136650
v 0.386314 -0.107604 -0.136650
v 0.360475 -0.107604 -0.136654
v 0.360475 -0.107604 -0.136654
v 0.360475 -0.107604 -0.136654
v 0.386314 -0.108933 -0.137037
v 0.386314 -0.108933 -0.137037
v 0.386314 -0.108933 -0.137037
v 0.360475 -0.108933 -0.137041
v 0.360475 -0.108933 -0.137041
v 0.360475 -0.108933 -0.137041
v 0.360475 -0.108933 -0.137041
v 0.386314 -0.110329 -0.137413
v 0.386314 -0.110329 -0.137413
v 0.386314 -0.110329 -0.137413
v 0.386314 -0.110329 -0.137413
v 0.360475 -0.110329 -0.137418
v 0.360475 -0.110329 -0.137418
v 0.360475 -0.110329 -0.137418
v 0.360475 -0.110329 -0.137418
v 0.386314 -0.111682 -0.137728
v 0.386314 -0.111682 -0.137728
v 0.386314 -0.111682 -0.137728
v 0.360475 -0.111682 -0.137732
v 0.360475 -0.111682 -0.137732
v 0.360475 -0.111682 -0.137732
v 0.386314 -0.113068 -0.137972
v 0.386314 -0.113068 -0.137972
v 0.386314 -0.113068 -0.137972
v 0.386314 -0.113068 -0.137972
v 0.360475 -0.113068 -0.137976
v 0.360475 -0.113068 -0.137976
v 0.360475 -0.113068 -0.137976
v 0.360475 -0.113068 -0.137976
v 0.386314 -0.114481 -0.138110
v 0.386314 -0.114481 -0.138110
v 0.386314 -0.114481 -0.138110
v 0.360475 -0.114481 -0.138114
v 0.360475 -0.114481 -0.138114
v 0.360475 -0.114481 -0.138114
v 0.386314 -0.115896 -0.138123
v 0.386314 -0.115896 -0.138123
v 0.386314 -0.115896 -0.138123
v 0.360475 -0.115896 -0.138127
v 0.360475 -0.115896 -0.138127
v 0.360475 -0.115896 -0.138127
v 0.386314 -0.117310 -0.138019
v 0.386314 -0.117310 -0.138019
v 0.386314 -0.117310 -0.138019
v 0.360475 -0.117310 -0.138024
v 0.360475 -0.117310 -0.138024
v 0.360475 -0.117310 -0.138024
v 0.386314 -0.118681 -0.137832
v 0.386314 -0.118681 -0.137832
v 0.386314 -0.118681 -0.137832
v 0.360475 -0.118681 -0.137837
v 0.360475 -0.118681 -0.137837
v 0.360475 -0.118681 -0.137837
v 0.386314 -0.120082 -0.137579
v 0.386314 -0.120082 -0.137579
v 0.386314 -0.120082 -0.137579
v 0.360475 -0.120082 -0.137584
v 0.360475 -0.120082 -0.137584
v 0.360475 -0.120082 -0.137584
v 0.386314 -0.121475 -0.137287
v 0.386314 -0.121475 -0.137287
v 0.386314 -0.121475 -0.137287
v 0.360475 -0.121475 -0.137292
v 0.360475 -0.121475 -0.137292
v 0.360475 -0.121475 -0.137292
v 0.386314 -0.124215 -0.136649
v 0.386314 -0.124215 -0.136649
v 0.386314 -0.124215 -0.136649
v 0.360475 -0.124215 -0.136654
v 0.360475 -0.124215 -0.136654
v 0.360475 -0.124215 -0.136654
v 0.386314 -0.125586 -0.136313
v 0.386314 -0.125586 -0.136313
v 0.386314 -0.125586 -0.136313
v 0.360475 -0.125586 -0.136317
v 0.360475 -0.125586 -0.136317
v 0.360475 -0.125586 -0.136317
v 0.386314 -0.126956 -0.135948
v 0.386314 -0.126956 -0.135948
v 0.386314 -0.126956 -0.135948
v 0.360475 -0.126956 -0.135952
v 0.360475 -0.126956 -0.135952
v 0.360475 -0.126956 -0.135952
v 0.360475 -0.126956 -0.135952
v 0.386314 -0.128327 -0.135549
v 0.386314 -0.128327 -0.135549
v 0.386314 -0.128327 -0.135549
v 0.386314 -0.128327 -0.135549
v 0.360475 -0.128327 -0.135553
v 0.360475 -0.128327 -0.135553
v 0.360475 -0.128327 -0.135553
v 0.386313 -0.129687 -0.135122
v 0.386313 -0.129687 -0.135122
v 0.386313 -0.129687 -0.135122
v 0.360475 -0.129687 -0.135126
v 0.360475 -0.129687 -0.135126
v 0.360475 -0.129687 -0.135126
v 0.386313 -0.132357 -0.134193
v 0.386313 -0.132357 -0.134193
v 0.386313 -0.132357 -0.134193
v 0.360475 -0.132357 -0.134197
v 0.360475 -0.132357 -0.134197
v 0.360475 -0.132357 -0.134197
v 0.386313 -0.133686 -0.133681
v 0.386313 -0.133686 -0.133681
v 0.386313 -0.133686 -0.133681
v 0.360475 -0.133686 -0.133685
v 0.360475 -0.133686 -0.133685
v 0.360475 -0.133686 -0.133685
v 0.386313 -0.134996 -0.133139
v 0.386313 -0.134996 -0.133139
v 0.386313 -0.134996 -0.133139
v 0.360475 -0.134996 -0.133144
v 0.360475 -0.134996 -0.133144
v 0.360475 -0.134996 -0.133144
v 0.386313 -0.136313 -0.132546
v 0.386313 -0.136313 -0.132546
v 0.386313 -0.136313 -0.132546
v 0.360474 -0.136313 -0.132551
v 0.360474 -0.136313 -0.132551
v 0.360474 -0.136313 -0.132551
v 0.360474 -0.136313 -0.132551
v 0.386313 -0.137583 -0.131909
v 0.386313 -0.137583 -0.131909
v 0.386313 -0.137583 -0.131909
v 0.386313 -0.137583 -0.131909
v 0.360474 -0.137583 -0.131914
v 0.360474 -0.137583 -0.131914
v 0.360474 -0.137583 -0.131914
v 0.386313 -0.138805 -0.131187
v 0.386313 -0.138805 -0.131187
v 0.386313 -0.138805 -0.131187
v 0.360474 -0.138805 -0.131192
v 0.360474 -0.138805 -0.131192
v 0.360474 -0.138805 -0.131192
v 0.386313 -0.139973 -0.130315
v 0.386313 -0.139973 -0.130315
v 0.386313 -0.139973 -0.130315
v 0.360474 -0.139973 -0.130319
v 0.360474 -0.139973 -0.130319
v 0.360474 -0.139973 -0.130319
v 0.386312 -0.141139 -0.129463
v 0.386312 -0.141139 -0.129463
v 0.386312 -0.141139 -0.129463
v 0.360474 -0.141139 -0.129467
v 0.360474 -0.141139 -0.129467
v 0.360474 -0.141139 -0.129467
v 0.386312 -0.142383 -0.128705
v 0.386312 -0.142383 -0.128705
v 0.386312 -0.142383 -0.128705
v 0.360474 -0.142383 -0.128709
v 0.360474 -0.142383 -0.128709
v 0.360474 -0.142383 -0.128709
v 0.386312 -0.143689 -0.128203
v 0.386312 -0.143689 -0.128203
v 0.386312 -0.143689 -0.128203
v 0.360474 -0.143689 -0.128208
v 0.360474 -0.143689 -0.128208
v 0.360474 -0.143689 -0.128208
v 0.386312 -0.145078 -0.128030
v 0.386312 -0.145078 -0.128030
v 0.386312 -0.145078 -0.128030
v 0.360474 -0.145078 -0.128034
v 0.360474 -0.145078 -0.128034
v 0.360474 -0.145078 -0.128034
v 0.386312 -0.146500 -0.128130
v 0.386312 -0.146500 -0.128130
v 0.386312 -0.146500 -0.128130
v 0.360474 -0.146500 -0.128134
v 0.360474 -0.146500 -0.128134
v 0.360474 -0.146500 -0.128134
v 0.386312 -0.147894 -0.128388
v 0.386312 -0.147894 -0.128388
v 0.386312 -0.147894 -0.128388
v 0.360474 -0.147894 -0.128392
v 0.360474 -0.147894 -0.128392
v 0.360474 -0.147894 -0.128392
v 0.386312 -0.149256 -0.128724
v 0.386312 -0.149256 -0.128724
v 0.386312 -0.149256 -0.128724
v 0.360474 -0.149256 -0.128729
v 0.360474 -0.149256 -0.128729
v 0.360474 -0.149256 -0.128729
v 0.386312 -0.150612 -0.129106
v 0.386312 -0.150612 -0.129106
v 0.386312 -0.150612 -0.129106
v 0.360474 -0.150612 -0.129111
v 0.360474 -0.150612 -0.129111
v 0.360474 -0.150612 -0.129111
v 0.386313 -0.157391 -0.131241
v 0.386313 -0.157391 -0.131241
v 0.386313 -0.157391 -0.131241
v 0.360474 -0.157391 -0.131246
v 0.360474 -0.157391 -0.131246
v 0.360474 -0.157391 -0.131246
v 0.386313 -0.158748 -0.131643
v 0.386313 -0.158748 -0.131643
v 0.386313 -0.158748 -0.131643
v 0.360474 -0.158748 -0.131647
v 0.360474 -0.158748 -0.131647
v 0.360474 -0.158748 -0.131647
v 0.386313 -0.161505 -0.132346
v 0.386313 -0.161505 -0.132346
v 0.386313 -0.161505 -0.132346
v 0.360474 -0.161505 -0.132350
v 0.360474 -0.161505 -0.132350
v 0.360474 -0.161505 -0.132350
v 0.386313 -0.162838 -0.132629
v 0.386313 -0.162838 -0.132629
v 0.386313 -0.162838 -0.132629
v 0.360474 -0.162838 -0.132633
v 0.360474 -0.162838 -0.132633
v 0.360474 -0.162838 -0.132633
v 0.360474 -0.162838 -0.132633
v 0.360474 -0.162838 -0.132633
v 0.386313 -0.164289 -0.132897
v 0.386313 -0.164289 -0.132897
v 0.386313 -0.164289 -0.132897
v 0.386313 -0.164289 -0.132897
v 0.360475 -0.164289 -0.132901
v 0.360475 -0.164289 -0.132901
v 0.360475 -0.164289 -0.132901
v 0.360475 -0.164289 -0.132901
v 0.386313 -0.165652 -0.133114
v 0.386313 -0.165652 -0.133114
v 0.386313 -0.165652 -0.133114
v 0.386313 -0.165652 -0.133114
v 0.360475 -0.165652 -0.133118
v 0.360475 -0.165652 -0.133118
v 0.360475 -0.165652 -0.133118
v 0.360475 -0.165652 -0.133118
v 0.386313 -0.167021 -0.133302
v 0.386313 -0.167021 -0.133302
v 0.386313 -0.167021 -0.133302
v 0.386313 -0.167021 -0.133302
v 0.360475 -0.167021 -0.133306
v 0.360475 -0.167021 -0.133306
v 0.360475 -0.167021 -0.133306
v 0.360475 -0.167021 -0.133306
v 0.386313 -0.169827 -0.133610
v 0.386313 -0.169827 -0.133610
v 0.386313 -0.169827 -0.133610
v 0.360475 -0.169827 -0.133614
v 0.360475 -0.169827 -0.133614
v 0.360475 -0.169827 -0.133614
v 0.386313 -0.171272 -0.133736
v 0.386313 -0.171272 -0.133736
v 0.386313 -0.171272 -0.133736
v 0.360475 -0.171272 -0.133740
v 0.360475 -0.171272 -0.133740
v 0.360475 -0.171272 -0.133740
v 0.386313 -0.174090 -0.133934
v 0.386313 -0.174090 -0.133934
v 0.386313 -0.174090 -0.133934
v 0.360475 -0.174090 -0.133938
v 0.360475 -0.174090 -0.133938
v 0.360475 -0.174090 -0.133938
v 0.386313 -0.175437 -0.134011
v 0.386313 -0.175437 -0.134011
v 0.386313 -0.175437 -0.134011
v 0.360475 -0.175437 -0.134015
v 0.360475 -0.175437 -0.134015
v 0.360475 -0.175437 -0.134015
v 0.386313 -0.179696 -0.134201
v 0.386313 -0.179696 -0.134201
v 0.386313 -0.179696 -0.134201
v 0.360475 -0.179696 -0.134206
v 0.360475 -0.179696 -0.134206
v 0.360475 -0.179696 -0.134206
v 0.386313 -0.181117 -0.134251
v 0.386313 -0.181117 -0.134251
v 0.386313 -0.181117 -0.134251
v 0.360475 -0.181117 -0.134256
v 0.360475 -0.181117 -0.134256
v 0.360475 -0.181117 -0.134256
v 0.360475 -0.181117 -0.134256
v 0.386313 -0.182469 -0.134294
v 0.386313 -0.182469 -0.134294
v 0.386313 -0.182469 -0.134294
v 0.386313 -0.182469 -0.134294
v 0.360475 -0.182469 -0.134298
v 0.360475 -0.182469 -0.134298
v 0.360475 -0.182469 -0.134298
v 0.386313 -0.183910 -0.134335
v 0.386313 -0.183910 -0.134335
v 0.386313 -0.183910 -0.134335
v 0.360475 -0.183910 -0.134339
v 0.360475 -0.183910 -0.134339
v 0.360475 -0.183910 -0.134339
v 0.386313 -0.196591 -0.134599
v 0.386313 -0.196591 -0.134599
v 0.386313 -0.196591 -0.134599
v 0.360475 -0.196591 -0.134603
v 0.360475 -0.196591 -0.134603
v 0.360475 -0.196591 -0.134603
v 0.360475 -0.196591 -0.134603
v 0.386313 -0.198026 -0.134637
v 0.386313 -0.198026 -0.134637
v 0.386313 -0.198026 -0.134637
v 0.386313 -0.198026 -0.134637
v 0.360475 -0.198026 -0.134642
v 0.360475 -0.198026 -0.134642
v 0.360475 -0.198026 -0.134642
v 0.386313 -0.202195 -0.134777
v 0.386313 -0.202195 -0.134777
v 0.386313 -0.202195 -0.134777
v 0.360475 -0.202195 -0.134781
v 0.360475 -0.202195 -0.134781
v 0.360475 -0.202195 -0.134781
v 0.386313 -0.203637 -0.134836
v 0.386313 -0.203637 -0.134836
v 0.386313 -0.203637 -0.134836
v 0.360475 -0.203637 -0.134841
v 0.360475 -0.203637 -0.134841
v 0.360475 -0.203637 -0.134841
v 0.386313 -0.206425 -0.134971
v 0.386313 -0.206425 -0.134971
v 0.386313 -0.206425 -0.134971
v 0.360475 -0.206425 -0.134975
v 0.360475 -0.206425 -0.134975
v 0.360475 -0.206425 -0.134975
v 0.386313 -0.207840 -0.135050
v 0.386313 -0.207840 -0.135050
v 0.386313 -0.207840 -0.135050
v 0.360475 -0.207840 -0.135054
v 0.360475 -0.207840 -0.135054
v 0.360475 -0.207840 -0.135054
v 0.386313 -0.213467 -0.135457
v 0.386313 -0.213467 -0.135457
v 0.386313 -0.213467 -0.135457
v 0.360475 -0.213467 -0.135461
v 0.360475 -0.213467 -0.135461
v 0.360475 -0.213467 -0.135461
v 0.386314 -0.214888 -0.135589
v 0.386314 -0.214888 -0.135589
v 0.386314 -0.214888 -0.135589
v 0.360475 -0.214888 -0.135594
v 0.360475 -0.214888 -0.135594
v 0.360475 -0.214888 -0.135594
v 0.386314 -0.217650 -0.135895
v 0.386314 -0.217650 -0.135895
v 0.386314 -0.217650 -0.135895
v 0.360475 -0.217650 -0.135900
v 0.360475 -0.217650 -0.135900
v 0.360475 -0.217650 -0.135900
v 0.386314 -0.219097 -0.136089
v 0.386314 -0.219097 -0.136089
v 0.386314 -0.219097 -0.136089
v 0.360475 -0.219097 -0.136093
v 0.360475 -0.219097 -0.136093
v 0.360475 -0.219097 -0.136093
v 0.386314 -0.220471 -0.136299
v 0.386314 -0.220471 -0.136299
v 0.386314 -0.220471 -0.136299
v 0.360475 -0.220471 -0.136304
v 0.360475 -0.220471 -0.136304
v 0.360475 -0.220471 -0.136304
v 0.386314 -0.221821 -0.136541
v 0.386314 -0.221821 -0.136541
v 0.386314 -0.221821 -0.136541
v 0.360475 -0.221821 -0.136546
v 0.360475 -0.221821 -0.136546
v 0.360475 -0.221821 -0.136546
v 0.386314 -0.223226 -0.136844
v 0.386314 -0.223226 -0.136844
v 0.386314 -0.223226 -0.136844
v 0.360475 -0.223226 -0.136848
v 0.360475 -0.223226 -0.136848
v 0.360475 -0.223226 -0.136848
v 0.386314 -0.224624 -0.137224
v 0.386314 -0.224624 -0.137224
v 0.386314 -0.224624 -0.137224
v 0.360475 -0.224624 -0.137228
v 0.360475 -0.224624 -0.137228
v 0.360475 -0.224624 -0.137228
v 0.360475 -0.224624 -0.137228
v 0.386314 -0.225911 -0.137705
v 0.386314 -0.225911 -0.137705
v 0.386314 -0.225911 -0.137705
v 0.386314 -0.225911 -0.137705
v 0.360475 -0.225911 -0.137710
v 0.360475 -0.225911 -0.137710
v 0.360475 -0.225911 -0.137710
v 0.386314 -0.227100 -0.138492
v 0.386314 -0.227100 -0.138492
v 0.386314 -0.227100 -0.138492
v 0.360475 -0.227100 -0.138496
v 0.360475 -0.227100 -0.138496
v 0.360475 -0.227100 -0.138496
v 0.386314 -0.227137 -0.139893
v 0.386314 -0.227137 -0.139893
v 0.386314 -0.227137 -0.139893
v 0.360476 -0.227137 -0.139898
v 0.360476 -0.227137 -0.139898
v 0.360476 -0.227137 -0.139898
v 0.386314 -0.225933 -0.140606
v 0.386314 -0.225933 -0.140606
v 0.386314 -0.225933 -0.140606
v 0.360476 -0.225933 -0.140610
v 0.360476 -0.225933 -0.140610
v 0.360476 -0.225933 -0.140610
v 0.386314 -0.224561 -0.140991
v 0.386314 -0.224561 -0.140991
v 0.386314 -0.224561 -0.140991
v 0.360476 -0.224561 -0.140996
v 0.360476 -0.224561 -0.140996
v 0.360476 -0.224561 -0.140996
v 0.386315 -0.223189 -0.141292
v 0.386315 -0.223189 -0.141292
v 0.386315 -0.223189 -0.141292
v 0.360476 -0.223189 -0.141297
v 0.360476 -0.223189 -0.141297
v 0.360476 -0.223189 -0.141297
v 0.386315 -0.221799 -0.141549
v 0.386315 -0.221799 -0.141549
v 0.386315 -0.221799 -0.141549
v 0.360476 -0.221799 -0.141554
v 0.360476 -0.221799 -0.141554
v 0.360476 -0.221799 -0.141554
v 0.386315 -0.220409 -0.141771
v 0.386315 -0.220409 -0.141771
v 0.386315 -0.220409 -0.141771
v 0.360476 -0.220409 -0.141776
v 0.360476 -0.220409 -0.141776
v 0.360476 -0.220409 -0.141776
v 0.386315 -0.219010 -0.141966
v 0.386315 -0.219010 -0.141966
v 0.386315 -0.219010 -0.141966
v 0.360476 -0.219010 -0.141970
v 0.360476 -0.219010 -0.141970
v 0.360476 -0.219010 -0.141970
v 0.386315 -0.213409 -0.142561
v 0.386315 -0.213409 -0.142561
v 0.386315 -0.213409 -0.142561
v 0.360476 -0.213409 -0.142565
v 0.360476 -0.213409 -0.142565
v 0.360476 -0.213409 -0.142565
v 0.386315 -0.211994 -0.142720
v 0.386315 -0.211994 -0.142720
v 0.386315 -0.211994 -0.142720
v 0.360476 -0.211994 -0.142725
v 0.360476 -0.211994 -0.142725
v 0.360476 -0.211994 -0.142725
v 0.386315 -0.209209 -0.143118
v 0.386315 -0.209209 -0.143118
v 0.386315 -0.209209 -0.143118
v 0.386315 -0.209209 -0.143118
v 0.360476 -0.209209 -0.143123
v 0.360476 -0.209209 -0.143123
v 0.360476 -0.209209 -0.143123
v 0.360476 -0.209209 -0.143123
v 0.360476 -0.209209 -0.143123
v 0.360476 -0.209209 -0.143123
v 0.386315 -0.207815 -0.143388
v 0.386315 -0.207815 -0.143388
v 0.386315 -0.207815 -0.143388
v 0.386315 -0.207815 -0.143388
v 0.386315 -0.207815 -0.143388
v 0.360476 -0.207815 -0.143393
v 0.360476 -0.207815 -0.143393
v 0.360476 -0.207815 -0.143393
v 0.360476 -0.207815 -0.143393
v 0.386315 -0.206463 -0.143714
v 0.386315 -0.206463 -0.143714
v 0.386315 -0.206463 -0.143714
v 0.386315 -0.206463 -0.143714
v 0.360476 -0.206463 -0.143718
v 0.360476 -0.206463 -0.143718
v 0.360476 -0.206463 -0.143718
v 0.360476 -0.206463 -0.143718
v 0.386315 -0.205089 -0.144117
v 0.386315 -0.205089 -0.144117
v 0.386315 -0.205089 -0.144117
v 0.386315 -0.205089 -0.144117
v 0.360476 -0.205089 -0.144121
v 0.360476 -0.205089 -0.144121
v 0.360476 -0.205089 -0.144121
v 0.386315 -0.203778 -0.144568
v 0.386315 -0.203778 -0.144568
v 0.386315 -0.203778 -0.144568
v 0.360477 -0.203778 -0.144572
v 0.360477 -0.203778 -0.144572
v 0.360477 -0.203778 -0.144572
v 0.386315 -0.202446 -0.145084
v 0.386315 -0.202446 -0.145084
v 0.386315 -0.202446 -0.145084
v 0.360477 -0.202446 -0.145088
v 0.360477 -0.202446 -0.145088
v 0.360477 -0.202446 -0.145088
v 0.386315 -0.201089 -0.145659
v 0.386315 -0.201089 -0.145659
v 0.386315 -0.201089 -0.145659
v 0.360477 -0.201089 -0.145664
v 0.360477 -0.201089 -0.145664
v 0.360477 -0.201089 -0.145664
v 0.386315 -0.198494 -0.146857
v 0.386315 -0.198494 -0.146857
v 0.386315 -0.198494 -0.146857
v 0.360477 -0.198494 -0.146862
v 0.360477 -0.198494 -0.146862
v 0.360477 -0.198494 -0.146862
v 0.386316 -0.197228 -0.147473
v 0.386316 -0.197228 -0.147473
v 0.386316 -0.197228 -0.147473
v 0.360477 -0.197228 -0.147477
v 0.360477 -0.197228 -0.147477
v 0.360477 -0.197228 -0.147477
v 0.386316 -0.194692 -0.148743
v 0.386316 -0.194692 -0.148743
v 0.386316 -0.194692 -0.148743
v 0.360477 -0.194692 -0.148748
v 0.360477 -0.194692 -0.148748
v 0.360477 -0.194692 -0.148748
v 0.360477 -0.194692 -0.148748
v 0.386316 -0.193416 -0.149394
v 0.386316 -0.193416 -0.149394
v 0.386316 -0.193416 -0.149394
v 0.386316 -0.193416 -0.149394
v 0.360477 -0.193416 -0.149399
v 0.360477 -0.193416 -0.149399
v 0.360477 -0.193416 -0.149399
v 0.386317 -0.184505 -0.154011
v 0.386317 -0.184505 -0.154011
v 0.386317 -0.184505 -0.154011
v 0.360478 -0.184505 -0.154015
v 0.360478 -0.184505 -0.154015
v 0.360478 -0.184505 -0.154015
v 0.386317 -0.183236 -0.154653
v 0.386317 -0.183236 -0.154653
v 0.386317 -0.183236 -0.154653
v 0.360478 -0.183236 -0.154658
v 0.360478 -0.183236 -0.154658
v 0.360478 -0.183236 -0.154658
v 0.386317 -0.181965 -0.155287
v 0.386317 -0.181965 -0.155287
v 0.386317 -0.181965 -0.155287
v 0.360478 -0.181965 -0.155291
v 0.360478 -0.181965 -0.155291
v 0.360478 -0.181965 -0.155291
v 0.386317 -0.180657 -0.155929
v 0.386317 -0.180657 -0.155929
v 0.386317 -0.180657 -0.155929
v 0.360478 -0.180657 -0.155933
v 0.360478 -0.180657 -0.155933
v 0.360478 -0.180657 -0.155933
v 0.386317 -0.176802 -0.157767
v 0.386317 -0.176802 -0.157767
v 0.386317 -0.176802 -0.157767
v 0.360479 -0.176802 -0.157771
v 0.360479 -0.176802 -0.157771
v 0.360479 -0.176802 -0.157771
v 0.386317 -0.175476 -0.158380
v 0.386317 -0.175476 -0.158380
v 0.386317 -0.175476 -0.158380
v 0.360479 -0.175476 -0.158385
v 0.360479 -0.175476 -0.158385
v 0.360479 -0.175476 -0.158385
v 0.386318 -0.174197 -0.158963
v 0.386318 -0.174197 -0.158963
v 0.386318 -0.174197 -0.158963
v 0.360479 -0.174197 -0.158968
v 0.360479 -0.174197 -0.158968
v 0.360479 -0.174197 -0.158968
v 0.386318 -0.172903 -0.159543
v 0.386318 -0.172903 -0.159543
v 0.386318 -0.172903 -0.159543
v 0.360479 -0.172903 -0.159548
v 0.360479 -0.172903 -0.159548
v 0.360479 -0.172903 -0.159548
v 0.386318 -0.171590 -0.160121
v 0.386318 -0.171590 -0.160121
v 0.386318 -0.171590 -0.160121
v 0.360479 -0.171590 -0.160126
v 0.360479 -0.171590 -0.160126
v 0.360479 -0.171590 -0.160126
v 0.386318 -0.170285 -0.160684
v 0.386318 -0.170285 -0.160684
v 0.386318 -0.170285 -0.160684
v 0.360479 -0.170285 -0.160688
v 0.360479 -0.170285 -0.160688
v 0.360479 -0.170285 -0.160688
v 0.360479 -0.170285 -0.160688
v 0.386318 -0.168954 -0.161245
v 0.386318 -0.168954 -0.161245
v 0.386318 -0.168954 -0.161245
v 0.386318 -0.168954 -0.161245
v 0.360479 -0.168954 -0.161249
v 0.360479 -0.168954 -0.161249
v 0.360479 -0.168954 -0.161249
v 0.360479 -0.168954 -0.161249
v 0.386318 -0.167668 -0.161772
v 0.386318 -0.167668 -0.161772
v 0.386318 -0.167668 -0.161772
v 0.386318 -0.167668 -0.161772
v 0.360479 -0.167668 -0.161777
v 0.360479 -0.167668 -0.161777
v 0.360479 -0.167668 -0.161777
v 0.386318 -0.166335 -0.162301
v 0.386318 -0.166335 -0.162301
v 0.386318 -0.166335 -0.162301
v 0.360480 -0.166335 -0.162305
v 0.360480 -0.166335 -0.162305
v 0.360480 -0.166335 -0.162305
v 0.360480 -0.166335 -0.162305
v 0.386318 -0.164993 -0.162809
v 0.386318 -0.164993 -0.162809
v 0.386318 -0.164993 -0.162809
v 0.386318 -0.164993 -0.162809
v 0.360480 -0.164993 -0.162813
v 0.360480 -0.164993 -0.162813
v 0.360480 -0.164993 -0.162813
v 0.386318 -0.163671 -0.163274
v 0.386318 -0.163671 -0.163274
v 0.386318 -0.163671 -0.163274
v 0.360480 -0.163671 -0.163279
v 0.360480 -0.163671 -0.163279
v 0.360480 -0.163671 -0.163279
v 0.386318 -0.162334 -0.163688
v 0.386318 -0.162334 -0.163688
v 0.386318 -0.162334 -0.163688
v 0.360480 -0.162334 -0.163693
v 0.360480 -0.162334 -0.163693
v 0.360480 -0.162334 -0.163693
v 0.360480 -0.162334 -0.163693
v 0.386318 -0.160965 -0.164030
v 0.386318 -0.160965 -0.164030
v 0.386318 -0.160965 -0.164030
v 0.386318 -0.160965 -0.164030
v 0.360480 -0.160965 -0.164034
v 0.360480 -0.160965 -0.164034
v 0.360480 -0.160965 -0.164034
v 0.386318 -0.159490 -0.164336
v 0.386318 -0.159490 -0.164336
v 0.386318 -0.159490 -0.164336
v 0.360480 -0.159490 -0.164340
v 0.360480 -0.159490 -0.164340
v 0.360480 -0.159490 -0.164340
v 0.386318 -0.158166 -0.164574
v 0.386318 -0.158166 -0.164574
v 0.386318 -0.158166 -0.164574
v 0.360480 -0.158166 -0.164579
v 0.360480 -0.158166 -0.164579
v 0.360480 -0.158166 -0.164579
v 0.386319 -0.156735 -0.164804
v 0.386319 -0.156735 -0.164804
v 0.386319 -0.156735 -0.164804
v 0.360480 -0.156735 -0.164808
v 0.360480 -0.156735 -0.164808
v 0.360480 -0.156735 -0.164808
v 0.386319 -0.152558 -0.165359
v 0.386319 -0.152558 -0.165359
v 0.386319 -0.152558 -0.165359
v 0.360480 -0.152558 -0.165364
v 0.360480 -0.152558 -0.165364
v 0.360480 -0.152558 -0.165364
v 0.386319 -0.151217 -0.165510
v 0.386319 -0.151217 -0.165510
v 0.386319 -0.151217 -0.165510
v 0.360480 -0.151217 -0.165515
v 0.360480 -0.151217 -0.165515
v 0.360480 -0.151217 -0.165515
v 0.386319 -0.148414 -0.165794
v 0.386319 -0.148414 -0.165794
v 0.386319 -0.148414 -0.165794
v 0.360480 -0.148414 -0.165798
v 0.360480 -0.148414 -0.165798
v 0.360480 -0.148414 -0.165798
v 0.386319 -0.146938 -0.165928
v 0.386319 -0.146938 -0.165928
v 0.386319 -0.146938 -0.165928
v 0.360480 -0.146938 -0.165932
v 0.360480 -0.146938 -0.165932
v 0.360480 -0.146938 -0.165932
v 0.386319 -0.145563 -0.166045
v 0.386319 -0.145563 -0.166045
v 0.386319 -0.145563 -0.166045
v 0.360480 -0.145563 -0.166049
v 0.360480 -0.145563 -0.166049
v 0.360480 -0.145563 -0.166049
v 0.386319 -0.144194 -0.166153
v 0.386319 -0.144194 -0.166153
v 0.386319 -0.144194 -0.166153
v 0.360480 -0.144194 -0.166158
v 0.360480 -0.144194 -0.166158
v 0.360480 -0.144194 -0.166158
v 0.386319 -0.139882 -0.166453
v 0.386319 -0.139882 -0.166453
v 0.386319 -0.139882 -0.166453
v 0.360480 -0.139882 -0.166457
v 0.360480 -0.139882 -0.166457
v 0.360480 -0.139882 -0.166457
v 0.386319 -0.138585 -0.166531
v 0.386319 -0.138585 -0.166531
v 0.386319 -0.138585 -0.166531
v 0.360480 -0.138585 -0.166535
v 0.360480 -0.138585 -0.166535
v 0.360480 -0.138585 -0.166535
v 0.386319 -0.137159 -0.166611
v 0.386319 -0.137159 -0.166611
v 0.386319 -0.137159 -0.166611
v 0.360480 -0.137159 -0.166616
v 0.360480 -0.137159 -0.166616
v 0.360480 -0.137159 -0.166616
v 0.386319 -0.132945 -0.166813
v 0.386319 -0.132945 -0.166813
v 0.386319 -0.132945 -0.166813
v 0.360480 -0.132945 -0.166818
v 0.360480 -0.132945 -0.166818
v 0.360480 -0.132945 -0.166818
v 0.386319 -0.131479 -0.166872
v 0.386319 -0.131479 -0.166872
v 0.386319 -0.131479 -0.166872
v 0.360480 -0.131479 -0.166876
v 0.360480 -0.131479 -0.166876
v 0.360480 -0.131479 -0.166876
v 0.360480 -0.131479 -0.166876
v 0.386319 -0.130143 -0.166920
v 0.386319 -0.130143 -0.166920
v 0.386319 -0.130143 -0.166920
v 0.386319 -0.130143 -0.166920
v 0.360480 -0.130143 -0.166924
v 0.360480 -0.130143 -0.166924
v 0.360480 -0.130143 -0.166924
v 0.386319 -0.128643 -0.166968
v 0.386319 -0.128643 -0.166968
v 0.386319 -0.128643 -0.166968
v 0.360480 -0.128643 -0.166972
v 0.360480 -0.128643 -0.166972
v 0.360480 -0.128643 -0.166972
v 0.386319 -0.125852 -0.167041
v 0.386319 -0.125852 -0.167041
v 0.386319 -0.125852 -0.167041
v 0.360480 -0.125852 -0.167045
v 0.360480 -0.125852 -0.167045
v 0.360480 -0.125852 -0.167045
v 0.386319 -0.124427 -0.167069
v 0.386319 -0.124427 -0.167069
v 0.386319 -0.124427 -0.167069
v 0.360480 -0.124427 -0.167073
v 0.360480 -0.124427 -0.167073
v 0.360480 -0.124427 -0.167073
v 0.386319 -0.117361 -0.167115
v 0.386319 -0.117361 -0.167115
v 0.386319 -0.117361 -0.167115
v 0.360480 -0.117361 -0.167119
v 0.360480 -0.117361 -0.167119
v 0.360480 -0.117361 -0.167119
v 0.386319 -0.116073 -0.167104
v 0.386319 -0.116073 -0.167104
v 0.386319 -0.116073 -0.167104
v 0.360480 -0.116073 -0.167109
v 0.360480 -0.116073 -0.167109
v 0.360480 -0.116073 -0.167109
v 0.386319 -0.114598 -0.167084
v 0.386319 -0.114598 -0.167084
v 0.386319 -0.114598 -0.167084
v 0.360480 -0.114598 -0.167088
v 0.360480 -0.114598 -0.167088
v 0.360480 -0.114598 -0.167088
v 0.386319 -0.113202 -0.167056
v 0.386319 -0.113202 -0.167056
v 0.386319 -0.113202 -0.167056
v 0.360480 -0.113202 -0.167060
v 0.360480 -0.113202 -0.167060
v 0.360480 -0.113202 -0.167060
v 0.386319 -0.108935 -0.166907
v 0.386319 -0.108935 -0.166907
v 0.386319 -0.108935 -0.166907
v 0.386319 -0.108935 -0.166907
v 0.386319 -0.108935 -0.166907
v 0.360480 -0.108935 -0.166911
v 0.360480 -0.108935 -0.166911
v 0.360480 -0.108935 -0.166911
v 0.360480 -0.108935 -0.166911
v 0.386319 -0.107554 -0.166833
v 0.386319 -0.107554 -0.166833
v 0.386319 -0.107554 -0.166833
v 0.360480 -0.107554 -0.166838
v 0.360480 -0.107554 -0.166838
v 0.360480 -0.107554 -0.166838
v 0.386319 -0.106150 -0.166742
v 0.386319 -0.106150 -0.166742
v 0.386319 -0.106150 -0.166742
v 0.360480 -0.106150 -0.166747
v 0.360480 -0.106150 -0.166747
v 0.360480 -0.106150 -0.166747
v 0.386319 -0.104727 -0.166630
v 0.386319 -0.104727 -0.166630
v 0.386319 -0.104727 -0.166630
v 0.360480 -0.104727 -0.166634
v 0.360480 -0.104727 -0.166634
v 0.360480 -0.104727 -0.166634
v 0.360480 -0.104727 -0.166634
v 0.386319 -0.103360 -0.166498
v 0.386319 -0.103360 -0.166498
v 0.386319 -0.103360 -0.166498
v 0.386319 -0.103360 -0.166498
v 0.360480 -0.103360 -0.166502
v 0.360480 -0.103360 -0.166502
v 0.360480 -0.103360 -0.166502
v 0.386319 -0.101957 -0.166330
v 0.386319 -0.101957 -0.166330
v 0.386319 -0.101957 -0.166330
v 0.360480 -0.101957 -0.166335
v 0.360480 -0.101957 -0.166335
v 0.360480 -0.101957 -0.166335
v 0.386319 -0.100619 -0.166128
v 0.386319 -0.100619 -0.166128
v 0.386319 -0.100619 -0.166128
v 0.360480 -0.100619 -0.166132
v 0.360480 -0.100619 -0.166132
v 0.360480 -0.100619 -0.166132
v 0.386319 -0.095020 -0.165013
v 0.386319 -0.095020 -0.165013
v 0.386319 -0.095020 -0.165013
v 0.360480 -0.095020 -0.165018
v 0.360480 -0.095020 -0.165018
v 0.360480 -0.095020 -0.165018
v 0.386319 -0.093618 -0.164741
v 0.386319 -0.093618 -0.164741
v 0.386319 -0.093618 -0.164741
v 0.360480 -0.093618 -0.164745
v 0.360480 -0.093618 -0.164745
v 0.360480 -0.093618 -0.164745
v 0.386318 -0.090838 -0.164234
v 0.386318 -0.090838 -0.164234
v 0.386318 -0.090838 -0.164234
v 0.360480 -0.090838 -0.164238
v 0.360480 -0.090838 -0.164238
v 0.360480 -0.090838 -0.164238
v 0.386318 -0.089456 -0.164013
v 0.386318 -0.089456 -0.164013
v 0.386318 -0.089456 -0.164013
v 0.360480 -0.089456 -0.164017
v 0.360480 -0.089456 -0.164017
v 0.360480 -0.089456 -0.164017
v 0.386318 -0.088055 -0.163823
v 0.386318 -0.088055 -0.163823
v 0.386318 -0.088055 -0.163823
v 0.386318 -0.088055 -0.163823
v 0.386318 -0.088055 -0.163823
v 0.360480 -0.088055 -0.163827
v 0.360480 -0.088055 -0.163827
v 0.360480 -0.088055 -0.163827
v 0.360480 -0.088055 -0.163827
v 0.386318 -0.086652 -0.163684
v 0.386318 -0.086652 -0.163684
v 0.386318 -0.086652 -0.163684
v 0.386318 -0.086652 -0.163684
v 0.360480 -0.086652 -0.163688
v 0.360480 -0.086652 -0.163688
v 0.360480 -0.086652 -0.163688
v 0.386318 -0.085258 -0.163619
v 0.386318 -0.085258 -0.163619
v 0.386318 -0.085258 -0.163619
v 0.386318 -0.085258 -0.163619
v 0.360480 -0.085258 -0.163623
v 0.360480 -0.085258 -0.163623
v 0.360480 -0.085258 -0.163623
v 0.360480 -0.085258 -0.163623
v 0.386318 -0.083823 -0.163655
v 0.386318 -0.083823 -0.163655
v 0.386318 -0.083823 -0.163655
v 0.386318 -0.083823 -0.163655
v 0.360480 -0.083823 -0.163659
v 0.360480 -0.083823 -0.163659
v 0.360480 -0.083823 -0.163659
v 0.360480 -0.083823 -0.163659
v 0.360480 -0.083823 -0.163659
v 0.360480 -0.083823 -0.163659
v 0.386318 -0.082457 -0.163812
v 0.386318 -0.082457 -0.163812
v 0.386318 -0.082457 -0.163812
v 0.386318 -0.082457 -0.163812
v 0.360480 -0.082457 -0.163816
v 0.360480 -0.082457 -0.163816
v 0.360480 -0.082457 -0.163816
v 0.360480 -0.082457 -0.163816
v 0.360480 -0.082457 -0.163816
v 0.386318 -0.081062 -0.164111
v 0.386318 -0.081062 -0.164111
v 0.386318 -0.081062 -0.164111
v 0.386318 -0.081062 -0.164111
v 0.386318 -0.081062 -0.164111
v 0.360480 -0.081062 -0.164115
v 0.360480 -0.081062 -0.164115
v 0.360480 -0.081062 -0.164115
v 0.386318 -0.079698 -0.164535
v 0.386318 -0.079698 -0.164535
v 0.386318 -0.079698 -0.164535
v 0.386318 -0.079698 -0.164535
v 0.360480 -0.079698 -0.164540
v 0.360480 -0.079698 -0.164540
v 0.360480 -0.079698 -0.164540
v 0.386319 -0.078390 -0.165045
v 0.386319 -0.078390 -0.165045
v 0.386319 -0.078390 -0.165045
v 0.360480 -0.078390 -0.165050
v 0.360480 -0.078390 -0.165050
v 0.360480 -0.078390 -0.165050
v 0.386319 -0.077098 -0.165623
v 0.386319 -0.077098 -0.165623
v 0.386319 -0.077098 -0.165623
v 0.360480 -0.077098 -0.165627
v 0.360480 -0.077098 -0.165627
v 0.360480 -0.077098 -0.165627
v 0.386319 -0.075797 -0.166254
v 0.386319 -0.075797 -0.166254
v 0.386319 -0.075797 -0.166254
v 0.360480 -0.075797 -0.166259
v 0.360480 -0.075797 -0.166259
v 0.360480 -0.075797 -0.166259
v 0.386319 -0.074503 -0.166913
v 0.386319 -0.074503 -0.166913
v 0.386319 -0.074503 -0.166913
v 0.360480 -0.074503 -0.166918
v 0.360480 -0.074503 -0.166918
v 0.360480 -0.074503 -0.166918
v 0.386320 -0.066928 -0.170912
v 0.386320 -0.066928 -0.170912
v 0.386320 -0.066928 -0.170912
v 0.360481 -0.066928 -0.170917
v 0.360481 -0.066928 -0.170917
v 0.360481 -0.066928 -0.170917
v 0.386320 -0.065662 -0.171583
v 0.386320 -0.065662 -0.171583
v 0.360481 -0.065662 -0.171587
v 0.360481 -0.065662 -0.171587
v 0.386320 -0.061865 -0.173593
v 0.386320 -0.061865 -0.173593
v 0.360481 -0.061865 -0.173598
v 0.360481 -0.061865 -0.173598
v 0.386320 -0.060599 -0.174263
v 0.386320 -0.060599 -0.174263
v 0.386320 -0.060599 -0.174263
v 0.360482 -0.060599 -0.174268
v 0.360482 -0.060599 -0.174268
v 0.360482 -0.060599 -0.174268
v 0.386320 -0.059325 -0.174782
v 0.386320 -0.059325 -0.174782
v 0.386320 -0.059325 -0.174782
v 0.360482 -0.059325 -0.174787
v 0.360482 -0.059325 -0.174787
v 0.360482 -0.059325 -0.174787
v 0.386320 -0.052687 -0.172231
v 0.386320 -0.052687 -0.172231
v 0.360481 -0.052687 -0.172235
v 0.360481 -0.052687 -0.172235
v 0.386320 -0.051360 -0.171720
v 0.386320 -0.051360 -0.171720
v 0.386320 -0.051360 -0.171720
v 0.386320 -0.051360 -0.171720
v 0.360481 -0.051360 -0.171725
v 0.360481 -0.051360 -0.171725
v 0.360481 -0.051360 -0.171725
v 0.386320 -0.050028 -0.171222
v 0.386320 -0.050028 -0.171222
v 0.386320 -0.050028 -0.171222
v 0.360481 -0.050028 -0.171227
v 0.360481 -0.050028 -0.171227
v 0.360481 -0.050028 -0.171227
v 0.386320 -0.048687 -0.170756
v 0.386320 -0.048687 -0.170756
v 0.386320 -0.048687 -0.170756
v 0.360481 -0.048687 -0.170761
v 0.360481 -0.048687 -0.170761
v 0.360481 -0.048687 -0.170761
v 0.386319 -0.047337 -0.170326
v 0.386319 -0.047337 -0.170326
v 0.386319 -0.047337 -0.170326
v 0.360481 -0.047337 -0.170330
v 0.360481 -0.047337 -0.170330
v 0.360481 -0.047337 -0.170330
v 0.386319 -0.045980 -0.169932
v 0.386319 -0.045980 -0.169932
v 0.386319 -0.045980 -0.169932
v 0.360481 -0.045980 -0.169936
v 0.360481 -0.045980 -0.169936
v 0.360481 -0.045980 -0.169936
v 0.386319 -0.044615 -0.169577
v 0.386319 -0.044615 -0.169577
v 0.386319 -0.044615 -0.169577
v 0.360481 -0.044615 -0.169582
v 0.360481 -0.044615 -0.169582
v 0.360481 -0.044615 -0.169582
v 0.386319 -0.043243 -0.169263
v 0.386319 -0.043243 -0.169263
v 0.386319 -0.043243 -0.169263
v 0.360481 -0.043243 -0.169268
v 0.360481 -0.043243 -0.169268
v 0.360481 -0.043243 -0.169268
v 0.386319 -0.041865 -0.168992
v 0.386319 -0.041865 -0.168992
v 0.386319 -0.041865 -0.168992
v 0.360481 -0.041865 -0.168997
v 0.360481 -0.041865 -0.168997
v 0.360481 -0.041865 -0.168997
v 0.386319 -0.040481 -0.168765
v 0.386319 -0.040481 -0.168765
v 0.386319 -0.040481 -0.168765
v 0.360481 -0.040481 -0.168769
v 0.360481 -0.040481 -0.168769
v 0.360481 -0.040481 -0.168769
v 0.386319 -0.039093 -0.168582
v 0.386319 -0.039093 -0.168582
v 0.386319 -0.039093 -0.168582
v 0.360481 -0.039093 -0.168586
v 0.360481 -0.039093 -0.168586
v 0.360481 -0.039093 -0.168586
v 0.360481 -0.039093 -0.168586
v 0.386319 -0.037624 -0.168439
v 0.386319 -0.037624 -0.168439
v 0.386319 -0.037624 -0.168439
v 0.360481 -0.037624 -0.168443
v 0.360481 -0.037624 -0.168443
v 0.360481 -0.037624 -0.168443
v 0.386319 -0.036214 -0.168350
v 0.386319 -0.036214 -0.168350
v 0.386319 -0.036214 -0.168350
v 0.360481 -0.036214 -0.168354
v 0.360481 -0.036214 -0.168354
v 0.360481 -0.036214 -0.168354
v 0.360481 -0.036214 -0.168354
v 0.386319 -0.034800 -0.168308
v 0.386319 -0.034800 -0.168308
v 0.386319 -0.034800 -0.168308
v 0.386319 -0.034800 -0.168308
v 0.360481 -0.034800 -0.168312
v 0.360481 -0.034800 -0.168312
v 0.360481 -0.034800 -0.168312
v 0.360481 -0.034800 -0.168312
v 0.360481 -0.034800 -0.168312
v 0.386319 -0.033440 -0.168312
v 0.386319 -0.033440 -0.168312
v 0.386319 -0.033440 -0.168312
v 0.386319 -0.033440 -0.168312
v 0.360481 -0.033440 -0.168317
v 0.360481 -0.033440 -0.168317
v 0.360481 -0.033440 -0.168317
v 0.360481 -0.033440 -0.168317
v 0.360481 -0.033440 -0.168317
v 0.386319 -0.032027 -0.168362
v 0.386319 -0.032027 -0.168362
v 0.386319 -0.032027 -0.168362
v 0.386319 -0.032027 -0.168362
v 0.360481 -0.032027 -0.168367
v 0.360481 -0.032027 -0.168367
v 0.360481 -0.032027 -0.168367
v 0.386319 -0.029198 -0.168598
v 0.386319 -0.029198 -0.168598
v 0.386319 -0.029198 -0.168598
v 0.360481 -0.029198 -0.168603
v 0.360481 -0.029198 -0.168603
v 0.360481 -0.029198 -0.168603
v 0.360481 -0.029198 -0.168603
v 0.386319 -0.027784 -0.168782
v 0.386319 -0.027784 -0.168782
v 0.386319 -0.027784 -0.168782
v 0.386319 -0.027784 -0.168782
v 0.360481 -0.027784 -0.168787
v 0.360481 -0.027784 -0.168787
v 0.360481 -0.027784 -0.168787
v 0.386319 -0.026454 -0.168994
v 0.386319 -0.026454 -0.168994
v 0.386319 -0.026454 -0.168994
v 0.360481 -0.026454 -0.168998
v 0.360481 -0.026454 -0.168998
v 0.360481 -0.026454 -0.168998
v 0.386319 -0.023645 -0.169559
v 0.386319 -0.023645 -0.169559
v 0.386319 -0.023645 -0.169559
v 0.386319 -0.023645 -0.169559
v 0.360481 -0.023645 -0.169563
v 0.360481 -0.023645 -0.169563
v 0.360481 -0.023645 -0.169563
v 0.360481 -0.023645 -0.169563
v 0.386319 -0.022248 -0.169896
v 0.386319 -0.022248 -0.169896
v 0.386319 -0.022248 -0.169896
v 0.386319 -0.022248 -0.169896
v 0.360481 -0.022248 -0.169901
v 0.360481 -0.022248 -0.169901
v 0.360481 -0.022248 -0.169901
v 0.360481 -0.022248 -0.169901
v 0.386320 -0.019559 -0.170644
v 0.386320 -0.019559 -0.170644
v 0.386320 -0.019559 -0.170644
v 0.360481 -0.019559 -0.170649
v 0.360481 -0.019559 -0.170649
v 0.360481 -0.019559 -0.170649
v 0.386320 -0.018182 -0.171075
v 0.386320 -0.018182 -0.171075
v 0.386320 -0.018182 -0.171075
v 0.360481 -0.018182 -0.171079
v 0.360481 -0.018182 -0.171079
v 0.360481 -0.018182 -0.171079
v 0.386320 -0.015528 -0.171988
v 0.386320 -0.015528 -0.171988
v 0.386320 -0.015528 -0.171988
v 0.360481 -0.015528 -0.171993
v 0.360481 -0.015528 -0.171993
v 0.360481 -0.015528 -0.171993
v 0.360481 -0.015528 -0.171993
v 0.386320 -0.014177 -0.172492
v 0.386320 -0.014177 -0.172492
v 0.386320 -0.014177 -0.172492
v 0.386320 -0.014177 -0.172492
v 0.360481 -0.014177 -0.172497
v 0.360481 -0.014177 -0.172497
v 0.360481 -0.014177 -0.172497
v 0.360481 -0.014177 -0.172497
v 0.360481 -0.014177 -0.172497
v 0.386320 -0.007558 -0.175239
v 0.386320 -0.007558 -0.175239
v 0.386320 -0.007558 -0.175239
v 0.360482 -0.007558 -0.175243
v 0.360482 -0.007558 -0.175243
v 0.360482 -0.007558 -0.175243
v 0.360482 -0.007558 -0.175243
v 0.386320 -0.006273 -0.175761
v 0.386320 -0.006273 -0.175761
v 0.386320 -0.006273 -0.175761
v 0.386320 -0.006273 -0.175761
v 0.386320 -0.006273 -0.175761
v 0.386320 -0.006273 -0.175761
v 0.360482 -0.006273 -0.175766
v 0.360482 -0.006273 -0.175766
v 0.360482 -0.006273 -0.175766
v 0.360482 -0.006273 -0.175766
v 0.386321 -0.003666 -0.176768
v 0.386321 -0.003666 -0.176768
v 0.386321 -0.003666 -0.176768
v 0.360482 -0.003666 -0.176773
v 0.360482 -0.003666 -0.176773
v 0.360482 -0.003666 -0.176773
v 0.360482 -0.003666 -0.176773
v 0.386321 -0.002305 -0.177264
v 0.386321 -0.002305 -0.177264
v 0.386321 -0.002305 -0.177264
v 0.386321 -0.002305 -0.177264
v 0.386321 -0.002305 -0.177264
v 0.386321 -0.002305 -0.177264
v 0.360482 -0.002305 -0.177269
v 0.360482 -0.002305 -0.177269
v 0.360482 -0.002305 -0.177269
v 0.360482 -0.002305 -0.177269
v 0.386321 -0.000931 -0.177743
v 0.386321 -0.000931 -0.177743
v 0.386321 -0.000931 -0.177743
v 0.360482 -0.000931 -0.177747
v 0.360482 -0.000931 -0.177747
v 0.360482 -0.000931 -0.177747
v 0.386321 0.000384 -0.178179
v 0.386321 0.000384 -0.178179
v 0.386321 0.000384 -0.178179
v 0.386321 0.000384 -0.178179
v 0.360482 0.000384 -0.178184
v 0.360482 0.000384 -0.178184
v 0.360482 0.000384 -0.178184
v 0.360482 0.000384 -0.178184
v 0.386321 0.003100 -0.179007
v 0.386321 0.003100 -0.179007
v 0.386321 0.003100 -0.179007
v 0.360482 0.003100 -0.179012
v 0.360482 0.003100 -0.179012
v 0.360482 0.003100 -0.179012
v 0.386321 0.004504 -0.179395
v 0.386321 0.004504 -0.179395
v 0.386321 0.004504 -0.179395
v 0.386321 0.004504 -0.179395
v 0.360482 0.004504 -0.179399
v 0.360482 0.004504 -0.179399
v 0.360482 0.004504 -0.179399
v 0.360482 0.004504 -0.179399
v 0.386321 0.007180 -0.180050
v 0.386321 0.007180 -0.180050
v 0.386321 0.007180 -0.180050
v 0.360483 0.007180 -0.180054
v 0.360483 0.007180 -0.180054
v 0.360483 0.007180 -0.180054
v 0.386321 0.008600 -0.180350
v 0.386321 0.008600 -0.180350
v 0.386321 0.008600 -0.180350
v 0.386321 0.008600 -0.180350
v 0.360483 0.008600 -0.180355
v 0.360483 0.008600 -0.180355
v 0.360483 0.008600 -0.180355
v 0.386321 0.010023 -0.180617
v 0.386321 0.010023 -0.180617
v 0.386321 0.010023 -0.180617
v 0.360483 0.010023 -0.180621
v 0.360483 0.010023 -0.180621
v 0.360483 0.010023 -0.180621
v 0.386321 0.011378 -0.180837
v 0.386321 0.011378 -0.180837
v 0.386321 0.011378 -0.180837
v 0.386321 0.011378 -0.180837
v 0.360483 0.011378 -0.180841
v 0.360483 0.011378 -0.180841
v 0.360483 0.011378 -0.180841
v 0.360483 0.011378 -0.180841
v 0.386321 0.012738 -0.181023
v 0.386321 0.012738 -0.181023
v 0.386321 0.012738 -0.181023
v 0.360483 0.012738 -0.181028
v 0.360483 0.012738 -0.181028
v 0.360483 0.012738 -0.181028
v 0.386321 0.014168 -0.181181
v 0.386321 0.014168 -0.181181
v 0.386321 0.014168 -0.181181
v 0.386321 0.014168 -0.181181
v 0.360483 0.014168 -0.181185
v 0.360483 0.014168 -0.181185
v 0.360483 0.014168 -0.181185
v 0.360483 0.014168 -0.181185
v 0.386321 0.015596 -0.181297
v 0.386321 0.015596 -0.181297
v 0.386321 0.015596 -0.181297
v 0.360483 0.015596 -0.181302
v 0.360483 0.015596 -0.181302
v 0.360483 0.015596 -0.181302
v 0.360483 0.015596 -0.181302
v 0.386321 0.017022 -0.181371
v 0.386321 0.017022 -0.181371
v 0.386321 0.017022 -0.181371
v 0.386321 0.017022 -0.181371
v 0.360483 0.017022 -0.181376
v 0.360483 0.017022 -0.181376
v 0.360483 0.017022 -0.181376
v 0.360483 0.017022 -0.181376
v 0.386321 0.018444 -0.181402
v 0.386321 0.018444 -0.181402
v 0.386321 0.018444 -0.181402
v 0.386321 0.018444 -0.181402
v 0.360483 0.018444 -0.181406
v 0.360483 0.018444 -0.181406
v 0.360483 0.018444 -0.181406
v 0.386321 0.019764 -0.181390
v 0.386321 0.019764 -0.181390
v 0.386321 0.019764 -0.181390
v 0.360483 0.019764 -0.181394
v 0.360483 0.019764 -0.181394
v 0.360483 0.019764 -0.181394
v 0.386321 0.021184 -0.181332
v 0.386321 0.021184 -0.181332
v 0.386321 0.021184 -0.181332
v 0.360483 0.021184 -0.181337
v 0.360483 0.021184 -0.181337
v 0.360483 0.021184 -0.181337
v 0.386321 0.022598 -0.181229
v 0.386321 0.022598 -0.181229
v 0.386321 0.022598 -0.181229
v 0.360483 0.022598 -0.181233
v 0.360483 0.022598 -0.181233
v 0.360483 0.022598 -0.181233
v 0.386321 0.024005 -0.181078
v 0.386321 0.024005 -0.181078
v 0.386321 0.024005 -0.181078
v 0.360483 0.024005 -0.181083
v 0.360483 0.024005 -0.181083
v 0.360483 0.024005 -0.181083
v 0.386321 0.025405 -0.180881
v 0.386321 0.025405 -0.180881
v 0.386321 0.025405 -0.180881
v 0.360483 0.025405 -0.180885
v 0.360483 0.025405 -0.180885
v 0.360483 0.025405 -0.180885
v 0.386321 0.026796 -0.180637
v 0.386321 0.026796 -0.180637
v 0.386321 0.026796 -0.180637
v 0.360483 0.026796 -0.180641
v 0.360483 0.026796 -0.180641
v 0.360483 0.026796 -0.180641
v 0.386321 0.028178 -0.180346
v 0.386321 0.028178 -0.180346
v 0.386321 0.028178 -0.180346
v 0.386321 0.028178 -0.180346
v 0.360483 0.028178 -0.180351
v 0.360483 0.028178 -0.180351
v 0.360483 0.028178 -0.180351
v 0.360483 0.028178 -0.180351
v 0.360483 0.028178 -0.180351
v 0.386321 0.029551 -0.180010
v 0.386321 0.029551 -0.180010
v 0.386321 0.029551 -0.180010
v 0.360483 0.029551 -0.180015
v 0.360483 0.029551 -0.180015
v 0.360483 0.029551 -0.180015
v 0.386321 0.030978 -0.179610
v 0.386321 0.030978 -0.179610
v 0.386321 0.030978 -0.179610
v 0.360483 0.030978 -0.179615
v 0.360483 0.030978 -0.179615
v 0.360483 0.030978 -0.179615
v 0.386321 0.032316 -0.179188
v 0.386321 0.032316 -0.179188
v 0.386321 0.032316 -0.179188
v 0.360482 0.032316 -0.179192
v 0.360482 0.032316 -0.179192
v 0.360482 0.032316 -0.179192
v 0.386321 0.033645 -0.178724
v 0.386321 0.033645 -0.178724
v 0.386321 0.033645 -0.178724
v 0.360482 0.033645 -0.178728
v 0.360482 0.033645 -0.178728
v 0.360482 0.033645 -0.178728
v 0.386321 0.034964 -0.178220
v 0.386321 0.034964 -0.178220
v 0.386321 0.034964 -0.178220
v 0.360482 0.034964 -0.178224
v 0.360482 0.034964 -0.178224
v 0.360482 0.034964 -0.178224
v 0.360482 0.034964 -0.178224
v 0.386321 0.036272 -0.177676
v 0.386321 0.036272 -0.177676
v 0.386321 0.036272 -0.177676
v 0.386321 0.036272 -0.177676
v 0.360482 0.036272 -0.177681
v 0.360482 0.036272 -0.177681
v 0.360482 0.036272 -0.177681
v 0.386321 0.037568 -0.177095
v 0.386321 0.037568 -0.177095
v 0.386321 0.037568 -0.177095
v 0.360482 0.037568 -0.177100
v 0.360482 0.037568 -0.177100
v 0.360482 0.037568 -0.177100
v 0.386320 0.038854 -0.176479
v 0.386320 0.038854 -0.176479
v 0.386320 0.038854 -0.176479
v 0.360482 0.038854 -0.176484
v 0.360482 0.038854 -0.176484
v 0.360482 0.038854 -0.176484
v 0.386320 0.040127 -0.175830
v 0.386320 0.040127 -0.175830
v 0.386320 0.040127 -0.175830
v 0.360482 0.040127 -0.175834
v 0.360482 0.040127 -0.175834
v 0.360482 0.040127 -0.175834
v 0.386320 0.041389 -0.175149
v 0.386320 0.041389 -0.175149
v 0.386320 0.041389 -0.175149
v 0.360482 0.041389 -0.175153
v 0.360482 0.041389 -0.175153
v 0.360482 0.041389 -0.175153
v 0.386320 0.042637 -0.174439
v 0.386320 0.042637 -0.174439
v 0.386320 0.042637 -0.174439
v 0.360482 0.042637 -0.174444
v 0.360482 0.042637 -0.174444
v 0.360482 0.042637 -0.174444
v 0.386320 0.046319 -0.172155
v 0.386320 0.046319 -0.172155
v 0.386320 0.046319 -0.172155
v 0.360481 0.046319 -0.172160
v 0.360481 0.046319 -0.172160
v 0.360481 0.046319 -0.172160
v 0.386320 0.047508 -0.171404
v 0.386320 0.047508 -0.171404
v 0.386320 0.047508 -0.171404
v 0.360481 0.047508 -0.171408
v 0.360481 0.047508 -0.171408
v 0.360481 0.047508 -0.171408
v 0.386320 0.048756 -0.170637
v 0.386320 0.048756 -0.170637
v 0.386320 0.048756 -0.170637
v 0.360481 0.048756 -0.170642
v 0.360481 0.048756 -0.170642
v 0.360481 0.048756 -0.170642
v 0.386319 0.049975 -0.169913
v 0.386319 0.049975 -0.169913
v 0.386319 0.049975 -0.169913
v 0.360481 0.049975 -0.169918
v 0.360481 0.049975 -0.169918
v 0.360481 0.049975 -0.169918
v 0.360481 0.049975 -0.169918
v 0.386319 0.051205 -0.169213
v 0.386319 0.051205 -0.169213
v 0.386319 0.051205 -0.169213
v 0.386319 0.051205 -0.169213
v 0.360481 0.051205 -0.169217
v 0.360481 0.051205 -0.169217
v 0.360481 0.051205 -0.169217
v 0.360481 0.051205 -0.169217
v 0.386319 0.052500 -0.168512
v 0.386319 0.052500 -0.168512
v 0.386319 0.052500 -0.168512
v 0.386319 0.052500 -0.168512
v 0.386319 0.052500 -0.168512
v 0.360481 0.052500 -0.168517
v 0.360481 0.052500 -0.168517
v 0.360481 0.052500 -0.168517
v 0.360481 0.052500 -0.168517
v 0.386319 0.053760 -0.167874
v 0.386319 0.053760 -0.167874
v 0.386319 0.053760 -0.167874
v 0.386319 0.053760 -0.167874
v 0.386319 0.053760 -0.167874
v 0.360481 0.053760 -0.167879
v 0.360481 0.053760 -0.167879
v 0.360481 0.053760 -0.167879
v 0.360481 0.053760 -0.167879
v 0.360481 0.053760 -0.167879
v 0.386319 0.055040 -0.167276
v 0.386319 0.055040 -0.167276
v 0.386319 0.055040 -0.167276
v 0.360480 0.055040 -0.167280
v 0.360480 0.055040 -0.167280
v 0.360480 0.055040 -0.167280
v 0.386319 0.056375 -0.166712
v 0.386319 0.056375 -0.166712
v 0.386319 0.056375 -0.166712
v 0.360480 0.056375 -0.166716
v 0.360480 0.056375 -0.166716
v 0.360480 0.056375 -0.166716
v 0.386319 0.057676 -0.166227
v 0.386319 0.057676 -0.166227
v 0.386319 0.057676 -0.166227
v 0.360480 0.057676 -0.166232
v 0.360480 0.057676 -0.166232
v 0.360480 0.057676 -0.166232
v 0.386319 0.059087 -0.165780
v 0.386319 0.059087 -0.165780
v 0.386319 0.059087 -0.165780
v 0.360480 0.059087 -0.165784
v 0.360480 0.059087 -0.165784
v 0.360480 0.059087 -0.165784
v 0.386319 0.060424 -0.165434
v 0.386319 0.060424 -0.165434
v 0.386319 0.060424 -0.165434
v 0.360480 0.060424 -0.165439
v 0.360480 0.060424 -0.165439
v 0.360480 0.060424 -0.165439
v 0.360480 0.060424 -0.165439
v 0.386319 0.061825 -0.165155
v 0.386319 0.061825 -0.165155
v 0.386319 0.061825 -0.165155
v 0.386319 0.061825 -0.165155
v 0.360480 0.061825 -0.165160
v 0.360480 0.061825 -0.165160
v 0.360480 0.061825 -0.165160
v 0.360480 0.061825 -0.165160
v 0.386319 0.063234 -0.164960
v 0.386319 0.063234 -0.164960
v 0.386319 0.063234 -0.164960
v 0.360480 0.063234 -0.164965
v 0.360480 0.063234 -0.164965
v 0.360480 0.063234 -0.164965
v 0.360480 0.063234 -0.164965
v 0.386319 0.064582 -0.164850
v 0.386319 0.064582 -0.164850
v 0.386319 0.064582 -0.164850
v 0.386319 0.064582 -0.164850
v 0.360480 0.064582 -0.164855
v 0.360480 0.064582 -0.164855
v 0.360480 0.064582 -0.164855
v 0.386319 0.065999 -0.164810
v 0.386319 0.065999 -0.164810
v 0.386319 0.065999 -0.164810
v 0.386319 0.065999 -0.164810
v 0.360480 0.065999 -0.164815
v 0.360480 0.065999 -0.164815
v 0.360480 0.065999 -0.164815
v 0.360480 0.065999 -0.164815
v 0.360480 0.065999 -0.164815
v 0.386319 0.067433 -0.164842
v 0.386319 0.067433 -0.164842
v 0.386319 0.067433 -0.164842
v 0.360480 0.067433 -0.164846
v 0.360480 0.067433 -0.164846
v 0.360480 0.067433 -0.164846
v 0.386319 0.070259 -0.165086
v 0.386319 0.070259 -0.165086
v 0.386319 0.070259 -0.165086
v 0.360480 0.070259 -0.165090
v 0.360480 0.070259 -0.165090
v 0.360480 0.070259 -0.165090
v 0.386319 0.071627 -0.165276
v 0.386319 0.071627 -0.165276
v 0.386319 0.071627 -0.165276
v 0.360480 0.071627 -0.165280
v 0.360480 0.071627 -0.165280
v 0.360480 0.071627 -0.165280
v 0.386319 0.073034 -0.165511
v 0.386319 0.073034 -0.165511
v 0.386319 0.073034 -0.165511
v 0.360480 0.073034 -0.165515
v 0.360480 0.073034 -0.165515
v 0.360480 0.073034 -0.165515
v 0.386319 0.074437 -0.165779
v 0.386319 0.074437 -0.165779
v 0.386319 0.074437 -0.165779
v 0.360480 0.074437 -0.165783
v 0.360480 0.074437 -0.165783
v 0.360480 0.074437 -0.165783
v 0.386319 0.077176 -0.166381
v 0.386319 0.077176 -0.166381
v 0.386319 0.077176 -0.166381
v 0.360480 0.077176 -0.166385
v 0.360480 0.077176 -0.166385
v 0.360480 0.077176 -0.166385
v 0.386319 0.078556 -0.166715
v 0.386319 0.078556 -0.166715
v 0.386319 0.078556 -0.166715
v 0.360480 0.078556 -0.166719
v 0.360480 0.078556 -0.166719
v 0.360480 0.078556 -0.166719
v 0.386319 0.079909 -0.167058
v 0.386319 0.079909 -0.167058
v 0.386319 0.079909 -0.167058
v 0.360480 0.079909 -0.167063
v 0.360480 0.079909 -0.167063
v 0.360480 0.079909 -0.167063
v 0.386319 0.081274 -0.167417
v 0.386319 0.081274 -0.167417
v 0.386319 0.081274 -0.167417
v 0.360480 0.081274 -0.167421
v 0.360480 0.081274 -0.167421
v 0.360480 0.081274 -0.167421
v 0.360480 0.081274 -0.167421
v 0.386319 0.086748 -0.168869
v 0.386319 0.086748 -0.168869
v 0.386319 0.086748 -0.168869
v 0.386319 0.086748 -0.168869
v 0.360481 0.086748 -0.168873
v 0.360481 0.086748 -0.168873
v 0.360481 0.086748 -0.168873
v 0.386319 0.088144 -0.169236
v 0.386319 0.088144 -0.169236
v 0.386319 0.088144 -0.169236
v 0.360481 0.088144 -0.169241
v 0.360481 0.088144 -0.169241
v 0.360481 0.088144 -0.169241
v 0.386320 0.094977 -0.171012
v 0.386320 0.094977 -0.171012
v 0.386320 0.094977 -0.171012
v 0.360481 0.094977 -0.171016
v 0.360481 0.094977 -0.171016
v 0.360481 0.094977 -0.171016
v 0.360481 0.094977 -0.171016
v 0.386320 0.096353 -0.171353
v 0.386320 0.096353 -0.171353
v 0.386320 0.096353 -0.171353
v 0.386320 0.096353 -0.171353
v 0.360481 0.096353 -0.171357
v 0.360481 0.096353 -0.171357
v 0.360481 0.096353 -0.171357
v 0.386320 0.097747 -0.171327
v 0.386320 0.097747 -0.171327
v 0.386320 0.097747 -0.171327
v 0.360481 0.097747 -0.171331
v 0.360481 0.097747 -0.171331
v 0.360481 0.097747 -0.171331
v 0.386320 0.099127 -0.170996
v 0.386320 0.099127 -0.170996
v 0.386320 0.099127 -0.170996
v 0.360481 0.099127 -0.171001
v 0.360481 0.099127 -0.171001
v 0.360481 0.099127 -0.171001
v 0.386319 0.100462 -0.170517
v 0.386319 0.100462 -0.170517
v 0.386319 0.100462 -0.170517
v 0.360481 0.100462 -0.170522
v 0.360481 0.100462 -0.170522
v 0.360481 0.100462 -0.170522
v 0.386319 0.101757 -0.169934
v 0.386319 0.101757 -0.169934
v 0.386319 0.101757 -0.169934
v 0.360481 0.101757 -0.169938
v 0.360481 0.101757 -0.169938
v 0.360481 0.101757 -0.169938
v 0.386319 0.103017 -0.169254
v 0.386319 0.103017 -0.169254
v 0.386319 0.103017 -0.169254
v 0.360481 0.103017 -0.169258
v 0.360481 0.103017 -0.169258
v 0.360481 0.103017 -0.169258
v 0.360481 0.103017 -0.169258
v 0.386319 0.104240 -0.168476
v 0.386319 0.104240 -0.168476
v 0.386319 0.104240 -0.168476
v 0.386319 0.104240 -0.168476
v 0.360481 0.104240 -0.168481
v 0.360481 0.104240 -0.168481
v 0.360481 0.104240 -0.168481
v 0.360481 0.104240 -0.168481
v 0.386319 0.105447 -0.167728
v 0.386319 0.105447 -0.167728
v 0.386319 0.105447 -0.167728
v 0.386319 0.105447 -0.167728
v 0.360480 0.105447 -0.167733
v 0.360480 0.105447 -0.167733
v 0.360480 0.105447 -0.167733
v 0.386319 0.106735 -0.167066
v 0.386319 0.106735 -0.167066
v 0.386319 0.106735 -0.167066
v 0.360480 0.106735 -0.167070
v 0.360480 0.106735 -0.167070
v 0.360480 0.106735 -0.167070
v 0.360480 0.106735 -0.167070
v 0.386319 0.108034 -0.166542
v 0.386319 0.108034 -0.166542
v 0.386319 0.108034 -0.166542
v 0.386319 0.108034 -0.166542
v 0.360480 0.108034 -0.166547
v 0.360480 0.108034 -0.166547
v 0.360480 0.108034 -0.166547
v 0.386319 0.109417 -0.166123
v 0.386319 0.109417 -0.166123
v 0.386319 0.109417 -0.166123
v 0.360480 0.109417 -0.166128
v 0.360480 0.109417 -0.166128
v 0.360480 0.109417 -0.166128
v 0.386319 0.110798 -0.165812
v 0.386319 0.110798 -0.165812
v 0.386319 0.110798 -0.165812
v 0.360480 0.110798 -0.165816
v 0.360480 0.110798 -0.165816
v 0.360480 0.110798 -0.165816
v 0.360480 0.110798 -0.165816
v 0.386319 0.112165 -0.165579
v 0.386319 0.112165 -0.165579
v 0.386319 0.112165 -0.165579
v 0.386319 0.112165 -0.165579
v 0.360480 0.112165 -0.165584
v 0.360480 0.112165 -0.165584
v 0.360480 0.112165 -0.165584
v 0.386319 0.114992 -0.165249
v 0.386319 0.114992 -0.165249
v 0.386319 0.114992 -0.165249
v 0.386319 0.114992 -0.165249
v 0.360480 0.114992 -0.165253
v 0.360480 0.114992 -0.165253
v 0.360480 0.114992 -0.165253
v 0.360480 0.114992 -0.165253
v 0.386319 0.116385 -0.165134
v 0.386319 0.116385 -0.165134
v 0.386319 0.116385 -0.165134
v 0.386319 0.116385 -0.165134
v 0.360480 0.116385 -0.165138
v 0.360480 0.116385 -0.165138
v 0.360480 0.116385 -0.165138
v 0.360480 0.116385 -0.165138
v 0.386319 0.119176 -0.164958
v 0.386319 0.119176 -0.164958
v 0.386319 0.119176 -0.164958
v 0.360480 0.119176 -0.164962
v 0.360480 0.119176 -0.164962
v 0.360480 0.119176 -0.164962
v 0.360480 0.119176 -0.164962
v 0.386319 0.120586 -0.164888
v 0.386319 0.120586 -0.164888
v 0.386319 0.120586 -0.164888
v 0.386319 0.120586 -0.164888
v 0.360480 0.120586 -0.164892
v 0.360480 0.120586 -0.164892
v 0.360480 0.120586 -0.164892
v 0.386319 0.126249 -0.164676
v 0.386319 0.126249 -0.164676
v 0.386319 0.126249 -0.164676
v 0.386319 0.126249 -0.164676
v 0.360480 0.126249 -0.164681
v 0.360480 0.126249 -0.164681
v 0.360480 0.126249 -0.164681
v 0.360480 0.126249 -0.164681
v 0.360480 0.126249 -0.164681
v 0.386318 0.127647 -0.164644
v 0.386318 0.127647 -0.164644
v 0.386318 0.127647 -0.164644
v 0.386318 0.127647 -0.164644
v 0.386318 0.127647 -0.164644
v 0.360480 0.127647 -0.164648
v 0.360480 0.127647 -0.164648
v 0.360480 0.127647 -0.164648
v 0.360480 0.127647 -0.164648
v 0.386318 0.131844 -0.164619
v 0.386318 0.131844 -0.164619
v 0.386318 0.131844 -0.164619
v 0.360480 0.131844 -0.164623
v 0.360480 0.131844 -0.164623
v 0.360480 0.131844 -0.164623
v 0.386318 0.133272 -0.164633
v 0.386318 0.133272 -0.164633
v 0.386318 0.133272 -0.164633
v 0.360480 0.133272 -0.164638
v 0.360480 0.133272 -0.164638
v 0.360480 0.133272 -0.164638
v 0.386319 0.134685 -0.164660
v 0.386319 0.134685 -0.164660
v 0.386319 0.134685 -0.164660
v 0.360480 0.134685 -0.164664
v 0.360480 0.134685 -0.164664
v 0.360480 0.134685 -0.164664
v 0.360480 0.134685 -0.164664
v 0.386319 0.136076 -0.164697
v 0.386319 0.136076 -0.164697
v 0.386319 0.136076 -0.164697
v 0.386319 0.136076 -0.164697
v 0.360480 0.136076 -0.164701
v 0.360480 0.136076 -0.164701
v 0.360480 0.136076 -0.164701
v 0.386319 0.138915 -0.164812
v 0.386319 0.138915 -0.164812
v 0.386319 0.138915 -0.164812
v 0.360480 0.138915 -0.164817
v 0.360480 0.138915 -0.164817
v 0.360480 0.138915 -0.164817
v 0.386319 0.140301 -0.164890
v 0.386319 0.140301 -0.164890
v 0.386319 0.140301 -0.164890
v 0.360480 0.140301 -0.164894
v 0.360480 0.140301 -0.164894
v 0.360480 0.140301 -0.164894
v 0.386319 0.141723 -0.164987
v 0.386319 0.141723 -0.164987
v 0.386319 0.141723 -0.164987
v 0.360480 0.141723 -0.164991
v 0.360480 0.141723 -0.164991
v 0.360480 0.141723 -0.164991
v 0.386319 0.143104 -0.165102
v 0.386319 0.143104 -0.165102
v 0.386319 0.143104 -0.165102
v 0.360480 0.143104 -0.165106
v 0.360480 0.143104 -0.165106
v 0.360480 0.143104 -0.165106
v 0.386319 0.144522 -0.165246
v 0.386319 0.144522 -0.165246
v 0.386319 0.144522 -0.165246
v 0.360480 0.144522 -0.165251
v 0.360480 0.144522 -0.165251
v 0.360480 0.144522 -0.165251
v 0.360480 0.144522 -0.165251
v 0.386319 0.145932 -0.165429
v 0.386319 0.145932 -0.165429
v 0.386319 0.145932 -0.165429
v 0.386319 0.145932 -0.165429
v 0.360480 0.145932 -0.165434
v 0.360480 0.145932 -0.165434
v 0.360480 0.145932 -0.165434
v 0.386319 0.147289 -0.165667
v 0.386319 0.147289 -0.165667
v 0.386319 0.147289 -0.165667
v 0.386319 0.147289 -0.165667
v 0.386319 0.147289 -0.165667
v 0.360480 0.147289 -0.165671
v 0.360480 0.147289 -0.165671
v 0.360480 0.147289 -0.165671
v 0.360480 0.147289 -0.165671
v 0.360480 0.147289 -0.165671
v 0.386319 0.148676 -0.166024
v 0.386319 0.148676 -0.166024
v 0.386319 0.148676 -0.166024
v 0.386319 0.148676 -0.166024
v 0.360480 0.148676 -0.166028
v 0.360480 0.148676 -0.166028
v 0.360480 0.148676 -0.166028
v 0.360480 0.148676 -0.166028
v 0.360480 0.148676 -0.166028
v 0.386319 0.150038 -0.166412
v 0.386319 0.150038 -0.166412
v 0.386319 0.150038 -0.166412
v 0.386319 0.150038 -0.166412
v 0.360480 0.150038 -0.166416
v 0.360480 0.150038 -0.166416
v 0.360480 0.150038 -0.166416
v 0.386319 0.154112 -0.167657
v 0.386319 0.154112 -0.167657
v 0.386319 0.154112 -0.167657
v 0.360480 0.154112 -0.167662
v 0.360480 0.154112 -0.167662
v 0.360480 0.154112 -0.167662
v 0.360480 0.154112 -0.167662
v 0.386319 0.155452 -0.168089
v 0.386319 0.155452 -0.168089
v 0.386319 0.155452 -0.168089
v 0.386319 0.155452 -0.168089
v 0.360481 0.155452 -0.168094
v 0.360481 0.155452 -0.168094
v 0.360481 0.155452 -0.168094
v 0.386319 0.158151 -0.168988
v 0.386319 0.158151 -0.168988
v 0.386319 0.158151 -0.168988
v 0.360481 0.158151 -0.168992
v 0.360481 0.158151 -0.168992
v 0.360481 0.158151 -0.168992
v 0.386319 0.159484 -0.169444
v 0.386319 0.159484 -0.169444
v 0.386319 0.159484 -0.169444
v 0.360481 0.159484 -0.169448
v 0.360481 0.159484 -0.169448
v 0.360481 0.159484 -0.169448
v 0.386320 0.164878 -0.171361
v 0.386320 0.164878 -0.171361
v 0.386320 0.164878 -0.171361
v 0.360481 0.164878 -0.171365
v 0.360481 0.164878 -0.171365
v 0.360481 0.164878 -0.171365
v 0.386320 0.166209 -0.171851
v 0.386320 0.166209 -0.171851
v 0.386320 0.166209 -0.171851
v 0.360481 0.166209 -0.171855
v 0.360481 0.166209 -0.171855
v 0.360481 0.166209 -0.171855
v 0.386320 0.172789 -0.174359
v 0.386320 0.172789 -0.174359
v 0.386320 0.172789 -0.174359
v 0.360482 0.172789 -0.174364
v 0.360482 0.172789 -0.174364
v 0.360482 0.172789 -0.174364
v 0.386320 0.174143 -0.174894
v 0.386320 0.174143 -0.174894
v 0.386320 0.174143 -0.174894
v 0.360482 0.174143 -0.174898
v 0.360482 0.174143 -0.174898
v 0.360482 0.174143 -0.174898
v 0.386320 0.178126 -0.176503
v 0.386320 0.178126 -0.176503
v 0.386320 0.178126 -0.176503
v 0.360482 0.178126 -0.176507
v 0.360482 0.178126 -0.176507
v 0.360482 0.178126 -0.176507
v 0.386321 0.179450 -0.177051
v 0.386321 0.179450 -0.177051
v 0.386321 0.179450 -0.177051
v 0.360482 0.179450 -0.177055
v 0.360482 0.179450 -0.177055
v 0.360482 0.179450 -0.177055
v 0.360482 0.179450 -0.177055
v 0.386321 0.184672 -0.179285
v 0.386321 0.184672 -0.179285
v 0.386321 0.184672 -0.179285
v 0.386321 0.184672 -0.179285
v 0.360482 0.184672 -0.179289
v 0.360482 0.184672 -0.179289
v 0.360482 0.184672 -0.179289
v 0.386321 0.186008 -0.179879
v 0.386321 0.186008 -0.179879
v 0.386321 0.186008 -0.179879
v 0.360483 0.186008 -0.179883
v 0.360483 0.186008 -0.179883
v 0.360483 0.186008 -0.179883
v 0.386321 0.188521 -0.181026
v 0.386321 0.188521 -0.181026
v 0.386321 0.188521 -0.181026
v 0.360483 0.188521 -0.181031
v 0.360483 0.188521 -0.181031
v 0.360483 0.188521 -0.181031
v 0.386321 0.189836 -0.181647
v 0.386321 0.189836 -0.181647
v 0.386321 0.189836 -0.181647
v 0.360483 0.189836 -0.181651
v 0.360483 0.189836 -0.181651
v 0.360483 0.189836 -0.181651
v 0.386321 0.191105 -0.182261
v 0.386321 0.191105 -0.182261
v 0.386321 0.191105 -0.182261
v 0.360483 0.191105 -0.182266
v 0.360483 0.191105 -0.182266
v 0.360483 0.191105 -0.182266
v 0.386322 0.192423 -0.182921
v 0.386322 0.192423 -0.182921
v 0.386322 0.192423 -0.182921
v 0.360483 0.192423 -0.182926
v 0.360483 0.192423 -0.182926
v 0.360483 0.192423 -0.182926
v 0.386322 0.193677 -0.183576
v 0.386322 0.193677 -0.183576
v 0.386322 0.193677 -0.183576
v 0.360483 0.193677 -0.183580
v 0.360483 0.193677 -0.183580
v 0.360483 0.193677 -0.183580
v 0.386322 0.194955 -0.184280
v 0.386322 0.194955 -0.184280
v 0.386322 0.194955 -0.184280
v 0.360483 0.194955 -0.184285
v 0.360483 0.194955 -0.184285
v 0.360483 0.194955 -0.184285
v 0.386322 0.196211 -0.185034
v 0.386322 0.196211 -0.185034
v 0.386322 0.196211 -0.185034
v 0.360483 0.196211 -0.185039
v 0.360483 0.196211 -0.185039
v 0.360483 0.196211 -0.185039
v 0.386322 0.197368 -0.185845
v 0.386322 0.197368 -0.185845
v 0.386322 0.197368 -0.185845
v 0.360484 0.197368 -0.185849
v 0.360484 0.197368 -0.185849
v 0.360484 0.197368 -0.185849
v 0.360484 0.197368 -0.185849
v 0.386322 0.198508 -0.186719
v 0.386322 0.198508 -0.186719
v 0.386322 0.198508 -0.186719
v 0.386322 0.198508 -0.186719
v 0.360484 0.198508 -0.186724
v 0.360484 0.198508 -0.186724
v 0.360484 0.198508 -0.186724
v 0.386322 0.199698 -0.187563
v 0.386322 0.199698 -0.187563
v 0.386322 0.199698 -0.187563
v 0.360484 0.199698 -0.187567
v 0.360484 0.199698 -0.187567
v 0.360484 0.199698 -0.187567
v 0.386323 0.200898 -0.188345
v 0.386323 0.200898 -0.188345
v 0.386323 0.200898 -0.188345
v 0.360484 0.200898 -0.188349
v 0.360484 0.200898 -0.188349
v 0.360484 0.200898 -0.188349
v 0.386323 0.202137 -0.189079
v 0.386323 0.202137 -0.189079
v 0.386323 0.202137 -0.189079
v 0.360484 0.202137 -0.189083
v 0.360484 0.202137 -0.189083
v 0.360484 0.202137 -0.189083
v 0.386323 0.203401 -0.189737
v 0.386323 0.203401 -0.189737
v 0.386323 0.203401 -0.189737
v 0.360484 0.203401 -0.189741
v 0.360484 0.203401 -0.189741
v 0.360484 0.203401 -0.189741
v 0.386323 0.204722 -0.190276
v 0.386323 0.204722 -0.190276
v 0.386323 0.204722 -0.190276
v 0.360484 0.204722 -0.190280
v 0.360484 0.204722 -0.190280
v 0.360484 0.204722 -0.190280
v 0.386323 0.206108 -0.190501
v 0.386323 0.206108 -0.190501
v 0.386323 0.206108 -0.190501
v 0.360484 0.206108 -0.190505
v 0.360484 0.206108 -0.190505
v 0.360484 0.206108 -0.190505
v 0.386323 0.207485 -0.190834
v 0.386323 0.207485 -0.190834
v 0.386323 0.207485 -0.190834
v 0.360484 0.207485 -0.190838
v 0.360484 0.207485 -0.190838
v 0.360484 0.207485 -0.190838
v 0.386323 0.210165 -0.191750
v 0.386323 0.210165 -0.191750
v 0.386323 0.210165 -0.191750
v 0.360485 0.210165 -0.191755
v 0.360485 0.210165 -0.191755
v 0.360485 0.210165 -0.191755
v 0.386323 0.211498 -0.192271
v 0.386323 0.211498 -0.192271
v 0.386323 0.211498 -0.192271
v 0.360485 0.211498 -0.192276
v 0.360485 0.211498 -0.192276
v 0.360485 0.211498 -0.192276
v 0.386323 0.214123 -0.193388
v 0.386323 0.214123 -0.193388
v 0.386323 0.214123 -0.193388
v 0.360485 0.214123 -0.193393
v 0.360485 0.214123 -0.193393
v 0.360485 0.214123 -0.193393
v 0.386324 0.215413 -0.193979
v 0.386324 0.215413 -0.193979
v 0.386324 0.215413 -0.193979
v 0.360485 0.215413 -0.193983
v 0.360485 0.215413 -0.193983
v 0.360485 0.215413 -0.193983
v 0.386324 0.218004 -0.195197
v 0.386324 0.218004 -0.195197
v 0.386324 0.218004 -0.195197
v 0.360485 0.218004 -0.195202
v 0.360485 0.218004 -0.195202
v 0.360485 0.218004 -0.195202
v 0.386324 0.219306 -0.195765
v 0.386324 0.219306 -0.195765
v 0.386324 0.219306 -0.195765
v 0.360485 0.219306 -0.195769
v 0.360485 0.219306 -0.195769
v 0.360485 0.219306 -0.195769
v 0.386324 0.220633 -0.196293
v 0.386324 0.220633 -0.196293
v 0.386324 0.220633 -0.196293
v 0.360485 0.220633 -0.196297
v 0.360485 0.220633 -0.196297
v 0.360485 0.220633 -0.196297
v 0.360485 0.220633 -0.196297
v 0.386324 0.221983 -0.196763
v 0.386324 0.221983 -0.196763
v 0.386324 0.221983 -0.196763
v 0.386324 0.221983 -0.196763
v 0.360485 0.221983 -0.196767
v 0.360485 0.221983 -0.196767
v 0.360485 0.221983 -0.196767
v 0.386324 0.223337 -0.197146
v 0.386324 0.223337 -0.197146
v 0.386324 0.223337 -0.197146
v 0.360486 0.223337 -0.197151
v 0.360486 0.223337 -0.197151
v 0.360486 0.223337 -0.197151
v 0.360486 0.223337 -0.197151
v 0.386324 0.224708 -0.197423
v 0.386324 0.224708 -0.197423
v 0.386324 0.224708 -0.197423
v 0.386324 0.224708 -0.197423
v 0.360486 0.224708 -0.197427
v 0.360486 0.224708 -0.197427
v 0.360486 0.224708 -0.197427
v 0.386324 0.226109 -0.197566
v 0.386324 0.226109 -0.197566
v 0.386324 0.226109 -0.197566
v 0.360486 0.226109 -0.197570
v 0.360486 0.226109 -0.197570
v 0.360486 0.226109 -0.197570
v 0.386324 0.227527 -0.197551
v 0.386324 0.227527 -0.197551
v 0.386324 0.227527 -0.197551
v 0.360486 0.227527 -0.197555
v 0.360486 0.227527 -0.197555
v 0.360486 0.227527 -0.197555
v 0.386324 0.228940 -0.197375
v 0.386324 0.228940 -0.197375
v 0.386324 0.228940 -0.197375
v 0.360486 0.228940 -0.197380
v 0.360486 0.228940 -0.197380
v 0.360486 0.228940 -0.197380
v 0.386324 0.230316 -0.197114
v 0.386324 0.230316 -0.197114
v 0.386324 0.230316 -0.197114
v 0.360486 0.230316 -0.197118
v 0.360486 0.230316 -0.197118
v 0.360486 0.230316 -0.197118
v 0.386324 0.231715 -0.196882
v 0.386324 0.231715 -0.196882
v 0.386324 0.231715 -0.196882
v 0.360485 0.231715 -0.196887
v 0.360485 0.231715 -0.196887
v 0.360485 0.231715 -0.196887
v 0.386324 0.233092 -0.196678
v 0.386324 0.233092 -0.196678
v 0.386324 0.233092 -0.196678
v 0.360485 0.233092 -0.196683
v 0.360485 0.233092 -0.196683
v 0.360485 0.233092 -0.196683
v 0.386324 0.237305 -0.196162
v 0.386324 0.237305 -0.196162
v 0.386324 0.237305 -0.196162
v 0.360485 0.237305 -0.196166
v 0.360485 0.237305 -0.196166
v 0.360485 0.237305 -0.196166
v 0.386324 0.238702 -0.196024
v 0.386324 0.238702 -0.196024
v 0.386324 0.238702 -0.196024
v 0.360485 0.238702 -0.196029
v 0.360485 0.238702 -0.196029
v 0.360485 0.238702 -0.196029
v 0.386324 0.244328 -0.195605
v 0.386324 0.244328 -0.195605
v 0.386324 0.244328 -0.195605
v 0.360485 0.244328 -0.195609
v 0.360485 0.244328 -0.195609
v 0.360485 0.244328 -0.195609
v 0.386324 0.245724 -0.195495
v 0.386324 0.245724 -0.195495
v 0.386324 0.245724 -0.195495
v 0.360485 0.245724 -0.195500
v 0.360485 0.245724 -0.195500
v 0.360485 0.245724 -0.195500
v 0.360485 0.245724 -0.195500
v 0.386324 0.247138 -0.195376
v 0.386324 0.247138 -0.195376
v 0.386324 0.247138 -0.195376
v 0.386324 0.247138 -0.195376
v 0.360485 0.247138 -0.195381
v 0.360485 0.247138 -0.195381
v 0.360485 0.247138 -0.195381
v 0.386324 0.248535 -0.195231
v 0.386324 0.248535 -0.195231
v 0.386324 0.248535 -0.195231
v 0.360485 0.248535 -0.195235
v 0.360485 0.248535 -0.195235
v 0.360485 0.248535 -0.195235
v 0.386324 0.249813 -0.194615
v 0.386324 0.249813 -0.194615
v 0.386324 0.249813 -0.194615
v 0.360485 0.249813 -0.194619
v 0.360485 0.249813 -0.194619
v 0.360485 0.249813 -0.194619
v 0.386323 0.251027 -0.193824
v 0.386323 0.251027 -0.193824
v 0.386323 0.251027 -0.193824
v 0.360485 0.251027 -0.193829
v 0.360485 0.251027 -0.193829
v 0.360485 0.251027 -0.193829
v 0.360485 0.251027 -0.193829
v 0.386323 0.252196 -0.192984
v 0.386323 0.252196 -0.192984
v 0.386323 0.252196 -0.192984
v 0.386323 0.252196 -0.192984
v 0.360485 0.252196 -0.192988
v 0.360485 0.252196 -0.192988
v 0.360485 0.252196 -0.192988
v 0.360485 0.252196 -0.192988
v 0.386323 0.253347 -0.192101
v 0.386323 0.253347 -0.192101
v 0.386323 0.253347 -0.192101
v 0.386323 0.253347 -0.192101
v 0.360485 0.253347 -0.192105
v 0.360485 0.253347 -0.192105
v 0.360485 0.253347 -0.192105
v 0.386323 0.254480 -0.191183
v 0.386323 0.254480 -0.191183
v 0.386323 0.254480 -0.191183
v 0.360484 0.254480 -0.191188
v 0.360484 0.254480 -0.191188
v 0.360484 0.254480 -0.191188
v 0.386323 0.255593 -0.190240
v 0.386323 0.255593 -0.190240
v 0.386323 0.255593 -0.190240
v 0.360484 0.255593 -0.190244
v 0.360484 0.255593 -0.190244
v 0.360484 0.255593 -0.190244
v 0.386323 0.256720 -0.189335
v 0.386323 0.256720 -0.189335
v 0.386323 0.256720 -0.189335
v 0.386323 0.256720 -0.189335
v 0.360484 0.256720 -0.189339
v 0.360484 0.256720 -0.189339
v 0.360484 0.256720 -0.189339
v 0.360484 0.256720 -0.189339
v 0.386323 0.257890 -0.188499
v 0.386323 0.257890 -0.188499
v 0.386323 0.257890 -0.188499
v 0.360484 0.257890 -0.188503
v 0.360484 0.257890 -0.188503
v 0.360484 0.257890 -0.188503
v 0.386322 0.259120 -0.187735
v 0.386322 0.259120 -0.187735
v 0.386322 0.259120 -0.187735
v 0.360484 0.259120 -0.187740
v 0.360484 0.259120 -0.187740
v 0.360484 0.259120 -0.187740
v 0.386322 0.260399 -0.187071
v 0.386322 0.260399 -0.187071
v 0.386322 0.260399 -0.187071
v 0.360484 0.260399 -0.187076
v 0.360484 0.260399 -0.187076
v 0.360484 0.260399 -0.187076
v 0.386322 0.261710 -0.186535
v 0.386322 0.261710 -0.186535
v 0.386322 0.261710 -0.186535
v 0.360484 0.261710 -0.186539
v 0.360484 0.261710 -0.186539
v 0.360484 0.261710 -0.186539
v 0.360484 0.261710 -0.186539
v 0.386322 0.263064 -0.186140
v 0.386322 0.263064 -0.186140
v 0.386322 0.263064 -0.186140
v 0.386322 0.263064 -0.186140
v 0.360484 0.263064 -0.186144
v 0.360484 0.263064 -0.186144
v 0.360484 0.263064 -0.186144
v 0.386322 0.264447 -0.185915
v 0.386322 0.264447 -0.185915
v 0.386322 0.264447 -0.185915
v 0.360484 0.264447 -0.185919
v 0.360484 0.264447 -0.185919
v 0.360484 0.264447 -0.185919
v 0.386322 0.265855 -0.185860
v 0.386322 0.265855 -0.185860
v 0.386322 0.265855 -0.185860
v 0.360484 0.265855 -0.185865
v 0.360484 0.265855 -0.185865
v 0.360484 0.265855 -0.185865
v 0.360484 0.265855 -0.185865
v 0.386322 0.267263 -0.185706
v 0.386322 0.267263 -0.185706
v 0.386322 0.267263 -0.185706
v 0.386322 0.267263 -0.185706
v 0.360484 0.267263 -0.185711
v 0.360484 0.267263 -0.185711
v 0.360484 0.267263 -0.185711
v 0.360484 0.267263 -0.185711
v 0.386322 0.268636 -0.185350
v 0.386322 0.268636 -0.185350
v 0.386322 0.268636 -0.185350
v 0.386322 0.268636 -0.185350
v 0.360483 0.268636 -0.185354
v 0.360483 0.268636 -0.185354
v 0.360483 0.268636 -0.185354
v 0.386322 0.269947 -0.184804
v 0.386322 0.269947 -0.184804
v 0.386322 0.269947 -0.184804
v 0.360483 0.269947 -0.184808
v 0.360483 0.269947 -0.184808
v 0.360483 0.269947 -0.184808
v 0.386322 0.271186 -0.184105
v 0.386322 0.271186 -0.184105
v 0.386322 0.271186 -0.184105
v 0.360483 0.271186 -0.184109
v 0.360483 0.271186 -0.184109
v 0.360483 0.271186 -0.184109
v 0.386322 0.272382 -0.183277
v 0.386322 0.272382 -0.183277
v 0.386322 0.272382 -0.183277
v 0.360483 0.272382 -0.183282
v 0.360483 0.272382 -0.183282
v 0.360483 0.272382 -0.183282
v 0.386322 0.273524 -0.182366
v 0.386322 0.273524 -0.182366
v 0.386322 0.273524 -0.182366
v 0.360483 0.273524 -0.182370
v 0.360483 0.273524 -0.182370
v 0.360483 0.273524 -0.182370
v 0.386321 0.274610 -0.181410
v 0.386321 0.274610 -0.181410
v 0.386321 0.274610 -0.181410
v 0.360483 0.274610 -0.181414
v 0.360483 0.274610 -0.181414
v 0.360483 0.274610 -0.181414
v 0.386321 0.275678 -0.180399
v 0.386321 0.275678 -0.180399
v 0.386321 0.275678 -0.180399
v 0.360483 0.275678 -0.180404
v 0.360483 0.275678 -0.180404
v 0.360483 0.275678 -0.180404
v 0.386321 0.276698 -0.179366
v 0.386321 0.276698 -0.179366
v 0.386321 0.276698 -0.179366
v 0.360482 0.276698 -0.179371
v 0.360482 0.276698 -0.179371
v 0.360482 0.276698 -0.179371
v 0.386321 0.277697 -0.178270
v 0.386321 0.277697 -0.178270
v 0.386321 0.277697 -0.178270
v 0.360482 0.277697 -0.178274
v 0.360482 0.277697 -0.178274
v 0.360482 0.277697 -0.178274
v 0.360482 0.277697 -0.178274
v 0.386321 0.278647 -0.177150
v 0.386321 0.278647 -0.177150
v 0.386321 0.278647 -0.177150
v 0.386321 0.278647 -0.177150
v 0.360482 0.278647 -0.177154
v 0.360482 0.278647 -0.177154
v 0.360482 0.278647 -0.177154
v 0.386320 0.279562 -0.176000
v 0.386320 0.279562 -0.176000
v 0.386320 0.279562 -0.176000
v 0.360482 0.279562 -0.176004
v 0.360482 0.279562 -0.176004
v 0.360482 0.279562 -0.176004
v 0.386320 0.280447 -0.174819
v 0.386320 0.280447 -0.174819
v 0.386320 0.280447 -0.174819
v 0.360482 0.280447 -0.174823
v 0.360482 0.280447 -0.174823
v 0.360482 0.280447 -0.174823
v 0.360482 0.280447 -0.174823
v 0.386320 0.281307 -0.173604
v 0.386320 0.281307 -0.173604
v 0.386320 0.281307 -0.173604
v 0.386320 0.281307 -0.173604
v 0.360481 0.281307 -0.173608
v 0.360481 0.281307 -0.173608
v 0.360481 0.281307 -0.173608
v 0.386320 0.282144 -0.172349
v 0.386320 0.282144 -0.172349
v 0.386320 0.282144 -0.172349
v 0.360481 0.282144 -0.172354
v 0.360481 0.282144 -0.172354
v 0.360481 0.282144 -0.172354
v 0.386320 0.282930 -0.171100
v 0.386320 0.282930 -0.171100
v 0.386320 0.282930 -0.171100
v 0.360481 0.282930 -0.171104
v 0.360481 0.282930 -0.171104
v 0.360481 0.282930 -0.171104
v 0.386319 0.283691 -0.169810
v 0.386319 0.283691 -0.169810
v 0.386319 0.283691 -0.169810
v 0.360481 0.283691 -0.169815
v 0.360481 0.283691 -0.169815
v 0.360481 0.283691 -0.169815
v 0.386319 0.284425 -0.168474
v 0.386319 0.284425 -0.168474
v 0.386319 0.284425 -0.168474
v 0.360481 0.284425 -0.168478
v 0.360481 0.284425 -0.168478
v 0.360481 0.284425 -0.168478
v 0.386319 0.285102 -0.167133
v 0.386319 0.285102 -0.167133
v 0.386319 0.285102 -0.167133
v 0.360480 0.285102 -0.167137
v 0.360480 0.285102 -0.167137
v 0.360480 0.285102 -0.167137
v 0.386319 0.285720 -0.165771
v 0.386319 0.285720 -0.165771
v 0.386319 0.285720 -0.165771
v 0.360480 0.285720 -0.165776
v 0.360480 0.285720 -0.165776
v 0.360480 0.285720 -0.165776
v 0.386318 0.286270 -0.164365
v 0.386318 0.286270 -0.164365
v 0.386318 0.286270 -0.164365
v 0.360480 0.286270 -0.164369
v 0.360480 0.286270 -0.164369
v 0.360480 0.286270 -0.164369
v 0.386318 0.286716 -0.162914
v 0.386318 0.286716 -0.162914
v 0.386318 0.286716 -0.162914
v 0.360480 0.286716 -0.162919
v 0.360480 0.286716 -0.162919
v 0.360480 0.286716 -0.162919
v 0.386318 0.286978 -0.161415
v 0.386318 0.286978 -0.161415
v 0.386318 0.286978 -0.161415
v 0.360479 0.286978 -0.161419
v 0.360479 0.286978 -0.161419
v 0.360479 0.286978 -0.161419
v 0.386318 0.287232 -0.159928
v 0.386318 0.287232 -0.159928
v 0.386318 0.287232 -0.159928
v 0.360479 0.287232 -0.159932
v 0.360479 0.287232 -0.159932
v 0.360479 0.287232 -0.159932
v 0.386317 0.287766 -0.158510
v 0.386317 0.287766 -0.158510
v 0.386317 0.287766 -0.158510
v 0.360479 0.287766 -0.158515
v 0.360479 0.287766 -0.158515
v 0.360479 0.287766 -0.158515
v 0.386317 0.288375 -0.157132
v 0.386317 0.288375 -0.157132
v 0.386317 0.288375 -0.157132
v 0.360479 0.288375 -0.157136
v 0.360479 0.288375 -0.157136
v 0.360479 0.288375 -0.157136
v 0.386317 0.289027 -0.155776
v 0.386317 0.289027 -0.155776
v 0.386317 0.289027 -0.155776
v 0.360478 0.289027 -0.155780
v 0.360478 0.289027 -0.155780
v 0.360478 0.289027 -0.155780
v 0.386317 0.289712 -0.154437
v 0.386317 0.289712 -0.154437
v 0.386317 0.289712 -0.154437
v 0.360478 0.289712 -0.154442
v 0.360478 0.289712 -0.154442
v 0.360478 0.289712 -0.154442
v 0.386317 0.290427 -0.153114
v 0.386317 0.290427 -0.153114
v 0.386317 0.290427 -0.153114
v 0.360478 0.290427 -0.153118
v 0.360478 0.290427 -0.153118
v 0.360478 0.290427 -0.153118
v 0.386316 0.291167 -0.151811
v 0.386316 0.291167 -0.151811
v 0.386316 0.291167 -0.151811
v 0.360478 0.291167 -0.151816
v 0.360478 0.291167 -0.151816
v 0.360478 0.291167 -0.151816
v 0.386316 0.291917 -0.150507
v 0.386316 0.291917 -0.150507
v 0.386316 0.291917 -0.150507
v 0.360478 0.291917 -0.150512
v 0.360478 0.291917 -0.150512
v 0.360478 0.291917 -0.150512
v 0.386316 0.292640 -0.149210
v 0.386316 0.292640 -0.149210
v 0.386316 0.292640 -0.149210
v 0.360477 0.292640 -0.149215
v 0.360477 0.292640 -0.149215
v 0.360477 0.292640 -0.149215
v 0.386316 0.293352 -0.147887
v 0.386316 0.293352 -0.147887
v 0.386316 0.293352 -0.147887
v 0.360477 0.293352 -0.147891
v 0.360477 0.293352 -0.147891
v 0.360477 0.293352 -0.147891
v 0.386315 0.294041 -0.146548
v 0.386315 0.294041 -0.146548
v 0.386315 0.294041 -0.146548
v 0.360477 0.294041 -0.146552
v 0.360477 0.294041 -0.146552
v 0.360477 0.294041 -0.146552
v 0.386315 0.294688 -0.145202
v 0.386315 0.294688 -0.145202
v 0.386315 0.294688 -0.145202
v 0.360477 0.294688 -0.145206
v 0.360477 0.294688 -0.145206
v 0.360477 0.294688 -0.145206
v 0.386315 0.295255 -0.143795
v 0.386315 0.295255 -0.143795
v 0.386315 0.295255 -0.143795
v 0.360476 0.295255 -0.143799
v 0.360476 0.295255 -0.143799
v 0.360476 0.295255 -0.143799
v 0.386315 0.294899 -0.142371
v 0.386315 0.294899 -0.142371
v 0.386315 0.294899 -0.142371
v 0.360476 0.294899 -0.142375
v 0.360476 0.294899 -0.142375
v 0.360476 0.294899 -0.142375
v 0.386314 0.293492 -0.139738
v 0.386314 0.293492 -0.139738
v 0.386314 0.293492 -0.139738
v 0.360476 0.293492 -0.139742
v 0.360476 0.293492 -0.139742
v 0.360476 0.293492 -0.139742
v 0.386314 0.292753 -0.138432
v 0.386314 0.292753 -0.138432
v 0.386314 0.292753 -0.138432
v 0.360475 0.292753 -0.138437
v 0.360475 0.292753 -0.138437
v 0.360475 0.292753 -0.138437
v 0.386313 0.290471 -0.134555
v 0.386313 0.290471 -0.134555
v 0.386313 0.290471 -0.134555
v 0.360475 0.290471 -0.134560
v 0.360475 0.290471 -0.134560
v 0.360475 0.290471 -0.134560
vn -0.0001 0.7068 0.7075
vn -0.0001 0.8274 0.5616
vn -0.0001 0.8273 0.5618
vn -0.0001 0.8275 0.5615
vn -0.0001 0.8725 0.4886
vn -0.0001 0.8725 0.4887
vn -0.0001 0.8962 0.4437
vn -0.0001 0.8961 0.4438
vn -0.0001 0.8962 0.4436
vn -0.0001 0.9106 0.4132
vn -0.0001 0.9109 0.4126
vn -0.0001 0.9109 0.4127
vn -0.0001 0.9107 0.4130
vn -0.0001 0.9215 0.3884
vn -0.0001 0.9216 0.3881
vn -0.0001 0.9214 0.3886
vn -0.0001 0.9216 0.3880
vn -0.0001 0.9294 0.3690
vn -0.0001 0.9355 0.3532
vn -0.0001 0.9356 0.3532
vn -0.0001 0.9408 0.3390
vn -0.0001 0.9468 0.3218
vn -0.0000 0.9468 0.3218
vn -0.0001 0.9468 0.3219
vn -0.0001 0.9518 0.3068
vn -0.0001 0.9518 0.3067
vn -0.0001 0.9517 0.3071
vn -0.0001 0.9560 0.2933
vn -0.0000 0.9560 0.2933
vn -0.0000 0.9560 0.2932
vn -0.0000 0.9595 0.2817
vn -0.0000 0.9596 0.2814
vn -0.0000 0.9596 0.2813
vn -0.0000 0.9617 0.2741
vn 0.0001 0.9637 0.2670
vn -0.0000 0.9636 0.2675
vn -0.0000 0.9635 0.2675
vn -0.0000 0.9663 0.2573
vn -0.0000 0.9625 0.2712
vn -0.0000 0.9624 0.2717
vn -0.0000 0.9573 0.2889
vn -0.0001 0.9573 0.2890
vn -0.0001 0.9520 0.3060
vn -0.0001 0.9521 0.3057
vn -0.0000 0.9521 0.3058
vn -0.0000 0.9478 0.3189
vn -0.0001 0.9426 0.3338
vn -0.0002 0.9428 0.3333
vn -0.0001 0.9386 0.3451
vn -0.0001 0.9385 0.3451
vn -0.0001 0.9384 0.3455
vn -0.0001 0.9332 0.3595
vn -0.0001 0.9331 0.3597
vn -0.0001 0.9332 0.3594
vn -0.0001 0.9258 0.3780
vn -0.0001 0.9260 0.3776
vn -0.0001 0.9258 0.3779
vn -0.0001 0.9147 0.4041
vn -0.0001 0.9148 0.4038
vn -0.0001 0.8938 0.4485
vn -0.0001 0.8938 0.4486
vn -0.0001 0.8935 0.4490
vn -0.0001 0.8972 0.4416
vn -0.0001 0.8971 0.4419
vn -0.0001 0.9180 0.3966
vn -0.0001 0.9181 0.3964
vn -0.0001 0.9375 0.3481
vn -0.0001 0.9376 0.3478
vn -0.0000 0.9544 0.2984
vn -0.0001 0.9546 0.2979
vn -0.0001 0.9545 0.2982
vn -0.0001 0.9545 0.2983
vn -0.0000 0.9691 0.2467
vn -0.0000 0.9691 0.2466
vn -0.0000 0.9692 0.2463
vn -0.0000 0.9812 0.1929
vn -0.0000 0.9812 0.1930
vn -0.0000 0.9904 0.1380
vn -0.0000 0.9904 0.1383
vn -0.0000 0.9966 0.0826
vn -0.0000 0.9966 0.0825
vn -0.0000 0.9996 0.0266
vn -0.0000 0.9995 0.0318
vn -0.0000 0.9995 0.0313
vn -0.0000 0.9960 0.0894
vn -0.0000 0.9960 0.0895
vn -0.0000 0.9898 0.1425
vn -0.0000 0.9898 0.1426
vn -0.0000 0.9819 0.1895
vn -0.0000 0.9819 0.1894
vn -0.0000 0.9730 0.2306
vn -0.0000 0.9731 0.2303
vn -0.0000 0.9640 0.2660
vn -0.0000 0.9640 0.2659
vn -0.0000 0.9553 0.2956
vn -0.0001 0.9438 0.3307
vn -0.0002 0.9436 0.3311
vn -0.0001 0.9330 0.3598
vn -0.0001 0.9330 0.3600
vn -0.0001 0.9329 0.3600
vn -0.0001 0.9271 0.3749
vn -0.0001 0.9269 0.3752
vn -0.0001 0.9213 0.3889
vn -0.0001 0.9122 0.4097
vn -0.0001 0.9046 0.4263
vn -0.0001 0.9045 0.4264
vn -0.0001 0.9047 0.4261
vn -0.0001 0.8997 0.4365
vn -0.0001 0.8958 0.4445
vn -0.0001 0.8958 0.4446
vn -0.0001 0.8915 0.4531
vn -0.0002 0.8931 0.4498
vn -0.0001 0.8929 0.4503
vn -0.0001 0.8930 0.4502
vn -0.0001 0.8929 0.4502
vn -0.0001 0.9059 0.4235
vn -0.0001 0.9059 0.4236
vn -0.0001 0.9186 0.3951
vn -0.0001 0.9185 0.3954
vn -0.0001 0.9310 0.3650
vn -0.0001 0.9311 0.3647
vn -0.0001 0.9310 0.3649
vn -0.0002 0.9433 0.3318
vn -0.0001 0.9432 0.3321
vn -0.0001 0.9432 0.3323
vn -0.0001 0.9433 0.3320
vn -0.0001 0.9553 0.2956
vn -0.0001 0.9553 0.2955
vn -0.0000 0.9677 0.2522
vn -0.0000 0.9677 0.2520
vn -0.0000 0.9798 0.2002
vn -0.0000 0.9797 0.2005
vn -0.0000 0.9798 0.2001
vn -0.0000 0.9909 0.1343
vn -0.0000 0.9991 0.0428
vn -0.0000 0.9991 0.0433
vn -0.0000 0.9950 -0.1003
vn -0.0000 0.9949 -0.1007
vn 0.0001 0.9316 -0.3634
vn 0.0001 0.7680 -0.6404
vn -0.0000 0.9521 -0.3057
vn -0.0000 0.9756 -0.2194
vn -0.0000 0.9836 -0.1802
vn -0.0000 0.9883 -0.1528
vn -0.0000 0.9882 -0.1530
vn -0.0000 0.9882 -0.1533
vn -0.0000 0.9912 -0.1324
vn -0.0000 0.9912 -0.1322
vn -0.0000 0.9935 -0.1136
vn -0.0000 0.9959 -0.0900
vn -0.0000 0.9954 -0.0959
vn -0.0000 0.9948 -0.1016
vn -0.0000 0.9941 -0.1088
vn -0.0000 0.9941 -0.1087
vn -0.0000 0.9919 -0.1273
vn -0.0000 0.9919 -0.1272
vn -0.0000 0.9919 -0.1268
vn -0.0000 0.9880 -0.1545
vn -0.0000 0.9880 -0.1546
vn -0.0000 0.9832 -0.1824
vn -0.0000 0.9832 -0.1827
vn -0.0000 0.9832 -0.1828
vn -0.0000 0.9832 -0.1823
vn -0.0000 0.9751 -0.2218
vn -0.0000 0.9752 -0.2214
vn -0.0000 0.9751 -0.2219
vn -0.0000 0.9624 -0.2717
vn -0.0000 0.9625 -0.2714
vn 0.0001 0.9430 -0.3329
vn 0.0003 0.9428 -0.3333
vn 0.0001 0.9158 -0.4016
vn 0.0001 0.9160 -0.4013
vn 0.0001 0.9159 -0.4015
vn 0.0001 0.9159 -0.4014
vn 0.0001 0.8834 -0.4687
vn 0.0001 0.8832 -0.4691
vn 0.0001 0.8506 -0.5258
vn 0.0001 0.8508 -0.5255
vn 0.0001 0.8243 -0.5661
vn 0.0001 0.8057 -0.5923
vn 0.0001 0.7878 -0.6160
vn 0.0001 0.7863 -0.6179
vn 0.0001 0.7860 -0.6182
vn 0.0001 0.7863 -0.6178
vn 0.0001 0.7866 -0.6175
vn -0.0000 0.9902 -0.1398
vn -0.0000 0.9902 -0.1399
vn -0.0002 0.9902 -0.1395
vn -0.0001 0.8048 0.5936
vn -0.0001 0.8048 0.5935
vn -0.0001 0.8120 0.5836
vn -0.0001 0.8121 0.5836
vn -0.0001 0.8119 0.5838
vn -0.0001 0.8355 0.5495
vn -0.0001 0.8354 0.5497
vn -0.0001 0.8555 0.5177
vn -0.0001 0.8556 0.5176
vn -0.0001 0.8556 0.5177
vn -0.0001 0.8730 0.4877
vn -0.0001 0.8875 0.4608
vn -0.0001 0.8878 0.4602
vn -0.0001 0.8877 0.4605
vn -0.0001 0.8996 0.4367
vn -0.0001 0.8997 0.4366
vn -0.0001 0.8996 0.4368
vn -0.0001 0.9103 0.4138
vn -0.0002 0.9105 0.4134
vn -0.0001 0.9198 0.3924
vn -0.0001 0.9319 0.3627
vn -0.0001 0.9418 0.3361
vn -0.0001 0.9417 0.3363
vn -0.0001 0.9419 0.3359
vn -0.0001 0.9502 0.3116
vn -0.0001 0.9574 0.2886
vn -0.0000 0.9575 0.2885
vn -0.0000 0.9616 0.2746
vn -0.0000 0.9617 0.2742
vn -0.0000 0.9656 0.2601
vn -0.0000 0.9656 0.2600
vn -0.0001 0.9655 0.2602
vn -0.0001 0.9655 0.2603
vn -0.0000 0.9707 0.2404
vn -0.0000 0.9753 0.2210
vn -0.0000 0.9752 0.2215
vn -0.0000 0.9804 0.1972
vn -0.0000 0.9848 0.1738
vn -0.0000 0.9848 0.1737
vn -0.0000 0.9847 0.1741
vn -0.0000 0.9876 0.1571
vn -0.0000 0.9876 0.1572
vn -0.0000 0.9901 0.1404
vn -0.0000 0.9916 0.1297
vn -0.0000 0.9929 0.1189
vn -0.0000 0.9929 0.1188
vn -0.0000 0.9946 0.1040
vn -0.0000 0.9944 0.1058
vn -0.0000 0.9944 0.1057
vn -0.0000 0.9928 0.1198
vn -0.0000 0.9928 0.1197
vn -0.0000 0.9910 0.1336
vn -0.0000 0.9911 0.1333
vn -0.0000 0.9911 0.1334
vn -0.0000 0.9891 0.1471
vn -0.0000 0.9891 0.1474
vn -0.0000 0.9868 0.1620
vn -0.0000 0.9868 0.1621
vn -0.0000 0.9837 0.1801
vn -0.0000 0.9837 0.1800
vn -0.0000 0.9793 0.2022
vn -0.0000 0.9792 0.2027
vn 0.0001 0.9792 0.2028
vn -0.0000 0.9793 0.2024
vn -0.0000 0.9745 0.2244
vn -0.0000 0.9744 0.2247
vn -0.0000 0.9745 0.2246
vn -0.0000 0.9660 0.2586
vn -0.0000 0.9661 0.2581
vn -0.0001 0.9445 0.3286
vn -0.0001 0.9443 0.3290
vn -0.0001 0.9444 0.3288
vn -0.0001 0.9226 0.3857
vn -0.0001 0.9228 0.3852
vn -0.0001 0.9227 0.3854
vn -0.0001 0.9355 0.3533
vn -0.0001 0.9444 0.3287
vn -0.0001 0.9490 0.3153
vn -0.0001 0.9490 0.3152
vn -0.0001 0.9489 0.3157
vn -0.0001 0.9542 0.2990
vn -0.0001 0.9542 0.2991
vn -0.0001 0.9559 0.2936
vn -0.0000 0.9559 0.2935
vn -0.0000 0.9531 0.3027
vn -0.0000 0.9510 0.3093
vn -0.0001 0.9511 0.3090
vn -0.0000 0.9490 0.3153
vn -0.0001 0.9490 0.3154
vn -0.0001 0.9448 0.3277
vn -0.0001 0.9402 0.3407
vn -0.0001 0.9357 0.3527
vn -0.0001 0.9357 0.3528
vn -0.0001 0.9301 0.3674
vn -0.0001 0.9210 0.3895
vn -0.0001 0.9210 0.3896
vn -0.0001 0.9036 0.4285
vn -0.0001 0.9035 0.4286
vn -0.0001 0.9037 0.4282
vn -0.0001 0.8735 0.4868
vn -0.0001 0.8628 0.5055
vn -0.0001 0.8626 0.5059
vn -0.0001 0.6331 0.7741
vn -0.0001 0.6326 0.7745
vn -0.0000 -0.9991 0.0418
vn -0.0000 -0.9991 0.0421
vn -0.0000 -0.9989 0.0463
vn -0.0000 -0.9984 0.0570
vn -0.0000 -0.9976 0.0690
vn -0.0000 -0.9976 0.0691
vn -0.0000 -0.9964 0.0849
vn -0.0000 -0.9948 0.1017
vn -0.0000 -0.9932 0.1166
vn -0.0000 -0.9912 0.1325
vn -0.0000 -0.9911 0.1330
vn -0.0000 -0.9911 0.1329
vn -0.0000 -0.9912 0.1326
vn -0.0000 -0.9901 0.1406
vn -0.0000 -0.9900 0.1409
vn -0.0000 -0.9888 0.1496
vn -0.0000 -0.9887 0.1499
vn -0.0000 -0.9887 0.1500
vn -0.0000 -0.9888 0.1495
vn -0.0000 -0.9873 0.1589
vn -0.0000 -0.9873 0.1591
vn -0.0000 -0.9839 0.1786
vn -0.0000 -0.9797 0.2002
vn -0.0000 -0.9798 0.1999
vn -0.0000 -0.9798 0.2001
vn -0.0000 -0.9760 0.2176
vn -0.0000 -0.9717 0.2363
vn -0.0000 -0.9716 0.2365
vn -0.0000 -0.9683 0.2498
vn -0.0001 -0.9645 0.2639
vn -0.0000 -0.9645 0.2640
vn -0.0000 -0.9577 0.2879
vn -0.0000 -0.9578 0.2874
vn -0.0000 -0.9498 0.3128
vn -0.0001 -0.9400 0.3411
vn -0.0002 -0.9401 0.3408
vn -0.0001 -0.9401 0.3410
vn -0.0001 -0.9283 0.3718
vn -0.0001 -0.9284 0.3715
vn -0.0001 -0.9283 0.3717
vn -0.0001 -0.9188 0.3946
vn -0.0001 -0.9079 0.4193
vn -0.0001 -0.8944 0.4472
vn -0.0001 -0.8946 0.4469
vn -0.0001 -0.8794 0.4761
vn -0.0001 -0.8796 0.4757
vn -0.0001 -0.8797 0.4754
vn -0.0001 -0.8798 0.4754
vn -0.0001 -0.8619 0.5070
vn -0.0001 -0.8618 0.5073
vn -0.0001 -0.8409 0.5412
vn -0.0001 -0.8408 0.5413
vn -0.0001 -0.8168 0.5769
vn -0.0001 -0.8168 0.5770
vn -0.0001 -0.8170 0.5766
vn -0.0001 -0.7874 0.6165
vn -0.0001 -0.7522 0.6589
vn -0.0001 -0.7133 0.7009
vn -0.0001 -0.6681 0.7440
vn -0.0001 -0.6681 0.7441
vn -0.0001 -0.5606 0.8281
vn -0.0002 -0.5606 0.8281
vn -0.0002 -0.5607 0.8281
vn -0.0002 -0.3601 0.9329
vn -0.0002 -0.1433 0.9897
vn -0.0002 -0.1436 0.9896
vn -0.0002 -0.0028 1.0000
vn -0.0002 -0.0021 1.0000
vn -0.0002 0.0901 0.9959
vn -0.0002 0.0902 0.9959
vn -0.0002 0.1279 0.9918
vn -0.0002 0.1273 0.9919
vn -0.0003 0.1276 0.9918
vn -0.0002 0.0927 0.9957
vn -0.0002 0.0218 0.9998
vn -0.0002 0.0214 0.9998
vn -0.0002 -0.1362 0.9907
vn -0.0002 -0.1359 0.9907
vn -0.0002 -0.3932 0.9195
vn -0.0002 -0.6096 0.7927
vn -0.0001 -0.6092 0.7930
vn -0.0001 -0.6096 0.7927
vn -0.0001 -0.7119 0.7023
vn -0.0001 -0.7122 0.7020
vn -0.0001 -0.7509 0.6605
vn -0.0001 -0.7506 0.6608
vn -0.0001 -0.7640 0.6452
vn -0.0001 -0.7543 0.6565
vn -0.0001 -0.7381 0.6747
vn -0.0001 -0.7384 0.6744
vn -0.0001 -0.7153 0.6988
vn -0.0001 -0.7150 0.6991
vn -0.0001 -0.6824 0.7309
vn -0.0001 -0.6828 0.7306
vn -0.0001 -0.6368 0.7710
vn -0.0001 -0.6371 0.7708
vn -0.0001 -0.6367 0.7711
vn -0.0001 -0.5769 0.8168
vn -0.0001 -0.5063 0.8624
vn -0.0001 -0.5064 0.8623
vn -0.0002 -0.5068 0.8621
vn -0.0002 -0.4281 0.9037
vn -0.0001 -0.4280 0.9038
vn -0.0001 -0.3495 0.9369
vn -0.0001 -0.2799 0.9600
vn -0.0002 -0.2207 0.9753
vn -0.0002 -0.2202 0.9755
vn -0.0002 -0.2205 0.9754
vn -0.0002 -0.2209 0.9753
vn -0.0002 -0.1717 0.9851
vn -0.0002 -0.1718 0.9851
vn -0.0002 -0.1714 0.9852
vn -0.0002 -0.1328 0.9911
vn -0.0002 -0.1335 0.9911
vn -0.0002 -0.1335 0.9910
vn -0.0002 -0.1028 0.9947
vn -0.0002 -0.0697 0.9976
vn -0.0002 -0.0694 0.9976
vn -0.0002 -0.0693 0.9976
vn -0.0002 -0.0453 0.9990
vn -0.0002 -0.0339 0.9994
vn -0.0002 -0.0249 0.9997
vn -0.0002 -0.0248 0.9997
vn -0.0002 -0.0255 0.9997
vn -0.0002 -0.0057 1.0000
vn -0.0002 -0.0056 1.0000
vn -0.0002 0.0070 1.0000
vn -0.0002 0.0063 1.0000
vn -0.0002 0.0066 1.0000
vn -0.0002 0.0129 0.9999
vn -0.0002 0.0133 0.9999
vn -0.0002 0.0216 0.9998
vn -0.0002 0.0213 0.9998
vn -0.0002 0.0334 0.9994
vn -0.0002 0.0486 0.9988
vn -0.0002 0.0485 0.9988
vn -0.0002 0.0492 0.9988
vn -0.0002 0.0489 0.9988
vn -0.0002 0.0624 0.9980
vn -0.0002 0.0625 0.9980
vn -0.0002 0.0623 0.9981
vn -0.0002 0.0622 0.9981
vn -0.0002 0.0786 0.9969
vn -0.0002 0.0789 0.9969
vn -0.0002 0.0787 0.9969
vn -0.0002 0.0982 0.9952
vn -0.0002 0.0981 0.9952
vn -0.0002 0.1210 0.9926
vn -0.0002 0.1211 0.9926
vn -0.0002 0.1474 0.9891
vn -0.0002 0.1477 0.9890
vn -0.0002 0.1916 0.9815
vn -0.0002 0.1913 0.9815
vn -0.0002 0.2371 0.9715
vn -0.0002 0.2370 0.9715
vn -0.0002 0.2369 0.9715
vn -0.0002 0.2372 0.9715
vn -0.0002 0.2657 0.9641
vn -0.0001 0.2654 0.9642
vn -0.0001 0.2653 0.9642
vn -0.0001 0.2905 0.9569
vn -0.0001 0.3110 0.9504
vn -0.0002 0.3108 0.9505
vn -0.0002 0.3107 0.9505
vn -0.0002 0.3233 0.9463
vn -0.0002 0.3135 0.9496
vn -0.0002 0.3134 0.9496
vn -0.0002 0.3133 0.9497
vn -0.0001 0.3138 0.9495
vn -0.0001 0.3087 0.9512
vn -0.0002 0.3081 0.9514
vn -0.0002 0.3084 0.9513
vn -0.0002 0.3028 0.9531
vn -0.0002 0.3029 0.9530
vn -0.0002 0.2872 0.9579
vn -0.0001 0.2872 0.9579
vn -0.0002 0.2871 0.9579
vn -0.0002 0.2684 0.9633
vn -0.0002 0.2596 0.9657
vn -0.0001 0.2599 0.9656
vn -0.0002 0.2504 0.9681
vn -0.0002 0.2501 0.9682
vn -0.0002 0.2337 0.9723
vn -0.0002 0.2152 0.9766
vn -0.0002 0.2151 0.9766
vn -0.0002 0.2015 0.9795
vn -0.0002 0.2019 0.9794
vn -0.0002 0.2012 0.9795
vn -0.0002 0.2012 0.9796
vn -0.0002 0.1859 0.9826
vn -0.0002 0.1687 0.9857
vn -0.0002 0.1686 0.9857
vn -0.0002 0.1693 0.9856
vn -0.0002 0.1690 0.9856
vn -0.0002 0.1397 0.9902
vn -0.0002 0.1063 0.9943
vn -0.0002 0.0809 0.9967
vn -0.0002 0.0808 0.9967
vn -0.0002 0.0516 0.9987
vn -0.0002 0.0196 0.9998
vn -0.0002 -0.0162 0.9999
vn -0.0002 -0.0539 0.9985
vn -0.0002 -0.0950 0.9955
vn -0.0002 -0.1424 0.9898
vn -0.0002 -0.1427 0.9898
vn -0.0002 -0.1923 0.9813
vn -0.0002 -0.1922 0.9813
vn -0.0002 -0.1929 0.9812
vn -0.0002 -0.1924 0.9813
vn -0.0002 -0.2444 0.9697
vn -0.0002 -0.2442 0.9697
vn -0.0002 -0.2445 0.9697
vn -0.0001 -0.2441 0.9697
vn -0.0001 -0.2987 0.9543
vn -0.0001 -0.3538 0.9353
vn -0.0002 -0.3540 0.9352
vn -0.0002 -0.3539 0.9353
vn -0.0002 -0.4103 0.9119
vn -0.0001 -0.4098 0.9122
vn -0.0002 -0.4104 0.9119
vn -0.0002 -0.4642 0.8857
vn -0.0002 -0.4643 0.8857
vn -0.0002 -0.4644 0.8856
vn -0.0002 -0.5153 0.8570
vn -0.0001 -0.5148 0.8573
vn -0.0001 -0.5208 0.8537
vn -0.0002 -0.5210 0.8536
vn -0.0002 -0.5210 0.8535
vn -0.0002 -0.5000 0.8661
vn -0.0001 -0.5000 0.8660
vn -0.0001 -0.4821 0.8761
vn -0.0000 -0.4817 0.8763
vn -0.0001 -0.4817 0.8763
vn -0.0001 -0.4652 0.8852
vn -0.0001 -0.4551 0.8905
vn -0.0001 -0.4550 0.8905
vn -0.0002 -0.4556 0.8902
vn -0.0002 -0.4457 0.8952
vn -0.0002 -0.4461 0.8950
vn -0.0001 -0.4456 0.8952
vn -0.0002 -0.4462 0.8950
vn -0.0001 -0.4286 0.9035
vn -0.0001 -0.4120 0.9112
vn -0.0001 -0.3971 0.9178
vn -0.0003 -0.3829 0.9238
vn -0.0001 -0.3826 0.9239
vn -0.0001 -0.3758 0.9267
vn -0.0001 -0.3687 0.9295
vn -0.0001 -0.3518 0.9361
vn -0.0002 -0.3519 0.9360
vn -0.0002 -0.3352 0.9422
vn -0.0001 -0.3346 0.9424
vn -0.0002 -0.3350 0.9422
vn -0.0003 -0.3246 0.9458
vn -0.0001 -0.3250 0.9457
vn -0.0001 -0.3145 0.9492
vn -0.0002 -0.3006 0.9537
vn -0.0001 -0.3006 0.9538
vn -0.0002 -0.3008 0.9537
vn -0.0002 -0.2861 0.9582
vn -0.0002 -0.2862 0.9582
vn -0.0001 -0.2860 0.9582
vn -0.0001 -0.2704 0.9628
vn -0.0001 -0.2499 0.9683
vn -0.0002 -0.2293 0.9733
vn -0.0002 -0.2058 0.9786
vn -0.0002 -0.2065 0.9784
vn -0.0002 -0.2060 0.9785
vn -0.0002 -0.1806 0.9836
vn -0.0002 -0.1555 0.9878
vn -0.0002 -0.1554 0.9879
vn -0.0002 -0.1553 0.9879
vn -0.0002 -0.1556 0.9878
vn -0.0002 -0.1252 0.9921
vn -0.0002 -0.0987 0.9951
vn -0.0002 -0.0992 0.9951
vn -0.0002 -0.0994 0.9950
vn -0.0002 -0.0887 0.9961
vn -0.0002 -0.0881 0.9961
vn -0.0002 -0.0880 0.9961
vn -0.0002 -0.0786 0.9969
vn -0.0002 -0.0792 0.9969
vn -0.0002 -0.0674 0.9977
vn -0.0002 -0.0671 0.9977
vn -0.0002 -0.0578 0.9983
vn -0.0002 -0.0577 0.9983
vn -0.0002 -0.0481 0.9988
vn -0.0002 -0.0483 0.9988
vn -0.0002 -0.0480 0.9988
vn -0.0002 -0.0410 0.9992
vn -0.0002 -0.0409 0.9992
vn -0.0002 -0.0348 0.9994
vn -0.0002 -0.0304 0.9995
vn -0.0002 -0.0353 0.9994
vn -0.0002 -0.0431 0.9991
vn -0.0002 -0.0485 0.9988
vn -0.0002 -0.0488 0.9988
vn -0.0002 -0.0489 0.9988
vn -0.0002 -0.0555 0.9985
vn -0.0002 -0.0556 0.9985
vn -0.0002 -0.0552 0.9985
vn -0.0002 -0.0553 0.9985
vn -0.0002 -0.0678 0.9977
vn -0.0002 -0.0846 0.9964
vn -0.0002 -0.1034 0.9946
vn -0.0002 -0.1292 0.9916
vn -0.0002 -0.1293 0.9916
vn -0.0002 -0.1533 0.9882
vn -0.0002 -0.1527 0.9883
vn -0.0002 -0.1532 0.9882
vn -0.0002 -0.1853 0.9827
vn -0.0002 -0.2295 0.9733
vn -0.0003 -0.2292 0.9734
vn -0.0002 -0.2922 0.9564
vn -0.0002 -0.2925 0.9563
vn -0.0002 -0.2928 0.9562
vn -0.0002 -0.3849 0.9230
vn -0.0002 -0.3855 0.9227
vn -0.0002 -0.3967 0.9179
vn -0.0002 -0.3293 0.9442
vn -0.0002 -0.3291 0.9443
vn -0.0001 -0.2842 0.9588
vn -0.0002 -0.2388 0.9711
vn -0.0003 -0.2393 0.9709
vn -0.0002 -0.2391 0.9710
vn -0.0002 -0.2050 0.9788
vn -0.0002 -0.1791 0.9838
vn -0.0002 -0.1792 0.9838
vn -0.0002 -0.1788 0.9839
vn -0.0002 -0.1568 0.9876
vn -0.0002 -0.1437 0.9896
vn -0.0002 -0.1439 0.9896
vn -0.0002 -0.1317 0.9913
vn -0.0002 -0.1319 0.9913
vn -0.0002 -0.1151 0.9934
vn -0.0002 -0.0993 0.9951
vn -0.0002 -0.0891 0.9960
vn -0.0002 -0.0886 0.9961
vn -0.0002 -0.0782 0.9969
vn -0.0002 -0.0630 0.9980
vn -0.0002 -0.0628 0.9980
vn -0.0002 -0.0631 0.9980
vn -0.0002 -0.0468 0.9989
vn -0.0002 -0.0350 0.9994
vn -0.0002 -0.0233 0.9997
vn -0.0002 -0.0232 0.9997
vn -0.0002 -0.0236 0.9997
vn -0.0002 -0.0032 1.0000
vn -0.0002 -0.0029 1.0000
vn -0.0002 0.0374 0.9993
vn -0.0002 0.0586 0.9983
vn -0.0002 0.0585 0.9983
vn -0.0002 0.0838 0.9965
vn -0.0002 0.0835 0.9965
vn -0.0002 0.0831 0.9965
vn -0.0002 0.1151 0.9934
vn -0.0002 0.1155 0.9933
vn -0.0002 0.1565 0.9877
vn -0.0002 0.2138 0.9769
vn -0.0002 0.2616 0.9652
vn -0.0001 0.2616 0.9652
vn -0.0002 0.2614 0.9652
vn -0.0002 0.2615 0.9652
vn -0.0002 0.2913 0.9566
vn -0.0002 0.2914 0.9566
vn -0.0002 0.2916 0.9565
vn -0.0001 0.3129 0.9498
vn -0.0001 0.3370 0.9415
vn -0.0001 0.3566 0.9342
vn -0.0001 0.3567 0.9342
vn -0.0002 0.3561 0.9345
vn -0.0002 0.3567 0.9342
vn -0.0002 0.3673 0.9301
vn -0.0002 0.3672 0.9301
vn -0.0001 0.3678 0.9299
vn -0.0001 0.3781 0.9258
vn -0.0001 0.3933 0.9194
vn -0.0002 0.3930 0.9195
vn -0.0002 0.4083 0.9128
vn -0.0002 0.4084 0.9128
vn -0.0002 0.4187 0.9081
vn -0.0003 0.4192 0.9079
vn -0.0002 0.4189 0.9080
vn -0.0001 0.4303 0.9027
vn -0.0002 0.4303 0.9027
vn -0.0002 0.4297 0.9030
vn -0.0002 0.4485 0.8938
vn -0.0002 0.4400 0.8980
vn -0.0002 0.4228 0.9062
vn -0.0002 0.4016 0.9158
vn -0.0002 0.4011 0.9160
vn -0.0002 0.3832 0.9237
vn -0.0002 0.3827 0.9239
vn -0.0001 0.3833 0.9236
vn -0.0004 0.3829 0.9238
vn -0.0001 0.3611 0.9325
vn -0.0002 0.3608 0.9327
vn -0.0002 0.3605 0.9328
vn -0.0002 0.3330 0.9429
vn -0.0002 0.3332 0.9429
vn -0.0002 0.2983 0.9545
vn -0.0002 0.2984 0.9544
vn -0.0002 0.2985 0.9544
vn -0.0002 0.2528 0.9675
vn -0.0002 0.2531 0.9674
vn -0.0002 0.1920 0.9814
vn -0.0002 0.1083 0.9941
vn -0.0002 -0.0087 1.0000
vn -0.0002 -0.0092 1.0000
vn -0.0002 -0.0094 1.0000
vn -0.0002 -0.1750 0.9846
vn -0.0002 -0.1744 0.9847
vn -0.0001 -0.3939 0.9191
vn -0.0002 -0.3934 0.9194
vn -0.0001 -0.6248 0.7808
vn -0.0001 -0.6247 0.7809
vn -0.0002 -0.6247 0.7809
vn -0.0001 -0.7708 0.6371
vn -0.0001 -0.7710 0.6368
vn -0.0001 -0.7289 0.6846
vn -0.0001 -0.6603 0.7510
vn -0.0002 -0.5897 0.8076
vn -0.0002 -0.5206 0.8538
vn -0.0002 -0.4601 0.8879
vn -0.0002 -0.4598 0.8880
vn -0.0002 -0.4067 0.9136
vn -0.0002 -0.3609 0.9326
vn -0.0002 -0.3610 0.9326
vn -0.0001 -0.3604 0.9328
vn -0.0002 -0.3607 0.9327
vn -0.0001 -0.3225 0.9466
vn -0.0001 -0.2904 0.9569
vn -0.0002 -0.2620 0.9651
vn -0.0001 -0.2620 0.9651
vn -0.0002 -0.2621 0.9651
vn -0.0002 -0.2626 0.9649
vn -0.0002 -0.2190 0.9757
vn -0.0002 -0.2189 0.9757
vn -0.0002 -0.2018 0.9794
vn -0.0002 -0.2017 0.9794
vn -0.0002 -0.1811 0.9835
vn -0.0002 -0.1641 0.9865
vn -0.0002 -0.1641 0.9864
vn -0.0002 -0.1426 0.9898
vn -0.0002 -0.1261 0.9920
vn -0.0002 -0.1262 0.9920
vn -0.0002 -0.1264 0.9920
vn -0.0002 -0.1150 0.9934
vn -0.0002 -0.1149 0.9934
vn -0.0002 -0.1302 0.9915
vn -0.0002 -0.1303 0.9915
vn -0.0002 -0.1304 0.9915
vn -0.0002 -0.1432 0.9897
vn -0.0002 -0.1550 0.9879
vn -0.0002 -0.1548 0.9879
vn -0.0002 -0.1660 0.9861
vn -0.0002 -0.1657 0.9862
vn -0.0002 -0.1751 0.9846
vn -0.0002 -0.1839 0.9829
vn -0.0002 -0.1844 0.9829
vn -0.0002 -0.1846 0.9828
vn -0.0002 -0.1899 0.9818
vn -0.0002 -0.1893 0.9819
vn -0.0002 -0.1892 0.9819
vn -0.0002 -0.1895 0.9819
vn -0.0002 -0.1950 0.9808
vn -0.0002 -0.1947 0.9809
vn -0.0002 -0.1953 0.9807
vn -0.0002 -0.2078 0.9782
vn -0.0002 -0.2238 0.9746
vn -0.0002 -0.2337 0.9723
vn -0.0002 -0.2467 0.9691
vn -0.0002 -0.2461 0.9692
vn -0.0002 -0.2465 0.9691
vn -0.0001 -0.2709 0.9626
vn -0.0002 -0.2630 0.9648
vn -0.0001 -0.2625 0.9649
vn -0.0002 -0.2631 0.9648
vn -0.0002 -0.2536 0.9673
vn -0.0002 -0.2447 0.9696
vn -0.0002 -0.2301 0.9732
vn -0.0002 -0.2300 0.9732
vn -0.0002 -0.2193 0.9757
vn -0.0002 -0.2192 0.9757
vn -0.0002 -0.2199 0.9755
vn -0.0002 -0.2196 0.9756
vn -0.0002 -0.2157 0.9765
vn -0.0002 -0.2129 0.9771
vn -0.0002 -0.2122 0.9772
vn -0.0002 -0.2097 0.9778
vn -0.0002 -0.2076 0.9782
vn -0.0002 -0.2080 0.9781
vn -0.0002 -0.2066 0.9784
vn -0.0002 -0.2065 0.9785
vn -0.0002 -0.2053 0.9787
vn -0.0002 -0.2060 0.9786
vn -0.0002 -0.2049 0.9788
vn -0.0002 -0.2095 0.9778
vn -0.0002 -0.2243 0.9745
vn -0.0002 -0.2374 0.9714
vn -0.0002 -0.2375 0.9714
vn -0.0002 -0.2380 0.9713
vn -0.0002 -0.2534 0.9674
vn -0.0002 -0.2532 0.9674
vn -0.0003 -0.2536 0.9673
vn -0.0001 -0.2684 0.9633
vn -0.0002 -0.2687 0.9632
vn -0.0002 -0.2767 0.9610
vn -0.0002 -0.2761 0.9611
vn -0.0001 -0.2760 0.9611
vn -0.0001 -0.2847 0.9586
vn -0.0002 -0.2842 0.9588
vn -0.0002 -0.2931 0.9561
vn -0.0002 -0.2932 0.9560
vn -0.0002 -0.3030 0.9530
vn -0.0002 -0.3037 0.9528
vn -0.0001 -0.3031 0.9530
vn -0.0002 -0.3144 0.9493
vn -0.0002 -0.3145 0.9493
vn -0.0002 -0.3142 0.9494
vn -0.0002 -0.3365 0.9417
vn -0.0001 -0.3362 0.9418
vn -0.0002 -0.3689 0.9295
vn -0.0001 -0.3685 0.9296
vn -0.0002 -0.3691 0.9294
vn -0.0002 -0.4020 0.9156
vn -0.0002 -0.3914 0.9202
vn -0.0002 -0.3915 0.9202
vn -0.0002 -0.3913 0.9203
vn -0.0001 -0.3565 0.9343
vn -0.0001 -0.3298 0.9441
vn -0.0001 -0.3182 0.9480
vn -0.0001 -0.3181 0.9480
vn -0.0002 -0.3184 0.9479
vn -0.0002 -0.3183 0.9480
vn -0.0002 -0.3068 0.9518
vn -0.0002 -0.2882 0.9576
vn -0.0002 -0.2669 0.9637
vn -0.0002 -0.2313 0.9729
vn -0.0002 -0.2319 0.9727
vn -0.0002 -0.2436 0.9699
vn -0.0001 -0.2436 0.9699
vn -0.0002 -0.2438 0.9698
vn -0.0002 -0.2583 0.9661
vn -0.0002 -0.2584 0.9660
vn -0.0002 -0.2581 0.9661
vn -0.0001 -0.2577 0.9662
vn -0.0001 -0.2766 0.9610
vn -0.0001 -0.3019 0.9533
vn -0.0002 -0.3014 0.9535
vn -0.0002 -0.3016 0.9534
vn -0.0001 -0.3380 0.9412
vn -0.0001 -0.4022 0.9155
vn -0.0003 -0.4028 0.9153
vn -0.0001 -0.4023 0.9155
vn -0.0002 -0.4028 0.9153
vn -0.0001 -0.5841 0.8117
vn -0.0001 -0.5837 0.8120
vn 0.0001 -0.8108 -0.5853
vn 0.0001 -0.8106 -0.5857
vn 0.0002 -0.1984 -0.9801
vn 0.0002 -0.0892 -0.9960
vn 0.0002 -0.0895 -0.9960
vn 0.0002 -0.0212 -0.9998
vn 0.0002 0.0194 -0.9998
vn 0.0002 0.0455 -0.9990
vn 0.0002 0.0660 -0.9978
vn 0.0002 0.0772 -0.9970
vn 0.0002 0.0872 -0.9962
vn 0.0002 0.1038 -0.9946
vn 0.0002 0.1190 -0.9929
vn 0.0002 0.1184 -0.9930
vn 0.0002 0.1183 -0.9930
vn 0.0002 0.1318 -0.9913
vn 0.0002 0.1319 -0.9913
vn 0.0002 0.1209 -0.9927
vn 0.0002 0.1100 -0.9939
vn 0.0002 0.0999 -0.9950
vn 0.0002 0.0941 -0.9956
vn 0.0002 0.0938 -0.9956
vn 0.0002 0.0885 -0.9961
vn 0.0002 0.0847 -0.9964
vn 0.0002 0.0849 -0.9964
vn 0.0002 0.0809 -0.9967
vn 0.0002 0.0811 -0.9967
vn 0.0002 0.0807 -0.9967
vn 0.0002 0.0741 -0.9972
vn 0.0002 0.0743 -0.9972
vn 0.0002 0.0673 -0.9977
vn 0.0002 0.0594 -0.9982
vn 0.0002 0.0593 -0.9982
vn 0.0002 0.0592 -0.9982
vn 0.0002 0.0517 -0.9987
vn 0.0002 0.0511 -0.9987
vn 0.0002 0.0518 -0.9987
vn 0.0002 0.0515 -0.9987
vn 0.0002 0.0452 -0.9990
vn 0.0002 0.0450 -0.9990
vn 0.0002 0.0391 -0.9992
vn 0.0002 0.0300 -0.9995
vn 0.0002 0.0206 -0.9998
vn 0.0002 0.0213 -0.9998
vn 0.0002 0.0135 -0.9999
vn 0.0002 0.0057 -1.0000
vn 0.0002 0.0060 -1.0000
vn 0.0002 -0.0016 -1.0000
vn 0.0002 -0.0092 -1.0000
vn 0.0002 -0.0142 -0.9999
vn 0.0004 -0.0138 -0.9999
vn 0.0002 -0.0185 -0.9998
vn 0.0002 -0.0192 -0.9998
vn 0.0002 -0.0220 -0.9998
vn 0.0002 -0.0256 -0.9997
vn 0.0002 -0.0322 -0.9995
vn 0.0002 -0.0392 -0.9992
vn 0.0002 -0.0397 -0.9992
vn 0.0002 -0.0391 -0.9992
vn 0.0002 -0.0390 -0.9992
vn 0.0002 -0.0482 -0.9988
vn 0.0002 -0.0575 -0.9983
vn 0.0002 -0.0578 -0.9983
vn 0.0002 -0.0582 -0.9983
vn 0.0002 -0.0576 -0.9983
vn 0.0002 -0.0661 -0.9978
vn 0.0002 -0.0659 -0.9978
vn 0.0002 -0.0658 -0.9978
vn 0.0002 -0.0744 -0.9972
vn 0.0002 -0.0747 -0.9972
vn 0.0002 -0.0790 -0.9969
vn 0.0002 -0.0787 -0.9969
vn 0.0002 -0.0788 -0.9969
vn 0.0002 -0.0783 -0.9969
vn 0.0002 -0.0827 -0.9966
vn 0.0002 -0.0795 -0.9968
vn 0.0002 -0.0735 -0.9973
vn 0.0002 -0.0628 -0.9980
vn 0.0002 -0.0474 -0.9989
vn 0.0002 -0.0388 -0.9992
vn 0.0002 -0.0285 -0.9996
vn 0.0002 -0.0281 -0.9996
vn 0.0002 -0.0100 -1.0000
vn 0.0002 -0.0103 -0.9999
vn 0.0002 0.0118 -0.9999
vn 0.0002 0.0355 -0.9994
vn 0.0002 0.0358 -0.9994
vn 0.0002 0.0359 -0.9994
vn 0.0002 0.0607 -0.9982
vn 0.0002 0.0606 -0.9982
vn 0.0002 0.0604 -0.9982
vn 0.0002 0.0609 -0.9981
vn 0.0002 0.0918 -0.9958
vn 0.0002 0.1177 -0.9930
vn 0.0002 0.1180 -0.9930
vn 0.0002 0.1280 -0.9918
vn 0.0002 0.1363 -0.9907
vn 0.0002 0.1497 -0.9887
vn 0.0002 0.1445 -0.9895
vn 0.0002 0.1327 -0.9912
vn 0.0002 0.1182 -0.9930
vn 0.0002 0.1054 -0.9944
vn 0.0002 0.0916 -0.9958
vn 0.0002 0.0909 -0.9959
vn 0.0002 0.0912 -0.9958
vn 0.0002 0.0653 -0.9979
vn 0.0002 0.0652 -0.9979
vn 0.0002 0.0656 -0.9978
vn 0.0002 0.0354 -0.9994
vn 0.0002 0.0357 -0.9994
vn 0.0002 0.0141 -0.9999
vn 0.0002 0.0139 -0.9999
vn 0.0002 0.0142 -0.9999
vn 0.0002 0.0137 -0.9999
vn 0.0002 -0.0086 -1.0000
vn 0.0002 -0.0325 -0.9995
vn 0.0002 -0.0328 -0.9995
vn 0.0002 -0.0321 -0.9995
vn 0.0002 -0.0564 -0.9984
vn 0.0002 -0.0801 -0.9968
vn 0.0002 -0.0805 -0.9968
vn 0.0002 -0.0804 -0.9968
vn 0.0002 -0.0803 -0.9968
vn 0.0002 -0.1035 -0.9946
vn 0.0002 -0.1036 -0.9946
vn 0.0002 -0.1250 -0.9922
vn 0.0002 -0.1244 -0.9922
vn 0.0002 -0.1251 -0.9921
vn 0.0002 -0.1535 -0.9881
vn 0.0002 -0.1532 -0.9882
vn 0.0002 -0.1786 -0.9839
vn 0.0002 -0.2061 -0.9785
vn 0.0002 -0.2288 -0.9735
vn 0.0002 -0.2382 -0.9712
vn 0.0002 -0.2378 -0.9713
vn 0.0002 -0.2377 -0.9713
vn 0.0002 -0.2462 -0.9692
vn 0.0001 -0.2590 -0.9659
vn 0.0001 -0.2694 -0.9630
vn 0.0001 -0.2801 -0.9600
vn 0.0001 -0.2882 -0.9576
vn 0.0002 -0.2877 -0.9577
vn 0.0001 -0.2943 -0.9557
vn 0.0001 -0.2920 -0.9564
vn 0.0001 -0.2853 -0.9584
vn 0.0002 -0.2771 -0.9608
vn 0.0002 -0.2771 -0.9609
vn 0.0002 -0.2769 -0.9609
vn 0.0002 -0.2770 -0.9609
vn 0.0002 -0.2711 -0.9626
vn 0.0002 -0.2632 -0.9647
vn 0.0002 -0.2631 -0.9648
vn 0.0001 -0.2626 -0.9649
vn 0.0002 -0.2568 -0.9665
vn 0.0001 -0.2568 -0.9665
vn 0.0002 -0.2566 -0.9665
vn 0.0002 -0.2574 -0.9663
vn 0.0002 -0.2475 -0.9689
vn 0.0002 -0.2474 -0.9689
vn 0.0002 -0.2476 -0.9689
vn 0.0002 -0.2307 -0.9730
vn 0.0002 -0.2309 -0.9730
vn 0.0002 -0.1692 -0.9856
vn 0.0002 0.2215 -0.9752
vn 0.0002 0.2221 -0.9750
vn 0.0002 0.2218 -0.9751
vn 0.0001 0.4326 -0.9016
vn 0.0002 0.4325 -0.9017
vn 0.0002 0.4323 -0.9017
vn 0.0002 0.5360 -0.8442
vn 0.0002 0.6132 -0.7899
vn 0.0001 0.6135 -0.7897
vn 0.0001 0.6136 -0.7896
vn 0.0001 0.6137 -0.7896
vn 0.0001 0.6865 -0.7271
vn 0.0001 0.6631 -0.7486
vn 0.0001 0.5472 -0.8370
vn 0.0002 0.5472 -0.8370
vn 0.0002 0.4137 -0.9104
vn 0.0002 0.4141 -0.9102
vn 0.0002 0.3033 -0.9529
vn 0.0002 0.2271 -0.9739
vn 0.0002 0.1777 -0.9841
vn 0.0002 0.1774 -0.9841
vn 0.0002 0.1243 -0.9922
vn 0.0002 0.0953 -0.9954
vn 0.0002 0.0871 -0.9962
vn 0.0002 0.0878 -0.9961
vn 0.0002 0.0818 -0.9966
vn 0.0002 0.0824 -0.9966
vn 0.0002 0.0817 -0.9967
vn 0.0002 0.0735 -0.9973
vn 0.0002 0.0736 -0.9973
vn 0.0002 0.0678 -0.9977
vn 0.0002 0.0619 -0.9981
vn 0.0002 0.0614 -0.9981
vn 0.0002 0.0528 -0.9986
vn 0.0003 0.0523 -0.9986
vn 0.0002 0.0442 -0.9990
vn 0.0002 0.0440 -0.9990
vn 0.0002 0.0439 -0.9990
vn 0.0002 0.0324 -0.9995
vn 0.0002 0.0328 -0.9995
vn 0.0002 0.0331 -0.9995
vn 0.0002 0.0175 -0.9998
vn 0.0002 0.0176 -0.9998
vn 0.0002 0.0172 -0.9999
vn 0.0002 -0.0024 -1.0000
vn 0.0002 -0.0023 -1.0000
vn 0.0002 -0.0021 -1.0000
vn 0.0002 -0.0288 -0.9996
vn 0.0002 -0.0289 -0.9996
vn 0.0002 -0.0617 -0.9981
vn 0.0002 -0.0621 -0.9981
vn 0.0002 -0.0619 -0.9981
vn 0.0002 -0.1028 -0.9947
vn 0.0002 -0.1027 -0.9947
vn 0.0002 -0.1521 -0.9884
vn 0.0002 -0.2083 -0.9781
vn 0.0002 -0.2647 -0.9643
vn 0.0002 -0.2648 -0.9643
vn 0.0002 -0.2641 -0.9645
vn 0.0001 -0.2641 -0.9645
vn 0.0001 -0.3167 -0.9485
vn 0.0002 -0.3618 -0.9322
vn 0.0001 -0.3615 -0.9324
vn 0.0002 -0.3621 -0.9321
vn 0.0002 -0.3617 -0.9323
vn 0.0002 -0.3983 -0.9173
vn 0.0002 -0.4246 -0.9054
vn 0.0002 -0.4247 -0.9053
vn 0.0001 -0.4245 -0.9054
vn 0.0001 -0.4545 -0.8908
vn 0.0001 -0.4544 -0.8908
vn 0.0002 -0.4546 -0.8907
vn 0.0002 -0.4692 -0.8831
vn 0.0002 -0.4689 -0.8832
vn 0.0001 -0.4687 -0.8834
vn 0.0001 -0.4692 -0.8831
vn 0.0002 -0.4610 -0.8874
vn 0.0002 -0.4612 -0.8873
vn 0.0002 -0.4611 -0.8874
vn 0.0002 -0.4608 -0.8875
vn 0.0002 -0.4506 -0.8927
vn 0.0002 -0.4382 -0.8989
vn 0.0001 -0.4376 -0.8991
vn 0.0001 -0.4376 -0.8992
vn 0.0001 -0.4234 -0.9059
vn 0.0001 -0.3986 -0.9171
vn 0.0001 -0.3525 -0.9358
vn 0.0002 0.1203 -0.9927
vn 0.0001 0.3983 -0.9172
vn 0.0002 0.4331 -0.9014
vn 0.0002 0.4502 -0.8929
vn 0.0002 0.4499 -0.8931
vn 0.0002 0.4501 -0.8930
vn 0.0002 0.4500 -0.8930
vn 0.0002 0.4738 -0.8806
vn 0.0001 0.4739 -0.8806
vn 0.0001 0.4913 -0.8710
vn 0.0002 0.4908 -0.8713
vn 0.0002 0.4979 -0.8672
vn 0.0001 0.4981 -0.8671
vn -0.0000 0.4848 -0.8746
vn 0.0001 0.4853 -0.8743
vn 0.0001 0.4854 -0.8743
vn 0.0001 0.4852 -0.8744
vn 0.0002 0.4697 -0.8828
vn 0.0002 0.4702 -0.8825
vn 0.0001 0.4700 -0.8827
vn 0.0001 0.4548 -0.8906
vn 0.0001 0.4450 -0.8956
vn 0.0001 0.4450 -0.8955
vn 0.0002 0.4444 -0.8958
vn 0.0002 0.4346 -0.9006
vn 0.0002 0.4198 -0.9076
vn 0.0001 0.4201 -0.9075
vn 0.0001 0.4055 -0.9141
vn 0.0001 0.3859 -0.9225
vn 0.0002 0.3863 -0.9224
vn 0.0002 0.3862 -0.9224
vn 0.0002 0.3669 -0.9303
vn 0.0002 0.3666 -0.9304
vn 0.0002 0.3667 -0.9303
vn 0.0001 0.3478 -0.9376
vn 0.0001 0.3479 -0.9375
vn 0.0002 0.3477 -0.9376
vn 0.0002 0.3476 -0.9376
vn 0.0002 0.3285 -0.9445
vn 0.0001 0.3291 -0.9443
vn 0.0001 0.3194 -0.9476
vn 0.0002 0.3100 -0.9508
vn 0.0002 0.3098 -0.9508
vn 0.0002 0.3097 -0.9508
vn 0.0002 0.3100 -0.9507
vn 0.0002 0.2957 -0.9553
vn 0.0002 0.2819 -0.9594
vn 0.0002 0.2816 -0.9595
vn 0.0002 0.2628 -0.9649
vn 0.0002 0.2442 -0.9697
vn 0.0002 0.2439 -0.9698
vn 0.0002 0.2247 -0.9744
vn 0.0002 0.2249 -0.9744
vn 0.0001 0.2249 -0.9744
vn 0.0002 0.2055 -0.9787
vn 0.0002 0.1864 -0.9825
vn 0.0002 0.1865 -0.9825
vn 0.0002 0.1863 -0.9825
vn 0.0002 0.1862 -0.9825
vn 0.0002 0.1667 -0.9860
vn 0.0002 0.1566 -0.9877
vn 0.0002 0.1567 -0.9877
vn 0.0002 0.1568 -0.9876
vn 0.0002 0.1469 -0.9892
vn 0.0002 0.1263 -0.9920
vn 0.0002 0.1058 -0.9944
vn 0.0002 0.0951 -0.9955
vn 0.0002 0.0845 -0.9964
vn 0.0003 0.0682 -0.9977
vn 0.0002 0.0685 -0.9976
vn 0.0003 0.0522 -0.9986
vn 0.0002 0.0519 -0.9987
vn 0.0002 0.0412 -0.9992
vn 0.0002 0.0409 -0.9992
vn 0.0002 0.0410 -0.9992
vn 0.0002 0.0295 -0.9996
vn 0.0002 0.0298 -0.9996
vn 0.0002 0.0068 -1.0000
vn 0.0002 0.0067 -1.0000
vn 0.0002 -0.0087 -1.0000
vn 0.0002 -0.0088 -1.0000
vn 0.0002 -0.0290 -0.9996
vn 0.0002 -0.0293 -0.9996
vn 0.0002 -0.0650 -0.9979
vn 0.0002 -0.1031 -0.9947
vn 0.0002 -0.1033 -0.9946
vn 0.0002 -0.1551 -0.9879
vn 0.0002 -0.1547 -0.9880
vn 0.0002 -0.1554 -0.9879
vn 0.0002 -0.1554 -0.9878
vn 0.0002 -0.2200 -0.9755
vn 0.0002 -0.2196 -0.9756
vn 0.0002 -0.2914 -0.9566
vn 0.0001 -0.2908 -0.9568
vn 0.0001 -0.3568 -0.9342
vn 0.0001 -0.4075 -0.9132
vn 0.0001 -0.4074 -0.9132
vn 0.0002 -0.4080 -0.9130
vn 0.0002 -0.4077 -0.9131
vn 0.0002 -0.4430 -0.8965
vn 0.0002 -0.4436 -0.8962
vn 0.0002 -0.4660 -0.8848
vn 0.0002 -0.4661 -0.8847
vn 0.0001 -0.4860 -0.8740
vn 0.0001 -0.4789 -0.8779
vn 0.0001 -0.4792 -0.8777
vn 0.0001 -0.4788 -0.8779
vn 0.0001 -0.4685 -0.8834
vn 0.0001 -0.4553 -0.8903
vn 0.0001 -0.4374 -0.8993
vn 0.0002 -0.4379 -0.8990
vn 0.0002 -0.4376 -0.8991
vn 0.0002 -0.4132 -0.9106
vn 0.0002 -0.4137 -0.9104
vn 0.0001 -0.4131 -0.9107
vn 0.0002 -0.4134 -0.9105
vn 0.0002 -0.3789 -0.9255
vn 0.0001 -0.3784 -0.9256
vn 0.0002 -0.3790 -0.9254
vn 0.0002 -0.3276 -0.9448
vn 0.0002 -0.2437 -0.9699
vn 0.0002 -0.0989 -0.9951
vn 0.0002 0.1632 -0.9866
vn 0.0002 0.1631 -0.9866
vn 0.0002 0.1638 -0.9865
vn 0.0002 0.1634 -0.9866
vn 0.0001 0.5403 -0.8415
vn 0.0001 0.5402 -0.8416
vn 0.0001 0.5399 -0.8417
vn 0.0001 0.8150 -0.5795
vn 0.0001 0.9237 -0.3831
vn 0.0001 0.9235 -0.3835
vn 0.0001 0.9235 -0.3836
vn 0.0001 0.9196 -0.3929
vn 0.0001 0.8376 -0.5463
vn 0.0001 0.8374 -0.5466
vn 0.0001 0.6707 -0.7418
vn 0.0001 0.6710 -0.7414
vn 0.0001 0.4615 -0.8871
vn 0.0001 0.2917 -0.9565
vn 0.0002 0.1825 -0.9832
vn 0.0002 0.1826 -0.9832
vn 0.0002 0.1823 -0.9832
vn 0.0002 0.1822 -0.9833
vn 0.0002 0.1144 -0.9934
vn 0.0002 0.1147 -0.9934
vn 0.0002 0.1151 -0.9934
vn 0.0002 0.0712 -0.9975
vn 0.0002 0.0709 -0.9975
vn 0.0002 0.0705 -0.9975
vn 0.0002 0.0417 -0.9991
vn 0.0002 0.0418 -0.9991
vn 0.0002 0.0219 -0.9998
vn 0.0002 0.0218 -0.9998
vn 0.0002 -0.0012 -1.0000
vn 0.0002 -0.0010 -1.0000
vn 0.0002 -0.0009 -1.0000
vn 0.0004 -0.0181 -0.9998
vn 0.0002 -0.0176 -0.9998
vn 0.0002 -0.0331 -0.9995
vn 0.0002 -0.0334 -0.9994
vn 0.0002 -0.0329 -0.9995
vn 0.0002 -0.0520 -0.9986
vn 0.0002 -0.0674 -0.9977
vn 0.0002 -0.0859 -0.9963
vn 0.0002 -0.1081 -0.9941
vn 0.0002 -0.1080 -0.9942
vn 0.0002 -0.1075 -0.9942
vn 0.0002 -0.1338 -0.9910
vn 0.0002 -0.1647 -0.9863
vn 0.0002 -0.2007 -0.9797
vn 0.0002 -0.2012 -0.9796
vn 0.0002 -0.2005 -0.9797
vn 0.0001 -0.2447 -0.9696
vn 0.0002 -0.2447 -0.9696
vn 0.0002 -0.2961 -0.9552
vn 0.0001 -0.2955 -0.9553
vn 0.0002 -0.2958 -0.9552
vn 0.0002 -0.2962 -0.9551
vn 0.0002 -0.3559 -0.9345
vn 0.0001 -0.3553 -0.9347
vn 0.0001 -0.4240 -0.9057
vn 0.0002 -0.4245 -0.9054
vn 0.0001 -0.4993 -0.8664
vn 0.0001 -0.4992 -0.8665
vn 0.0002 -0.4996 -0.8663
vn 0.0002 -0.5755 -0.8178
vn 0.0001 -0.5756 -0.8178
vn 0.0001 -0.6482 -0.7615
vn 0.0001 -0.6486 -0.7611
vn 0.0001 -0.7141 -0.7001
vn 0.0001 -0.7141 -0.7000
vn 0.0001 -0.7680 -0.6404
vn 0.0001 -0.7678 -0.6407
vn 0.0001 -0.7895 -0.6137
vn 0.0001 -0.7863 -0.6178
vn 0.0001 -0.7866 -0.6175
vn 0.0001 -0.7866 -0.6174
vn 0.0001 -0.7799 -0.6259
vn 0.0001 -0.7675 -0.6411
vn 0.0001 -0.7675 -0.6410
vn 0.0001 -0.7496 -0.6619
vn 0.0001 -0.7497 -0.6618
vn 0.0001 -0.7163 -0.6978
vn 0.0001 -0.7166 -0.6975
vn 0.0001 -0.7164 -0.6977
vn 0.0001 -0.6463 -0.7631
vn 0.0001 -0.6459 -0.7634
vn 0.0001 -0.6458 -0.7635
vn 0.0001 -0.4921 -0.8705
vn 0.0001 -0.4920 -0.8706
vn 0.0001 -0.4923 -0.8704
vn 0.0002 -0.2468 -0.9691
vn 0.0002 -0.2472 -0.9690
vn 0.0002 -0.0634 -0.9980
vn 0.0002 -0.0633 -0.9980
vn 0.0002 -0.0632 -0.9980
vn 0.0002 -0.0636 -0.9980
vn 0.0002 -0.0039 -1.0000
vn 0.0002 -0.0036 -1.0000
vn 0.0002 -0.0377 -0.9993
vn 0.0002 -0.0381 -0.9993
vn 0.0002 -0.0378 -0.9993
vn 0.0002 -0.0891 -0.9960
vn 0.0002 -0.1252 -0.9921
vn 0.0002 -0.1254 -0.9921
vn 0.0002 -0.1253 -0.9921
vn 0.0002 -0.1550 -0.9879
vn 0.0002 -0.1840 -0.9829
vn 0.0002 -0.1834 -0.9830
vn 0.0002 -0.1837 -0.9830
vn 0.0002 -0.2136 -0.9769
vn 0.0002 -0.2133 -0.9770
vn 0.0002 -0.2139 -0.9769
vn 0.0002 -0.2490 -0.9685
vn 0.0002 -0.2932 -0.9560
vn 0.0002 -0.2932 -0.9561
vn 0.0001 -0.2926 -0.9562
vn 0.0001 -0.2735 -0.9619
vn 0.0002 -0.2089 -0.9779
vn 0.0002 -0.2096 -0.9778
vn 0.0002 -0.1224 -0.9925
vn 0.0002 -0.1220 -0.9925
vn 0.0002 -0.1218 -0.9926
vn 0.0002 -0.1222 -0.9925
vn 0.0002 -0.0165 -0.9999
vn 0.0002 -0.0168 -0.9999
vn 0.0002 0.0928 -0.9957
vn 0.0002 0.0925 -0.9957
vn 0.0002 0.1893 -0.9819
vn 0.0002 0.1896 -0.9819
vn 0.0002 0.1900 -0.9818
vn 0.0001 0.2653 -0.9642
vn 0.0003 0.2648 -0.9643
vn 0.0001 0.3075 -0.9516
vn 0.0002 0.3069 -0.9518
vn 0.0002 0.3068 -0.9518
vn 0.0002 0.2744 -0.9616
vn 0.0002 0.1989 -0.9800
vn 0.0002 0.1985 -0.9801
vn 0.0002 0.1991 -0.9800
vn 0.0002 0.0487 -0.9988
vn 0.0002 0.0479 -0.9989
vn 0.0002 0.0480 -0.9988
vn 0.0002 -0.2526 -0.9676
vn 0.0002 -0.2520 -0.9677
vn 0.0001 -0.6522 -0.7580
vn 0.0001 -0.6523 -0.7580
vn 0.0001 -0.8823 -0.4708
vn 0.0001 -0.8820 -0.4712
vn 0.0001 -0.8821 -0.4710
vn 0.0001 -0.8821 -0.4711
vn -0.0000 -0.9585 -0.2850
vn -0.0000 -0.9587 -0.2845
vn -0.0000 -0.9585 -0.2849
vn -0.0000 -0.9835 -0.1810
vn -0.0000 -0.9835 -0.1809
vn -0.0000 -0.9928 -0.1194
vn -0.0000 -0.9928 -0.1195
vn -0.0000 -0.9968 -0.0795
vn -0.0000 -0.9968 -0.0794
vn -0.0000 -0.9986 -0.0520
vn -0.0000 -0.9986 -0.0525
vn -0.0000 -0.9995 -0.0331
vn -0.0000 -0.9998 -0.0189
vn -0.0000 -1.0000 -0.0013
vn -0.0000 -0.9999 0.0101
vn -0.0000 -1.0000 0.0098
vn -0.0000 -0.9999 0.0100
vn -0.0000 -1.0000 0.0099
vn -0.0000 -0.9998 0.0182
vn -0.0000 -0.9996 0.0274
vn -0.0000 -0.9996 0.0270
vn -0.0000 -0.9994 0.0358
vn -0.0000 -0.9989 0.0467
vn -0.0000 -0.9989 0.0466
vn -0.0000 -0.9984 0.0566
vn -0.0000 -0.9984 0.0562
vn -0.0000 -0.9977 0.0679
vn -0.0000 -0.9977 0.0678
vn -0.0000 -0.9977 0.0674
vn -0.0000 -0.9966 0.0829
vn -0.0000 -0.9949 0.1007
vn -0.0000 -0.9924 0.1231
vn -0.0000 -0.9923 0.1235
vn -0.0000 -0.9884 0.1517
vn -0.0000 -0.9885 0.1515
vn -0.0000 -0.9884 0.1521
vn -0.0000 -0.9825 0.1862
vn -0.0000 -0.9736 0.2283
vn -0.0000 -0.9610 0.2764
vn -0.0001 -0.9611 0.2762
vn -0.0001 -0.9449 0.3274
vn -0.0001 -0.9258 0.3780
vn -0.0001 -0.9257 0.3783
vn -0.0001 -0.9013 0.4331
vn -0.0001 -0.9011 0.4336
vn -0.0001 -0.9014 0.4331
vn -0.0001 -0.8746 0.4848
vn -0.0001 -0.8459 0.5333
vn -0.0001 -0.8159 0.5782
vn -0.0001 -0.8158 0.5783
vn -0.0001 -0.8161 0.5779
vn -0.0001 -0.7847 0.6199
vn -0.0001 -0.7844 0.6202
vn -0.0001 -0.7520 0.6591
vn -0.0001 -0.7523 0.6588
vn -0.0001 -0.7189 0.6951
vn -0.0001 -0.7186 0.6954
vn -0.0001 -0.6842 0.7293
vn -0.0001 -0.6485 0.7612
vn -0.0001 -0.6118 0.7910
vn -0.0001 -0.6118 0.7911
vn -0.0001 -0.5734 0.8193
vn -0.0001 -0.5340 0.8455
vn -0.0001 -0.4927 0.8702
vn -0.0001 -0.4930 0.8701
vn -0.0001 -0.4933 0.8698
vn -0.0001 -0.4503 0.8929
vn -0.0001 -0.4063 0.9138
vn -0.0002 -0.4057 0.9140
vn -0.0001 -0.3591 0.9333
vn -0.0001 -0.2859 0.9582
vn -0.0002 -0.2866 0.9581
vn -0.0002 -0.2208 0.9753
vn -0.0002 -0.1764 0.9843
vn -0.0002 -0.1761 0.9844
vn -0.0002 -0.1757 0.9844
vn -0.0002 -0.1276 0.9918
vn -0.0002 -0.0901 0.9959
vn -0.0002 -0.0699 0.9976
vn -0.0002 -0.0698 0.9976
vn -0.0002 -0.0701 0.9975
vn -0.0002 -0.0517 0.9987
vn -0.0002 -0.0514 0.9987
vn -0.0002 -0.0344 0.9994
vn -0.0002 -0.0347 0.9994
vn -0.0002 -0.0346 0.9994
vn -0.0002 -0.0111 0.9999
vn -0.0002 -0.0115 0.9999
vn -0.0002 0.0113 0.9999
vn -0.0002 0.0116 0.9999
vn -0.0002 0.0112 0.9999
vn -0.0002 0.0340 0.9994
vn -0.0002 0.0341 0.9994
vn -0.0002 0.0570 0.9984
vn -0.0002 0.0577 0.9983
vn -0.0002 0.0841 0.9965
vn -0.0002 0.1144 0.9934
vn -0.0002 0.1388 0.9903
vn -0.0002 0.1394 0.9902
vn -0.0002 0.1387 0.9903
vn -0.0002 0.1692 0.9856
vn -0.0002 0.1689 0.9856
vn -0.0002 0.1696 0.9855
vn -0.0002 0.2086 0.9780
vn -0.0001 0.2629 0.9648
vn -0.0001 0.3491 0.9371
vn -0.0002 0.3484 0.9373
vn -0.0002 0.4694 0.8830
vn -0.0002 0.4691 0.8832
vn -0.0002 0.4586 0.8886
vn -0.0002 0.4590 0.8884
vn -0.0001 0.4591 0.8884
vn -0.0001 0.3463 0.9381
vn -0.0001 0.3464 0.9381
vn -0.0002 0.3463 0.9381
vn -0.0002 -0.0156 0.9999
vn -0.0002 -0.0161 0.9999
vn -0.0002 -0.4562 0.8899
vn -0.0002 -0.4558 0.8901
vn -0.0002 -0.6144 0.7890
vn -0.0001 -0.6545 0.7561
vn -0.0001 -0.6545 0.7560
vn -0.0001 -0.6547 0.7559
vn -0.0001 -0.6587 0.7524
vn -0.0001 -0.6589 0.7522
vn -0.0001 -0.6588 0.7523
vn -0.0001 -0.6571 0.7538
vn -0.0001 -0.6538 0.7567
vn -0.0001 -0.6480 0.7616
vn -0.0001 -0.6484 0.7613
vn -0.0001 -0.6418 0.7669
vn -0.0001 -0.6417 0.7669
vn -0.0001 -0.6324 0.7747
vn -0.0001 -0.6324 0.7746
vn -0.0001 -0.6320 0.7750
vn -0.0001 -0.6178 0.7863
vn -0.0002 -0.6182 0.7860
vn -0.0000 -0.5955 0.8034
vn -0.0000 -0.5956 0.8033
vn -0.0002 -0.5951 0.8036
vn -0.0002 -0.5573 0.8303
vn -0.0001 -0.4931 0.8700
vn -0.0002 -0.4935 0.8697
vn -0.0002 -0.3808 0.9247
vn -0.0002 -0.3804 0.9248
vn -0.0002 -0.3808 0.9246
vn -0.0002 -0.1976 0.9803
vn -0.0002 -0.1969 0.9804
vn -0.0002 -0.1975 0.9803
vn -0.0002 0.0075 1.0000
vn -0.0002 0.0072 1.0000
vn -0.0002 0.1439 0.9896
vn -0.0002 0.1438 0.9896
vn -0.0002 0.1441 0.9896
vn -0.0002 0.2026 0.9793
vn -0.0002 0.2023 0.9793
vn -0.0002 0.1704 0.9854
vn -0.0002 0.1705 0.9854
vn -0.0002 0.1698 0.9855
vn -0.0002 0.1260 0.9920
vn -0.0002 0.0999 0.9950
vn -0.0002 0.0998 0.9950
vn -0.0002 0.1001 0.9950
vn -0.0002 0.0996 0.9950
vn -0.0002 0.0729 0.9973
vn -0.0004 0.0514 0.9987
vn -0.0002 0.0518 0.9987
vn -0.0002 0.0394 0.9992
vn -0.0002 0.0395 0.9992
vn -0.0002 0.0276 0.9996
vn -0.0002 0.0086 1.0000
vn -0.0002 0.0085 1.0000
vn -0.0002 0.0089 1.0000
vn -0.0002 -0.0113 0.9999
vn -0.0002 -0.0120 0.9999
vn -0.0002 -0.0117 0.9999
vn -0.0002 -0.0239 0.9997
vn -0.0002 -0.0238 0.9997
vn -0.0002 -0.0227 0.9997
vn -0.0002 -0.0218 0.9998
vn -0.0002 -0.0309 0.9995
vn -0.0002 -0.0307 0.9995
vn -0.0002 -0.0404 0.9992
vn -0.0002 -0.0479 0.9989
vn -0.0002 -0.0474 0.9989
vn -0.0002 -0.0477 0.9989
vn -0.0002 -0.0579 0.9983
vn -0.0002 -0.0724 0.9974
vn -0.0002 -0.0721 0.9974
vn -0.0002 -0.0723 0.9974
vn -0.0002 -0.0939 0.9956
vn -0.0002 -0.0934 0.9956
vn -0.0002 -0.1244 0.9922
vn -0.0002 -0.1728 0.9850
vn -0.0002 -0.2489 0.9685
vn -0.0001 -0.2489 0.9685
vn -0.0002 -0.2492 0.9685
vn -0.0002 -0.2491 0.9685
vn -0.0002 -0.3613 0.9325
vn -0.0002 -0.3613 0.9324
vn -0.0001 -0.3607 0.9327
vn -0.0002 -0.3612 0.9325
vn -0.0001 -0.4939 0.8695
vn -0.0001 -0.4940 0.8695
vn -0.0001 -0.6003 0.7997
vn -0.0001 -0.6003 0.7998
vn -0.0001 -0.6004 0.7997
vn -0.0002 -0.6302 0.7764
vn -0.0002 -0.5479 0.8366
vn -0.0002 -0.5479 0.8365
vn -0.0001 -0.5474 0.8368
vn -0.0001 -0.5474 0.8369
vn -0.0002 -0.4409 0.8976
vn -0.0001 -0.4404 0.8978
vn -0.0002 -0.4410 0.8975
vn -0.0002 -0.3360 0.9418
vn -0.0002 -0.3364 0.9417
vn -0.0001 -0.3358 0.9419
vn -0.0001 -0.3357 0.9420
vn -0.0002 -0.2474 0.9689
vn -0.0001 -0.2474 0.9689
vn -0.0002 -0.1756 0.9845
vn -0.0003 -0.1762 0.9843
vn -0.0002 -0.1185 0.9930
vn -0.0003 -0.0748 0.9972
vn -0.0002 -0.0745 0.9972
vn -0.0002 -0.0749 0.9972
vn -0.0002 -0.0746 0.9972
vn -0.0002 -0.0412 0.9991
vn -0.0002 -0.0144 0.9999
vn -0.0002 0.0236 0.9997
vn -0.0002 0.0240 0.9997
vn -0.0002 0.0238 0.9997
vn -0.0002 0.0237 0.9997
vn -0.0002 0.0434 0.9991
vn -0.0002 0.0581 0.9983
vn -0.0002 0.0587 0.9983
vn -0.0002 0.0584 0.9983
vn -0.0002 0.0782 0.9969
vn -0.0002 0.0783 0.9969
vn -0.0002 0.0781 0.9969
vn -0.0002 0.0914 0.9958
vn -0.0002 0.0921 0.9958
vn -0.0002 0.0921 0.9957
vn -0.0002 0.1052 0.9944
vn -0.0002 0.1041 0.9946
vn -0.0002 0.0992 0.9951
vn -0.0002 0.0987 0.9951
vn -0.0002 0.0947 0.9955
vn -0.0002 0.0940 0.9956
vn -0.0002 0.0875 0.9962
vn -0.0002 0.0702 0.9975
vn -0.0002 0.0418 0.9991
vn -0.0002 0.0121 0.9999
vn -0.0002 -0.0291 0.9996
vn -0.0002 -0.0284 0.9996
vn -0.0002 -0.0290 0.9996
vn -0.0002 -0.0832 0.9965
vn -0.0002 -0.0839 0.9965
vn -0.0002 -0.0836 0.9965
vn -0.0002 -0.1481 0.9890
vn -0.0002 -0.2125 0.9772
vn -0.0002 -0.2684 0.9633
vn -0.0002 -0.2685 0.9633
vn -0.0002 -0.2678 0.9635
vn -0.0001 -0.2678 0.9635
vn -0.0001 -0.3310 0.9436
vn -0.0001 -0.3556 0.9346
vn -0.0001 -0.3469 0.9379
vn -0.0003 -0.3338 0.9426
vn -0.0001 -0.3343 0.9425
vn -0.0003 -0.3339 0.9426
vn -0.0001 -0.3273 0.9449
vn -0.0002 -0.3270 0.9450
vn -0.0001 -0.3190 0.9477
vn -0.0001 -0.3011 0.9536
vn -0.0001 -0.2801 0.9600
vn -0.0002 -0.2682 0.9634
vn -0.0002 -0.2550 0.9669
vn -0.0002 -0.2553 0.9669
vn -0.0002 -0.2549 0.9670
vn -0.0002 -0.2554 0.9668
vn -0.0002 -0.2334 0.9724
vn -0.0002 -0.1883 0.9821
vn -0.0002 -0.1882 0.9821
vn -0.0002 -0.1889 0.9820
vn -0.0002 -0.1686 0.9857
vn -0.0002 -0.1682 0.9857
vn -0.0002 -0.1682 0.9858
vn -0.0002 -0.1336 0.9910
vn -0.0002 -0.1339 0.9910
vn -0.0002 -0.0952 0.9955
vn -0.0002 -0.0666 0.9978
vn -0.0002 -0.0663 0.9978
vn -0.0002 -0.0662 0.9978
vn -0.0002 -0.0000 1.0000
vn -0.0002 0.0355 0.9994
vn -0.0002 0.0357 0.9994
vn -0.0002 0.0356 0.9994
vn -0.0002 0.0739 0.9973
vn -0.0002 0.0741 0.9973
vn -0.0002 0.0742 0.9972
vn -0.0002 0.1145 0.9934
vn -0.0002 0.1146 0.9934
vn -0.0002 0.1552 0.9879
vn -0.0002 0.1959 0.9806
vn -0.0002 0.1958 0.9806
vn -0.0002 0.1965 0.9805
vn -0.0002 0.1961 0.9806
vn -0.0002 0.2388 0.9711
vn -0.0001 0.2811 0.9597
vn -0.0002 0.2805 0.9599
vn -0.0002 0.3213 0.9470
vn -0.0002 0.3396 0.9406
vn -0.0002 0.3399 0.9405
vn -0.0002 0.3397 0.9405
vn -0.0001 0.2972 0.9548
vn -0.0002 0.2975 0.9547
vn -0.0001 0.2751 0.9614
vn -0.0002 0.2529 0.9675
vn -0.0001 0.2529 0.9675
vn -0.0002 0.2362 0.9717
vn -0.0002 0.2367 0.9716
vn -0.0002 0.2364 0.9716
vn -0.0002 0.2269 0.9739
vn -0.0002 0.2267 0.9740
vn -0.0002 0.2170 0.9762
vn -0.0002 0.2173 0.9761
vn -0.0002 0.2172 0.9761
vn -0.0002 0.2177 0.9760
vn -0.0002 0.2116 0.9774
vn -0.0002 0.2283 0.9736
vn -0.0002 0.2403 0.9707
vn -0.0002 0.2404 0.9707
vn -0.0002 0.2397 0.9708
vn -0.0002 0.2515 0.9679
vn -0.0002 0.2672 0.9636
vn -0.0002 0.2672 0.9637
vn -0.0002 0.2670 0.9637
vn -0.0001 0.2821 0.9594
vn -0.0001 0.2917 0.9565
vn -0.0002 0.3008 0.9537
vn -0.0002 0.3138 0.9495
vn -0.0002 0.3261 0.9453
vn -0.0002 0.3424 0.9396
vn -0.0002 0.3423 0.9396
vn -0.0001 0.3425 0.9395
vn -0.0001 0.3426 0.9395
vn -0.0001 0.3584 0.9336
vn -0.0001 0.3654 0.9308
vn -0.0001 0.3737 0.9276
vn -0.0002 0.3733 0.9277
vn -0.0002 0.3731 0.9278
vn -0.0002 0.3735 0.9276
vn -0.0002 0.3884 0.9215
vn -0.0002 0.4035 0.9150
vn -0.0003 0.4034 0.9150
vn -0.0001 0.4037 0.9149
vn -0.0001 0.4121 0.9111
vn -0.0001 0.4061 0.9138
vn -0.0002 0.4066 0.9136
vn -0.0001 0.3999 0.9165
vn -0.0001 0.3835 0.9235
vn -0.0001 0.3659 0.9306
vn -0.0002 0.3653 0.9309
vn -0.0002 0.3471 0.9378
vn -0.0002 0.3470 0.9379
vn -0.0001 0.3472 0.9378
vn -0.0002 0.3226 0.9465
vn -0.0002 0.3225 0.9466
vn -0.0002 0.3224 0.9466
vn -0.0002 0.3034 0.9529
vn -0.0002 0.3033 0.9529
vn -0.0002 0.3036 0.9528
vn -0.0001 0.3040 0.9527
vn -0.0001 0.2754 0.9613
vn -0.0002 0.2212 0.9752
vn -0.0002 0.0368 0.9993
vn -0.0002 -0.1908 0.9816
vn -0.0002 -0.1910 0.9816
vn -0.0002 -0.3051 0.9523
vn -0.0001 -0.3045 0.9525
vn -0.0001 -0.3812 0.9245
vn -0.0001 -0.4421 0.8970
vn -0.0002 -0.4427 0.8967
vn -0.0002 -0.4998 0.8661
vn -0.0002 -0.5603 0.8283
vn -0.0001 -0.5600 0.8285
vn -0.0002 -0.6145 0.7889
vn -0.0001 -0.6146 0.7889
vn -0.0001 -0.5988 0.8009
vn -0.0002 -0.5992 0.8006
vn -0.0002 -0.5611 0.8277
vn -0.0002 -0.5122 0.8589
vn -0.0002 -0.5121 0.8589
vn -0.0002 -0.4583 0.8888
vn -0.0002 -0.4014 0.9159
vn -0.0002 -0.3460 0.9382
vn -0.0002 -0.2962 0.9551
vn -0.0001 -0.2956 0.9553
vn -0.0002 -0.2520 0.9677
vn -0.0002 -0.2523 0.9677
vn -0.0002 -0.2164 0.9763
vn -0.0002 -0.2161 0.9764
vn -0.0002 -0.1876 0.9823
vn -0.0002 -0.1875 0.9823
vn -0.0002 -0.1874 0.9823
vn -0.0002 -0.1879 0.9822
vn -0.0002 -0.1635 0.9865
vn -0.0002 -0.1434 0.9897
vn -0.0002 -0.1270 0.9919
vn -0.0002 -0.1271 0.9919
vn -0.0002 -0.1083 0.9941
vn -0.0004 -0.1088 0.9941
vn -0.0002 -0.1086 0.9941
vn -0.0002 -0.0937 0.9956
vn -0.0002 -0.0857 0.9963
vn -0.0002 -0.0794 0.9968
vn -0.0002 -0.0791 0.9969
vn -0.0002 -0.0788 0.9969
vn -0.0002 -0.0637 0.9980
vn -0.0002 -0.0533 0.9986
vn -0.0002 -0.0486 0.9988
vn -0.0002 -0.0448 0.9990
vn -0.0002 -0.0441 0.9990
vn -0.0002 -0.0473 0.9989
vn -0.0002 -0.0508 0.9987
vn -0.0002 -0.0509 0.9987
vn -0.0002 -0.0547 0.9985
vn -0.0002 -0.0543 0.9985
vn -0.0002 -0.0546 0.9985
vn -0.0002 -0.0600 0.9982
vn -0.0002 -0.0657 0.9978
vn -0.0002 -0.0700 0.9975
vn -0.0002 -0.0752 0.9972
vn -0.0002 -0.0822 0.9966
vn -0.0002 -0.0922 0.9957
vn -0.0002 -0.0926 0.9957
vn -0.0002 -0.0940 0.9956
vn -0.0002 -0.0872 0.9962
vn -0.0002 -0.0843 0.9964
vn -0.0002 -0.0809 0.9967
vn -0.0002 -0.0812 0.9967
vn -0.0002 -0.0726 0.9974
vn -0.0002 -0.0725 0.9974
vn -0.0002 -0.0728 0.9973
vn -0.0002 -0.0618 0.9981
vn -0.0002 -0.0617 0.9981
vn -0.0002 -0.0611 0.9981
vn -0.0002 -0.0449 0.9990
vn -0.0002 -0.0224 0.9997
vn -0.0002 -0.0070 1.0000
vn -0.0002 0.0609 0.9981
vn -0.0002 0.0926 0.9957
vn -0.0002 0.1301 0.9915
vn -0.0002 0.1307 0.9914
vn -0.0002 0.1303 0.9915
vn -0.0002 0.1734 0.9849
vn -0.0002 0.2190 0.9757
vn -0.0002 0.2189 0.9757
vn -0.0002 0.2186 0.9758
vn -0.0002 0.2621 0.9650
vn -0.0002 0.2627 0.9649
vn -0.0001 0.2628 0.9649
vn -0.0001 0.3037 0.9528
vn -0.0002 0.3031 0.9530
vn -0.0002 0.3156 0.9489
vn -0.0002 0.2733 0.9619
vn -0.0002 0.2740 0.9617
vn -0.0001 0.2740 0.9617
vn -0.0002 0.1826 0.9832
vn -0.0002 0.1830 0.9831
vn -0.0002 0.1823 0.9832
vn -0.0002 0.0270 0.9996
vn -0.0002 0.0273 0.9996
vn -0.0002 0.0272 0.9996
vn -0.0002 -0.1526 0.9883
vn -0.0002 -0.1531 0.9882
vn -0.0001 -0.2881 0.9576
vn -0.0001 -0.3660 0.9306
vn -0.0002 -0.3663 0.9305
vn -0.0002 -0.3666 0.9304
vn -0.0002 -0.4084 0.9128
vn -0.0001 -0.4082 0.9129
vn -0.0001 -0.4302 0.9028
vn -0.0001 -0.4301 0.9028
vn -0.0002 -0.4307 0.9025
vn -0.0002 -0.4422 0.8969
vn -0.0002 -0.4419 0.8971
vn -0.0002 -0.4450 0.8956
vn -0.0002 -0.4450 0.8955
vn -0.0001 -0.4444 0.8958
vn -0.0001 -0.4428 0.8966
vn -0.0001 -0.4364 0.8997
vn -0.0002 -0.4272 0.9041
vn -0.0001 -0.4268 0.9044
vn -0.0002 -0.4273 0.9041
vn -0.0002 -0.4201 0.9075
vn -0.0002 -0.3864 0.9223
vn -0.0002 -0.3862 0.9224
vn -0.0001 -0.3595 0.9331
vn -0.0001 -0.3595 0.9332
vn -0.0002 -0.3597 0.9330
vn -0.0002 -0.3598 0.9330
vn -0.0002 -0.3269 0.9451
vn -0.0001 -0.3020 0.9533
vn -0.0001 -0.2753 0.9614
vn -0.0001 -0.2490 0.9685
vn -0.0002 -0.2247 0.9744
vn -0.0002 -0.2246 0.9744
vn -0.0002 -0.2026 0.9793
vn -0.0002 -0.2027 0.9792
vn -0.0002 -0.2028 0.9792
vn -0.0002 -0.1771 0.9842
vn -0.0002 -0.1775 0.9841
vn -0.0002 -0.1772 0.9842
vn -0.0002 -0.1589 0.9873
vn -0.0002 -0.1588 0.9873
vn -0.0002 -0.1506 0.9886
vn -0.0002 -0.1441 0.9896
vn -0.0002 -0.1226 0.9925
vn -0.0002 -0.0910 0.9959
vn -0.0002 -0.0913 0.9958
vn -0.0002 -0.0718 0.9974
vn -0.0002 -0.0715 0.9974
vn -0.0002 -0.0711 0.9975
vn -0.0002 -0.0500 0.9987
vn -0.0002 -0.0503 0.9987
vn -0.0002 -0.0282 0.9996
vn -0.0002 -0.0063 1.0000
vn -0.0002 0.0150 0.9999
vn -0.0002 0.0431 0.9991
vn -0.0002 0.0676 0.9977
vn -0.0002 0.0862 0.9963
vn -0.0002 0.1012 0.9949
vn -0.0002 0.1150 0.9934
vn -0.0002 0.1148 0.9934
vn -0.0002 0.1249 0.9922
vn -0.0002 0.1297 0.9915
vn -0.0002 0.1297 0.9916
vn -0.0002 0.1298 0.9915
vn -0.0002 0.1184 0.9930
vn -0.0002 0.1079 0.9942
vn -0.0003 0.1076 0.9942
vn -0.0002 0.1077 0.9942
vn -0.0002 0.0955 0.9954
vn -0.0002 0.0956 0.9954
vn -0.0002 0.0880 0.9961
vn -0.0002 0.0877 0.9961
vn -0.0002 0.0785 0.9969
vn -0.0002 0.0779 0.9970
vn -0.0002 0.0661 0.9978
vn -0.0002 0.0656 0.9978
vn -0.0002 0.0663 0.9978
vn -0.0002 0.0484 0.9988
vn -0.0002 0.0181 0.9998
vn -0.0002 -0.0764 0.9971
vn -0.0002 -0.0766 0.9971
vn -0.0000 -0.9887 0.1496
vn -0.0000 -0.9887 0.1498
vn 0.0001 -0.8333 -0.5528
vn 0.0001 -0.8335 -0.5525
vn 0.0001 -0.6963 -0.7178
vn 0.0002 -0.6091 -0.7931
vn 0.0002 -0.6092 -0.7930
vn 0.0001 -0.6087 -0.7934
vn 0.0001 -0.5617 -0.8274
vn 0.0002 -0.5617 -0.8273
vn 0.0002 -0.5260 -0.8505
vn 0.0002 -0.4970 -0.8678
vn 0.0002 -0.4970 -0.8677
vn 0.0001 -0.4969 -0.8678
vn 0.0001 -0.4723 -0.8814
vn 0.0002 -0.4723 -0.8815
vn 0.0002 -0.4509 -0.8926
vn 0.0002 -0.4507 -0.8927
vn 0.0002 -0.4508 -0.8926
vn 0.0002 -0.4324 -0.9017
vn 0.0002 -0.4328 -0.9015
vn 0.0002 -0.4083 -0.9129
vn 0.0002 -0.4083 -0.9128
vn 0.0001 -0.4081 -0.9130
vn 0.0001 -0.4080 -0.9130
vn 0.0001 -0.3869 -0.9221
vn 0.0003 -0.3873 -0.9220
vn 0.0001 -0.3641 -0.9314
vn 0.0001 -0.3439 -0.9390
vn 0.0002 -0.3266 -0.9452
vn 0.0001 -0.3266 -0.9452
vn 0.0002 -0.3268 -0.9451
vn 0.0002 -0.3110 -0.9504
vn 0.0002 -0.2937 -0.9559
vn 0.0002 -0.2773 -0.9608
vn 0.0002 -0.2772 -0.9608
vn 0.0001 -0.2623 -0.9650
vn 0.0002 -0.2481 -0.9687
vn 0.0002 -0.2479 -0.9688
vn 0.0002 -0.2478 -0.9688
vn 0.0002 -0.2400 -0.9708
vn 0.0002 -0.2397 -0.9708
vn 0.0004 -0.2401 -0.9707
vn 0.0002 -0.2316 -0.9728
vn 0.0002 -0.2317 -0.9728
vn 0.0002 -0.2234 -0.9747
vn 0.0002 -0.2155 -0.9765
vn 0.0002 -0.2154 -0.9765
vn 0.0002 -0.2156 -0.9765
vn 0.0002 -0.2161 -0.9764
vn 0.0002 -0.2080 -0.9781
vn 0.0002 -0.2077 -0.9782
vn 0.0002 -0.1998 -0.9798
vn 0.0002 -0.2004 -0.9797
vn 0.0002 -0.2001 -0.9798
vn 0.0002 -0.1948 -0.9808
vn 0.0002 -0.1948 -0.9809
vn 0.0002 -0.1893 -0.9819
vn 0.0002 -0.1890 -0.9820
vn 0.0002 -0.1896 -0.9819
vn 0.0002 -0.1732 -0.9849
vn 0.0002 -0.1563 -0.9877
vn 0.0002 -0.1503 -0.9886
vn 0.0002 -0.1446 -0.9895
vn 0.0002 -0.1359 -0.9907
vn 0.0002 -0.1356 -0.9908
vn 0.0002 -0.1265 -0.9920
vn 0.0002 -0.1262 -0.9920
vn 0.0002 -0.1264 -0.9920
vn 0.0002 -0.1130 -0.9936
vn 0.0002 -0.0993 -0.9951
vn 0.0002 -0.1006 -0.9949
vn 0.0002 -0.1233 -0.9924
vn 0.0002 -0.1227 -0.9924
vn 0.0002 -0.1226 -0.9925
vn 0.0002 -0.1309 -0.9914
vn 0.0002 -0.1378 -0.9905
vn 0.0002 -0.1385 -0.9904
vn 0.0002 -0.1489 -0.9889
vn 0.0002 -0.1489 -0.9888
vn 0.0002 -0.1486 -0.9889
vn 0.0002 -0.1596 -0.9872
vn 0.0002 -0.1763 -0.9843
vn 0.0002 -0.1765 -0.9843
vn 0.0002 -0.1976 -0.9803
vn 0.0002 -0.2220 -0.9750
vn 0.0002 -0.2221 -0.9750
vn 0.0002 -0.2218 -0.9751
vn 0.0002 -0.2217 -0.9751
vn 0.0002 -0.2185 -0.9758
vn 0.0002 -0.2183 -0.9759
vn 0.0002 -0.1956 -0.9807
vn 0.0002 -0.1661 -0.9861
vn 0.0002 -0.1298 -0.9915
vn 0.0002 -0.1294 -0.9916
vn 0.0002 -0.0354 -0.9994
vn 0.0002 0.0215 -0.9998
vn 0.0002 0.0212 -0.9998
vn 0.0002 0.0821 -0.9966
vn 0.0002 0.1419 -0.9899
vn 0.0002 0.1422 -0.9898
vn 0.0002 0.1417 -0.9899
vn 0.0002 0.1986 -0.9801
vn 0.0002 0.1992 -0.9800
vn 0.0002 0.2496 -0.9683
vn 0.0002 0.2490 -0.9685
vn 0.0002 0.2926 -0.9562
vn 0.0002 0.3286 -0.9445
vn 0.0002 0.3287 -0.9444
vn 0.0001 0.3289 -0.9444
vn 0.0001 0.3580 -0.9337
vn 0.0002 0.3812 -0.9245
vn 0.0002 0.3813 -0.9244
vn 0.0002 0.4136 -0.9104
vn 0.0001 0.4138 -0.9104
vn 0.0001 0.4138 -0.9103
vn 0.0001 0.4247 -0.9053
vn 0.0004 0.3795 -0.9252
vn 0.0003 0.3794 -0.9252
vn 0.0002 0.3798 -0.9251
vn 0.0002 0.3378 -0.9412
vn 0.0002 0.3381 -0.9411
vn 0.0001 0.3384 -0.9410
vn 0.0001 0.3018 -0.9534
vn 0.0002 0.2700 -0.9629
vn 0.0002 0.2703 -0.9628
vn 0.0002 0.2699 -0.9629
vn 0.0002 0.2429 -0.9701
vn 0.0002 0.2435 -0.9699
vn 0.0002 0.2436 -0.9699
vn 0.0002 0.2186 -0.9758
vn 0.0002 0.1964 -0.9805
vn 0.0002 0.1764 -0.9843
vn 0.0002 0.1577 -0.9875
vn 0.0002 0.1410 -0.9900
vn 0.0002 0.1181 -0.9930
vn 0.0002 0.0968 -0.9953
vn 0.0002 0.0775 -0.9970
vn 0.0002 0.0771 -0.9970
vn 0.0002 0.0596 -0.9982
vn 0.0002 0.0590 -0.9983
vn 0.0002 0.0425 -0.9991
vn 0.0002 0.0264 -0.9997
vn 0.0002 0.0260 -0.9997
vn 0.0002 0.0267 -0.9996
vn 0.0002 0.0262 -0.9997
vn 0.0002 0.0062 -1.0000
vn 0.0002 -0.0129 -0.9999
vn 0.0002 -0.0311 -0.9995
vn 0.0004 -0.0496 -0.9988
vn 0.0002 -0.0492 -0.9988
vn 0.0002 -0.0493 -0.9988
vn 0.0002 -0.0499 -0.9988
vn 0.0002 -0.0666 -0.9978
vn 0.0002 -0.0664 -0.9978
vn 0.0002 -0.0833 -0.9965
vn 0.0002 -0.1007 -0.9949
vn 0.0002 -0.1170 -0.9931
vn 0.0002 -0.1173 -0.9931
vn 0.0002 -0.1177 -0.9931
vn 0.0002 -0.1297 -0.9916
vn 0.0002 -0.1297 -0.9915
vn 0.0002 -0.1228 -0.9924
vn 0.0002 -0.1022 -0.9948
vn 0.0002 -0.0875 -0.9962
vn 0.0002 -0.0741 -0.9972
vn 0.0002 -0.0644 -0.9979
vn 0.0003 -0.0581 -0.9983
vn 0.0002 -0.0523 -0.9986
vn 0.0002 -0.0462 -0.9989
vn 0.0002 -0.0464 -0.9989
vn 0.0002 -0.0465 -0.9989
vn 0.0002 -0.0409 -0.9992
vn 0.0002 -0.0410 -0.9992
vn 0.0003 -0.0349 -0.9994
vn 0.0002 -0.0352 -0.9994
vn 0.0002 -0.0296 -0.9996
vn 0.0002 -0.0299 -0.9996
vn 0.0002 -0.0226 -0.9997
vn 0.0002 -0.0158 -0.9999
vn 0.0002 -0.0155 -0.9999
vn 0.0002 -0.0160 -0.9999
vn 0.0002 -0.0111 -0.9999
vn 0.0002 -0.0068 -1.0000
vn 0.0002 -0.0069 -1.0000
vn 0.0002 -0.0066 -1.0000
vn 0.0002 -0.0061 -1.0000
vn 0.0002 -0.0018 -1.0000
vn 0.0002 -0.0014 -1.0000
vn 0.0002 -0.0020 -1.0000
vn 0.0002 -0.2829 -0.9592
vn 0.0002 -0.2831 -0.9591
vn 0.0001 -0.2829 -0.9592
vn 0.0001 -0.4051 -0.9143
vn 0.0001 -0.4041 -0.9147
vn 0.0002 -0.4044 -0.9146
vn 0.0001 -0.3917 -0.9201
vn 0.0002 -0.3919 -0.9200
vn 0.0002 -0.3799 -0.9250
vn 0.0002 -0.3723 -0.9281
vn 0.0002 -0.3649 -0.9311
vn 0.0002 -0.3550 -0.9349
vn 0.0002 -0.3441 -0.9389
vn 0.0002 -0.3443 -0.9389
vn 0.0003 -0.3444 -0.9388
vn 0.0002 -0.3446 -0.9388
vn 0.0001 -0.3345 -0.9424
vn 0.0002 -0.3225 -0.9466
vn 0.0002 -0.2969 -0.9549
vn 0.0002 -0.3038 -0.9527
vn 0.0002 -0.3034 -0.9529
vn 0.0002 -0.3351 -0.9422
vn 0.0002 -0.3356 -0.9420
vn 0.0001 -0.3350 -0.9422
vn 0.0001 -0.3349 -0.9422
vn 0.0001 -0.3628 -0.9319
vn 0.0002 -0.3634 -0.9316
vn 0.0002 -0.3882 -0.9216
vn 0.0002 -0.3887 -0.9214
vn 0.0002 -0.3885 -0.9214
vn 0.0002 -0.4123 -0.9111
vn 0.0002 -0.4124 -0.9110
vn 0.0002 -0.4125 -0.9109
vn 0.0002 -0.4343 -0.9008
vn 0.0002 -0.4346 -0.9006
vn 0.0001 -0.4341 -0.9009
vn 0.0001 -0.4651 -0.8853
vn 0.0001 -0.4937 -0.8697
vn 0.0001 -0.5117 -0.8591
vn 0.0002 -0.5122 -0.8589
vn 0.0002 -0.5122 -0.8588
vn 0.0001 -0.5295 -0.8483
vn 0.0002 -0.5299 -0.8481
vn 0.0001 -0.5294 -0.8484
vn 0.0001 -0.5297 -0.8482
vn 0.0001 -0.5471 -0.8371
vn 0.0001 -0.5469 -0.8372
vn 0.0001 -0.5466 -0.8374
vn 0.0002 -0.5638 -0.8259
vn 0.0002 -0.5892 -0.8080
vn 0.0001 -0.5890 -0.8081
vn 0.0001 -0.5856 -0.8106
vn 0.0001 -0.5852 -0.8109
vn 0.0001 -0.5855 -0.8106
vn 0.0001 -0.5746 -0.8184
vn 0.0001 -0.5746 -0.8185
vn 0.0001 -0.5743 -0.8186
vn 0.0002 -0.5566 -0.8308
vn 0.0001 -0.5570 -0.8305
vn 0.0002 -0.5305 -0.8477
vn 0.0001 -0.5302 -0.8479
vn 0.0001 -0.5300 -0.8480
vn 0.0001 -0.4893 -0.8721
vn 0.0001 -0.4894 -0.8721
vn 0.0002 -0.4282 -0.9037
vn 0.0001 -0.4277 -0.9039
vn 0.0002 -0.4281 -0.9037
vn 0.0001 -0.3446 -0.9388
vn 0.0001 -0.3445 -0.9388
vn 0.0002 -0.3448 -0.9387
vn 0.0002 -0.3447 -0.9387
vn 0.0002 -0.2471 -0.9690
vn 0.0002 -0.1553 -0.9879
vn 0.0002 -0.1546 -0.9880
vn 0.0002 -0.0842 -0.9965
vn 0.0002 -0.0231 -0.9997
vn 0.0002 -0.0234 -0.9997
vn 0.0002 0.0255 -0.9997
vn 0.0002 0.0258 -0.9997
vn 0.0002 0.0853 -0.9964
vn 0.0002 0.1247 -0.9922
vn 0.0002 0.1241 -0.9923
vn 0.0002 0.1240 -0.9923
vn 0.0002 0.1532 -0.9882
vn 0.0002 0.1781 -0.9840
vn 0.0002 0.2024 -0.9793
vn 0.0002 0.2267 -0.9740
vn 0.0002 0.2449 -0.9695
vn 0.0002 0.2454 -0.9694
vn 0.0002 0.2656 -0.9641
vn 0.0002 0.2662 -0.9639
vn 0.0002 0.2659 -0.9640
vn 0.0001 0.2927 -0.9562
vn 0.0001 0.2841 -0.9588
vn 0.0002 0.2778 -0.9606
vn 0.0001 0.2779 -0.9606
vn 0.0002 0.2772 -0.9608
vn 0.0002 0.2632 -0.9647
vn 0.0002 0.2632 -0.9648
vn 0.0002 0.2634 -0.9647
vn 0.0001 0.2634 -0.9647
vn 0.0001 0.2490 -0.9685
vn 0.0002 0.2335 -0.9724
vn 0.0002 0.2333 -0.9724
vn 0.0002 0.2177 -0.9760
vn 0.0002 0.2050 -0.9788
vn 0.0002 0.2053 -0.9787
vn 0.0002 0.1921 -0.9814
vn 0.0002 0.1925 -0.9813
vn 0.0002 0.1918 -0.9814
vn 0.0002 0.1782 -0.9840
vn 0.0002 0.1637 -0.9865
vn 0.0002 0.1644 -0.9864
vn 0.0002 0.1540 -0.9881
vn 0.0002 0.1437 -0.9896
vn 0.0002 0.1438 -0.9896
vn 0.0002 0.1224 -0.9925
vn 0.0002 0.0996 -0.9950
vn 0.0002 0.0998 -0.9950
vn 0.0002 0.0814 -0.9967
vn 0.0002 0.0624 -0.9980
vn 0.0002 0.0631 -0.9980
vn 0.0002 0.0493 -0.9988
vn 0.0002 0.0491 -0.9988
vn 0.0002 0.0486 -0.9988
vn 0.0002 0.0344 -0.9994
vn 0.0002 0.0348 -0.9994
vn 0.0002 0.0345 -0.9994
vn 0.0002 0.0346 -0.9994
vn 0.0002 0.0117 -0.9999
vn 0.0002 -0.0115 -0.9999
vn 0.0002 -0.0114 -0.9999
vn 0.0002 -0.0366 -0.9993
vn 0.0002 -0.0642 -0.9979
vn 0.0002 -0.0645 -0.9979
vn 0.0002 -0.0640 -0.9979
vn 0.0002 -0.0939 -0.9956
vn 0.0002 -0.0936 -0.9956
vn 0.0002 -0.1260 -0.9920
vn 0.0002 -0.1263 -0.9920
vn 0.0002 -0.1613 -0.9869
vn 0.0002 -0.1608 -0.9870
vn 0.0002 -0.1975 -0.9803
vn 0.0002 -0.1980 -0.9802
vn 0.0002 -0.2252 -0.9743
vn 0.0002 -0.2254 -0.9743
vn 0.0002 -0.2251 -0.9743
vn 0.0001 -0.2533 -0.9674
vn 0.0003 -0.2537 -0.9673
vn 0.0001 -0.2832 -0.9591
vn 0.0004 -0.2836 -0.9589
vn 0.0003 -0.2835 -0.9590
vn 0.0001 -0.3170 -0.9484
vn 0.0001 -0.3511 -0.9364
vn 0.0001 -0.3510 -0.9364
vn 0.0002 -0.3514 -0.9362
vn 0.0002 -0.3868 -0.9222
vn 0.0002 -0.4258 -0.9048
vn 0.0001 -0.4257 -0.9049
vn 0.0001 -0.4645 -0.8856
vn 0.0001 -0.5058 -0.8627
vn 0.0001 -0.5503 -0.8350
vn 0.0001 -0.5960 -0.8030
vn 0.0001 -0.5962 -0.8028
vn 0.0001 -0.6113 -0.7914
vn 0.0001 -0.5483 -0.8363
vn 0.0001 -0.4331 -0.9013
vn 0.0002 -0.4332 -0.9013
vn 0.0002 -0.4337 -0.9011
vn 0.0002 -0.2790 -0.9603
vn 0.0002 -0.2793 -0.9602
vn 0.0002 -0.1392 -0.9903
vn 0.0002 -0.1399 -0.9902
vn 0.0002 -0.1393 -0.9903
vn 0.0002 -0.0437 -0.9990
vn 0.0002 -0.0435 -0.9991
vn 0.0002 -0.0440 -0.9990
vn 0.0002 0.0149 -0.9999
vn 0.0002 0.0147 -0.9999
vn 0.0002 0.0150 -0.9999
vn 0.0002 0.0501 -0.9987
vn 0.0002 0.0716 -0.9974
vn 0.0002 0.0715 -0.9974
vn 0.0002 0.0842 -0.9964
vn 0.0002 0.0891 -0.9960
vn 0.0002 0.0892 -0.9960
vn 0.0002 0.0887 -0.9961
vn 0.0002 0.0890 -0.9960
vn 0.0002 0.1027 -0.9947
vn 0.0002 0.1028 -0.9947
vn 0.0002 0.1186 -0.9929
vn 0.0002 0.1245 -0.9922
vn 0.0002 0.1249 -0.9922
vn 0.0002 0.1242 -0.9923
vn 0.0002 0.1304 -0.9915
vn 0.0002 0.1303 -0.9915
vn 0.0002 0.1306 -0.9914
vn 0.0002 0.1311 -0.9914
vn 0.0002 0.1433 -0.9897
vn 0.0002 0.1434 -0.9897
vn 0.0002 0.1572 -0.9876
vn 0.0002 0.1567 -0.9876
vn 0.0002 0.1645 -0.9864
vn 0.0002 0.1646 -0.9864
vn 0.0002 0.1643 -0.9864
vn 0.0002 0.1648 -0.9863
vn 0.0002 0.1771 -0.9842
vn 0.0002 0.1919 -0.9814
vn 0.0002 0.1914 -0.9815
vn 0.0002 0.2108 -0.9775
vn 0.0002 0.2111 -0.9775
vn 0.0002 0.2368 -0.9716
vn 0.0002 0.2364 -0.9716
vn 0.0001 0.2617 -0.9652
vn 0.0001 0.3014 -0.9535
vn 0.0002 0.3011 -0.9536
vn 0.0002 0.3014 -0.9535
vn 0.0002 0.3220 -0.9467
vn 0.0002 0.2993 -0.9542
vn 0.0001 0.2996 -0.9541
vn 0.0002 0.2751 -0.9614
vn 0.0001 0.2757 -0.9613
vn 0.0002 0.2752 -0.9614
vn 0.0002 0.2504 -0.9682
vn 0.0002 0.2504 -0.9681
vn 0.0002 0.2241 -0.9746
vn 0.0002 0.2240 -0.9746
vn 0.0002 0.1979 -0.9802
vn 0.0002 0.1690 -0.9856
vn 0.0002 0.1401 -0.9901
vn 0.0002 0.1399 -0.9902
vn 0.0002 0.1398 -0.9902
vn 0.0002 0.1397 -0.9902
vn 0.0002 0.1107 -0.9939
vn 0.0002 0.0816 -0.9967
vn 0.0002 0.0510 -0.9987
vn 0.0002 -0.0085 -1.0000
vn 0.0002 -0.0384 -0.9993
vn 0.0002 -0.0667 -0.9978
vn 0.0002 -0.0665 -0.9978
vn 0.0002 -0.0945 -0.9955
vn 0.0002 -0.1363 -0.9907
vn 0.0002 -0.1362 -0.9907
vn 0.0002 -0.1762 -0.9843
vn 0.0002 -0.1761 -0.9844
vn 0.0002 -0.2135 -0.9769
vn 0.0002 -0.2135 -0.9770
vn 0.0002 -0.2476 -0.9688
vn 0.0002 -0.2477 -0.9688
vn 0.0001 -0.2695 -0.9630
vn 0.0001 -0.2906 -0.9568
vn 0.0001 -0.3192 -0.9477
vn 0.0002 -0.3195 -0.9476
vn 0.0002 -0.3458 -0.9383
vn 0.0002 -0.3631 -0.9318
vn 0.0002 -0.3626 -0.9319
vn 0.0002 -0.3788 -0.9255
vn 0.0002 -0.4005 -0.9163
vn 0.0002 -0.4006 -0.9163
vn 0.0002 -0.4007 -0.9162
vn 0.0002 -0.4204 -0.9074
vn 0.0002 -0.4206 -0.9073
vn 0.0002 -0.4206 -0.9072
vn 0.0002 -0.4203 -0.9074
vn 0.0002 -0.4443 -0.8959
vn 0.0002 -0.4659 -0.8848
vn 0.0002 -0.4656 -0.8850
vn 0.0003 -0.4656 -0.8850
vn 0.0001 -0.4653 -0.8851
vn 0.0001 -0.4768 -0.8790
vn 0.0002 -0.4769 -0.8790
vn 0.0002 -0.4640 -0.8858
vn 0.0002 -0.4574 -0.8893
vn 0.0002 -0.4573 -0.8893
vn 0.0002 -0.4497 -0.8932
vn 0.0002 -0.4314 -0.9022
vn 0.0002 -0.3937 -0.9193
vn 0.0002 -0.2612 -0.9653
vn 0.0002 -0.2613 -0.9653
vn 0.0002 -0.2611 -0.9653
vn 0.0002 -0.2610 -0.9653
vn 0.0001 -0.5459 -0.8378
vn 0.0002 -0.5464 -0.8376
vn 0.0002 -0.5464 -0.8375
vn 0.0001 -0.6915 -0.7224
vn 0.0001 -0.6911 -0.7227
vn 0.0001 -0.7446 -0.6675
vn 0.0001 -0.7449 -0.6671
vn 0.0001 -0.7757 -0.6311
vn 0.0001 -0.7756 -0.6312
vn 0.0001 -0.7967 -0.6044
vn 0.0001 -0.7968 -0.6043
vn 0.0001 -0.8124 -0.5830
vn 0.0001 -0.8125 -0.5829
vn 0.0001 -0.8253 -0.5647
vn 0.0001 -0.8253 -0.5648
vn 0.0001 -0.8251 -0.5650
vn 0.0001 -0.8358 -0.5490
vn 0.0001 -0.8357 -0.5493
vn 0.0001 -0.8359 -0.5489
vn 0.0001 -0.8453 -0.5343
vn 0.0001 -0.8454 -0.5341
vn 0.0001 -0.8541 -0.5202
vn 0.0001 -0.8539 -0.5204
vn 0.0001 -0.8539 -0.5205
vn 0.0001 -0.8656 -0.5007
vn 0.0001 -0.8660 -0.5001
vn 0.0001 -0.8770 -0.4805
vn 0.0001 -0.8771 -0.4802
vn 0.0001 -0.8846 -0.4663
vn 0.0001 -0.8776 -0.4794
vn 0.0001 -0.8776 -0.4793
vn 0.0001 -0.8775 -0.4796
vn 0.0001 -0.8775 -0.4797
vn 0.0001 -0.8688 -0.4952
vn 0.0001 -0.8573 -0.5148
vn 0.0001 -0.8571 -0.5151
vn 0.0001 -0.8385 -0.5449
vn 0.0001 -0.8385 -0.5448
vn 0.0001 -0.7780 -0.6282
vn 0.0001 -0.7777 -0.6286
vn 0.0001 -0.7778 -0.6286
vn 0.0001 0.7161 -0.6980
vn 0.0001 0.7160 -0.6981
vn 0.0001 0.9189 -0.3945
vn 0.0001 0.9188 -0.3947
vn 0.0001 0.9367 -0.3502
vn 0.0001 0.9365 -0.3507
vn 0.0001 0.9540 -0.2997
vn -0.0000 0.9541 -0.2996
vn 0.0002 0.9541 -0.2994
vn -0.0000 0.9543 -0.2989
vn 0.0001 0.9542 -0.2991
vn 0.0001 0.9437 -0.3308
vn 0.0001 0.9436 -0.3311
vn 0.0001 0.9437 -0.3307
vn 0.0001 0.9436 -0.3312
vn 0.0001 0.9208 -0.3899
vn 0.0001 0.9207 -0.3902
vn 0.0001 0.8678 -0.4969
vn 0.0001 0.8680 -0.4966
vn 0.0001 0.8678 -0.4968
vn 0.0001 0.7621 -0.6474
vn 0.0001 0.7624 -0.6472
vn 0.0001 0.7624 -0.6471
vn 0.0001 0.6172 -0.7868
vn 0.0001 0.6169 -0.7871
vn 0.0002 0.6168 -0.7871
vn 0.0002 0.4953 -0.8687
vn 0.0001 0.4957 -0.8685
vn 0.0001 0.4958 -0.8684
vn -0.0000 0.4954 -0.8686
vn 0.0002 0.4246 -0.9054
vn 0.0001 0.4250 -0.9052
vn 0.0002 0.4245 -0.9054
vn 0.0002 0.4249 -0.9052
vn 0.0002 0.3910 -0.9204
vn 0.0001 0.3910 -0.9204
vn 0.0001 0.4189 -0.9080
vn 0.0001 0.4842 -0.8750
vn 0.0001 0.4842 -0.8749
vn 0.0001 0.5620 -0.8271
vn 0.0002 0.5619 -0.8272
vn 0.0001 0.6412 -0.7674
vn 0.0001 0.6414 -0.7672
vn 0.0001 0.6416 -0.7671
vn 0.0001 0.7092 -0.7050
vn 0.0001 0.7095 -0.7047
vn 0.0001 0.7594 -0.6506
vn 0.0001 0.7596 -0.6504
vn 0.0001 0.7944 -0.6073
vn 0.0001 0.7944 -0.6074
vn 0.0001 0.7946 -0.6071
vn 0.0001 0.8186 -0.5744
vn 0.0001 0.8349 -0.5504
vn 0.0001 0.8579 -0.5139
vn 0.0001 0.8619 -0.5071
vn 0.0001 0.8621 -0.5067
vn 0.0001 0.8620 -0.5068
vn 0.0001 0.8622 -0.5065
vn 0.0001 0.8633 -0.5047
vn 0.0001 0.8635 -0.5044
vn 0.0001 0.8662 -0.4997
vn 0.0001 0.8664 -0.4994
vn 0.0001 0.8749 -0.4843
vn 0.0001 0.8879 -0.4601
vn 0.0001 0.8879 -0.4600
vn 0.0001 0.8980 -0.4399
vn 0.0001 0.8981 -0.4398
vn 0.0001 0.8979 -0.4403
vn 0.0001 0.8980 -0.4400
vn 0.0001 0.9119 -0.4104
vn 0.0001 0.9116 -0.4110
vn 0.0001 0.9118 -0.4106
vn 0.0001 0.9309 -0.3652
vn 0.0001 0.9581 -0.2864
vn -0.0000 0.9582 -0.2862
vn -0.0000 0.9914 -0.1310
vn -0.0000 0.9914 -0.1311
vn -0.0000 0.9778 0.2095
vn -0.0001 0.7345 0.6786
vn -0.0001 0.7345 0.6787
vn -0.0001 0.7348 0.6783
vn 1.0000 -0.0002 0.0002
vn 1.0000 -0.0000 0.0002
vn -1.0000 -0.0000 -0.0002
vn -1.0000 -0.0001 -0.0000
vn -1.0000 -0.0001 -0.0002
vn 1.0000 -0.0002 0.0001
vn -1.0000 -0.0000 -0.0000
vn 1.0000 -0.0001 0.0002
vn -1.0000 0.0002 -0.0001
vn 1.0000 -0.0000 0.0003
vn 1.0000 -0.0001 0.0001
vn -1.0000 -0.0002 -0.0002
vn -1.0000 0.0001 -0.0002
vn 1.0000 -0.0000 -0.0000
vn 1.0000 0.0003 0.0001
vn -1.0000 -0.0000 -0.0001
vn -1.0000 -0.0000 -0.0003
vn 1.0000 -0.0000 0.0001
vn -1.0000 0.0002 -0.0003
vn -1.0000 0.0002 -0.0002
vn 1.0000 -0.0003 0.0002
vn 1.0000 0.0002 0.0002
vn -1.0000 0.0001 -0.0001
vn 1.0000 -0.0004 0.0001
vn -1.0000 -0.0001 -0.0001
vn 1.0000 -0.0001 0.0003
vn -1.0000 -0.0001 0.0001
vn 1.0000 -0.0001 -0.0000
vn 1.0000 0.0001 -0.0000
vn 1.0000 0.0002 -0.0000
vn -1.0000 0.0001 -0.0000
vn 1.0000 -0.0000 0.0004
vn 1.0000 0.0001 0.0003
vn 1.0000 -0.0002 -0.0000
vn -1.0000 -0.0002 -0.0000
vn 1.0000 -0.0000 0.0005
vn -1.0000 -0.0000 -0.0008
vn -1.0000 0.0002 -0.0000
vn 1.0000 0.0002 0.0001
vn 1.0000 -0.0001 0.0004
vn -1.0000 0.0001 -0.0003
vn 1.0000 -0.0003 0.0001
vn 1.0000 -0.0000 0.0006
vn 1.0000 -0.0000 -0.0001
vn 1.0000 0.0003 -0.0000
vn -1.0000 0.0004 -0.0000
vn 1.0000 0.0001 0.0005
vn 1.0000 -0.0003 -0.0000
vn -1.0000 0.0002 0.0001
vn 1.0000 0.0001 0.0004
vn -1.0000 0.0001 0.0002
vn -1.0000 -0.0000 -0.0005
vn -1.0000 -0.0001 -0.0003
vn 1.0000 -0.0005 -0.0000
vn -1.0000 -0.0000 -0.0004
vn 1.0000 0.0006 -0.0000
vn -1.0000 0.0003 -0.0000
vn 1.0000 -0.0000 -0.0003
vn 1.0000 -0.0000 0.0027
vn -1.0000 -0.0000 0.0048
vn 1.0000 0.0002 0.0005
vn -1.0000 0.0001 0.0001
vn 1.0000 0.0002 0.0006
vn 1.0000 0.0001 0.0002
vn 1.0000 -0.0002 0.0003
vn 1.0000 0.0003 0.0003
vn -1.0000 -0.0005 -0.0004
vn -1.0000 -0.0002 0.0002
vn -1.0000 -0.0000 0.0001
vn -1.0000 -0.0002 0.0001
vn 1.0000 0.0001 0.0001
vn 1.0000 -0.0004 -0.0000
vn 1.0000 -0.0000 -0.0002
vn -1.0000 0.0001 -0.0004
vn -1.0000 -0.0003 -0.0000
vn -1.0000 -0.0002 -0.0008
vn -1.0000 -0.0000 -0.0006
vn -1.0000 -0.0002 -0.0001
vn 1.0000 -0.0001 -0.0002
vn -1.0000 0.0001 0.0004
vn -1.0000 0.0002 0.0003
vn 1.0000 0.0004 0.0003
vn 1.0000 0.0001 -0.0001
vn 1.0000 -0.0000 0.0011
vn -1.0000 -0.0000 0.0006
vn -1.0000 -0.0001 -0.0004
vn 1.0000 -0.0001 -0.0001
vn 1.0000 -0.0003 -0.0001
vn -1.0000 0.0003 -0.0004
vn -1.0000 -0.0001 0.0002
vn -1.0000 0.0002 0.0002
vn 1.0000 -0.0004 -0.0001
vn -1.0000 -0.0000 0.0002
vn 1.0000 -0.0004 0.0004
vn -1.0000 0.0004 0.0001
vn 1.0000 -0.0000 0.0013
vn -1.0000 -0.0000 0.0012
vn 1.0000 0.0001 -0.0003
vn -1.0000 -0.0001 -0.0006
vn -1.0000 0.0001 0.0003
vn -1.0000 -0.0001 0.0003
vn 1.0000 -0.0000 0.0009
vn -1.0000 -0.0000 0.0005
vn 1.0000 -0.0000 -0.0004
vn -1.0000 -0.0000 0.0003
vn -1.0000 0.0001 -0.0006
vn 1.0000 -0.0000 -0.0014
vn -1.0000 -0.0000 -0.0016
vn -0.9998 -0.0000 0.0201
vn -1.0000 0.0003 -0.0001
vn -1.0000 -0.0002 -0.0004
vn 1.0000 -0.0000 0.0008
vn -1.0000 -0.0000 0.0004
vn 1.0000 -0.0000 -0.0064
vn -1.0000 -0.0000 -0.0055
vn 1.0000 -0.0000 0.0012
vn -1.0000 -0.0000 0.0007
vn -1.0000 -0.0000 -0.0007
vn 1.0000 -0.0000 -0.0026
vn -1.0000 -0.0000 -0.0029
vn 1.0000 -0.0002 0.0005
vn 1.0000 0.0003 0.0002
vn -1.0000 0.0004 -0.0001
vn -1.0000 -0.0003 -0.0002
vn -1.0000 0.0001 -0.0007
vn 1.0000 -0.0001 0.0007
vn -1.0000 -0.0000 0.0031
vn -1.0000 -0.0000 0.0030
vn 1.0000 -0.0000 -0.0010
vn -1.0000 -0.0000 -0.0012
vn -1.0000 -0.0003 -0.0003
vn 1.0000 0.0002 0.0004
vn -1.0000 0.0004 -0.0003
vn -1.0000 -0.0004 -0.0005
vn 1.0000 0.0004 0.0005
vn 1.0000 -0.0005 -0.0001
vn 1.0000 0.0003 0.0004
vn -0.0001 0.8569 0.5154
vn -0.0001 0.8568 0.5157
vn -0.0001 0.8570 0.5154
vn -0.0001 0.8640 0.5035
vn -0.0001 0.8640 0.5034
vn -0.0001 0.8709 0.4914
vn -0.0001 0.8710 0.4913
vn -0.0001 0.8708 0.4916
vn -0.0001 0.8785 0.4778
vn -0.0001 0.8783 0.4780
vn -0.0001 0.8783 0.4781
vn -0.0001 0.8865 0.4628
vn -0.0001 0.8868 0.4622
vn -0.0001 0.8866 0.4625
vn -0.0001 0.8970 0.4421
vn -0.0001 0.8969 0.4422
vn -0.0001 0.9116 0.4111
vn -0.0001 0.9118 0.4107
vn -0.0001 0.9117 0.4109
vn -0.0001 0.9116 0.4112
vn -0.0001 0.9425 0.3343
vn -0.0001 0.9425 0.3342
vn -0.0001 0.9424 0.3345
vn -0.0001 0.9429 0.3330
vn -0.0001 0.9430 0.3327
vn -0.0001 0.7202 0.6937
vn -0.0001 0.7203 0.6937
vn -0.0001 0.7203 0.6936
vn -0.0001 0.7202 0.6938
vn -0.0002 0.6050 0.7962
vn -0.0002 0.6050 0.7963
vn -0.0001 0.6049 0.7963
vn -0.0001 0.6050 0.7962
vn -0.0001 0.5243 0.8515
vn -0.0002 0.5238 0.8518
vn -0.0002 0.4515 0.8923
vn -0.0002 0.4512 0.8924
vn -0.0001 0.4424 0.8968
vn -0.0003 0.4422 0.8969
vn -0.0001 0.4940 0.8695
vn -0.0001 0.5394 0.8420
vn -0.0002 0.5390 0.8423
vn -0.0002 0.5389 0.8423
vn -0.0002 0.5850 0.8110
vn -0.0001 0.6413 0.7673
vn -0.0001 0.6417 0.7670
vn -0.0001 0.7347 0.6784
vn -0.0001 0.8345 0.5510
vn -0.0001 0.8343 0.5513
vn -0.0001 0.8622 0.5066
vn -0.0001 0.8624 0.5063
vn -0.0001 0.8621 0.5067
vn -0.0001 0.8795 0.4758
vn -0.0001 0.8923 0.4515
vn -0.0001 0.8922 0.4517
vn -0.0001 0.9061 0.4231
vn -0.0001 0.9061 0.4230
vn -0.0001 0.9167 0.3995
vn -0.0001 0.9166 0.3998
vn -0.0001 0.9224 0.3863
vn -0.0001 0.9224 0.3862
vn -0.0001 0.9274 0.3742
vn -0.0001 0.9273 0.3744
vn -0.0001 0.9274 0.3740
vn -0.0001 0.9321 0.3621
vn -0.0001 0.9318 0.3628
vn -0.0001 0.9361 0.3518
vn -0.0001 0.9361 0.3516
vn -0.0002 0.9360 0.3521
vn -0.0001 0.9400 0.3413
vn -0.0001 0.9398 0.3417
vn -0.0001 0.9399 0.3415
vn -0.0001 0.9397 0.3420
vn -0.0001 0.9436 0.3310
vn -0.0001 0.9471 0.3209
vn -0.0001 0.9472 0.3207
vn -0.0001 0.9471 0.3211
vn -0.0000 0.9540 0.2999
vn -0.0000 0.9540 0.2998
vn -0.0000 0.9607 0.2777
vn -0.0001 0.9606 0.2779
vn -0.0000 0.9607 0.2775
vn -0.0000 0.9659 0.2590
vn -0.0001 0.9659 0.2590
vn -0.0000 0.9659 0.2589
vn -0.0000 0.9712 0.2381
vn -0.0000 0.9714 0.2376
vn -0.0000 0.9712 0.2382
vn -0.0000 0.9713 0.2377
vn -0.0000 0.9736 0.2283
vn -0.0000 0.9736 0.2281
vn -0.0000 0.9703 0.2420
vn -0.0000 0.9703 0.2418
vn -0.0000 0.9702 0.2424
vn -0.0000 0.9654 0.2608
vn -0.0000 0.9654 0.2609
vn -0.0000 0.9595 0.2819
vn -0.0000 0.9594 0.2819
vn -0.0000 0.9594 0.2822
vn -0.0001 0.9435 0.3314
vn -0.0001 0.9434 0.3317
vn -0.0001 0.9435 0.3313
vn -0.0001 0.9333 0.3591
vn -0.0001 0.9333 0.3590
vn -0.0001 0.9217 0.3879
vn -0.0001 0.9218 0.3876
vn -0.0001 0.9218 0.3877
vn -0.0001 0.9091 0.4166
vn -0.0001 0.9089 0.4170
vn -0.0001 0.9089 0.4171
vn -0.0001 0.8952 0.4456
vn -0.0001 0.8951 0.4459
vn -0.0001 0.8805 0.4740
vn -0.0001 0.8807 0.4738
vn -0.0001 0.8807 0.4737
vn -0.0001 0.8659 0.5002
vn -0.0001 0.8658 0.5005
vn -0.0001 0.8657 0.5005
vn -0.0001 0.8511 0.5250
vn -0.0001 0.8513 0.5247
vn -0.0001 0.8372 0.5469
vn -0.0001 0.8375 0.5464
vn -0.0001 0.8372 0.5470
vn -0.0001 0.8216 0.5701
vn -0.0001 0.8215 0.5702
vn -0.0001 0.8215 0.5703
vn -0.0001 0.8134 0.5817
vn -0.0001 0.8136 0.5814
vn -0.0001 0.8018 0.5976
vn -0.0001 0.8018 0.5975
vn -0.0001 0.7816 0.6237
vn -0.0001 0.7555 0.6551
vn -0.0001 0.7023 0.7119
vn -0.0001 0.7020 0.7122
vn -0.0002 0.5386 0.8426
vn -0.0002 0.5385 0.8426
vn -0.0001 -0.9423 0.3348
vn -0.0001 -0.9422 0.3350
vn -0.0000 -0.9906 0.1365
vn -0.0000 -0.9980 0.0628
vn -0.0000 -0.9980 0.0627
vn -0.0000 -0.9997 0.0262
vn -0.0000 -0.9997 0.0256
vn -0.0000 -0.9997 0.0258
vn -0.0000 -1.0000 0.0065
vn -0.0000 -0.9992 0.0390
vn -0.0000 -0.9992 0.0389
vn -0.0000 -0.9971 0.0765
vn -0.0000 -0.9971 0.0759
vn -0.0000 -0.9945 0.1047
vn -0.0000 -0.9945 0.1046
vn -0.0000 -0.9945 0.1052
vn -0.0000 -0.9917 0.1287
vn -0.0000 -0.9889 0.1487
vn -0.0000 -0.9888 0.1491
vn -0.0000 -0.9889 0.1486
vn -0.0000 -0.9859 0.1672
vn -0.0000 -0.9829 0.1843
vn -0.0000 -0.9828 0.1844
vn -0.0000 -0.9828 0.1845
vn -0.0000 -0.9796 0.2011
vn -0.0000 -0.9796 0.2012
vn -0.0000 -0.9742 0.2256
vn -0.0000 -0.9679 0.2514
vn -0.0000 -0.9601 0.2798
vn -0.0001 -0.9601 0.2797
vn -0.0001 -0.9612 0.2759
vn -0.0000 -0.9665 0.2566
vn -0.0000 -0.9665 0.2565
vn -0.0000 -0.9705 0.2411
vn -0.0000 -0.9705 0.2412
vn -0.0000 -0.9734 0.2293
vn -0.0000 -0.9734 0.2292
vn -0.0000 -0.9733 0.2294
vn -0.0000 -0.9758 0.2185
vn -0.0000 -0.9797 0.2005
vn -0.0000 -0.9797 0.2004
vn -0.0000 -0.9830 0.1837
vn -0.0000 -0.9829 0.1841
vn -0.0000 -0.9843 0.1764
vn -0.0000 -0.9843 0.1766
vn -0.0000 -0.9858 0.1679
vn -0.0000 -0.9879 0.1550
vn -0.0000 -0.9900 0.1412
vn -0.0000 -0.9901 0.1407
vn -0.0000 -0.9915 0.1299
vn -0.0000 -0.9931 0.1170
vn -0.0000 -0.9931 0.1171
vn -0.0000 -0.9944 0.1055
vn -0.0000 -0.9944 0.1056
vn -0.0000 -0.9944 0.1060
vn -0.0000 -0.9938 0.1113
vn -0.0000 -0.9938 0.1111
vn -0.0000 -0.9939 0.1107
vn -0.0000 -0.9920 0.1265
vn -0.0000 -0.9920 0.1261
vn -0.0000 -0.9920 0.1266
vn -0.0000 -0.9893 0.1458
vn -0.0000 -0.9867 0.1627
vn -0.0000 -0.9867 0.1626
vn -0.0000 -0.9830 0.1833
vn -0.0000 -0.9830 0.1834
vn -0.0000 -0.9778 0.2096
vn -0.0000 -0.9778 0.2097
vn -0.0000 -0.9779 0.2091
vn -0.0000 -0.9703 0.2421
vn -0.0000 -0.9703 0.2419
vn -0.0001 -0.9592 0.2827
vn -0.0000 -0.9592 0.2829
vn -0.0001 -0.9423 0.3347
vn -0.0001 -0.9168 0.3993
vn -0.0001 -0.8778 0.4790
vn -0.0001 -0.8776 0.4794
vn -0.0001 -0.8182 0.5749
vn -0.0001 -0.8180 0.5752
vn -0.0001 -0.7359 0.6771
vn -0.0001 -0.6355 0.7721
vn -0.0001 -0.5281 0.8492
vn -0.0002 -0.5286 0.8489
vn -0.0002 -0.4289 0.9034
vn -0.0002 -0.4286 0.9035
vn -0.0002 -0.4288 0.9034
vn -0.0001 -0.3083 0.9513
vn -0.0002 -0.1700 0.9854
vn -0.0002 -0.1113 0.9938
vn -0.0002 -0.0833 0.9965
vn -0.0002 -0.0840 0.9965
vn -0.0002 -0.0676 0.9977
vn -0.0002 -0.0673 0.9977
vn -0.0002 -0.0443 0.9990
vn -0.0002 -0.0351 0.9994
vn -0.0002 -0.0311 0.9995
vn -0.0002 -0.0274 0.9996
vn -0.0002 -0.0228 0.9997
vn -0.0002 -0.0174 0.9998
vn -0.0002 -0.0177 0.9998
vn -0.0002 -0.0180 0.9998
vn -0.0002 -0.0181 0.9998
vn -0.0002 -0.0047 1.0000
vn -0.0002 0.0060 1.0000
vn -0.0002 0.0064 1.0000
vn -0.0002 0.0067 1.0000
vn -0.0002 0.0115 0.9999
vn -0.0002 0.0175 0.9998
vn -0.0002 0.0247 0.9997
vn -0.0002 0.0246 0.9997
vn -0.0002 0.0253 0.9997
vn -0.0002 0.0254 0.9997
vn -0.0002 0.0350 0.9994
vn -0.0002 0.0471 0.9989
vn -0.0002 0.0474 0.9989
vn -0.0002 0.0467 0.9989
vn -0.0002 0.0545 0.9985
vn -0.0002 0.0547 0.9985
vn -0.0002 0.0549 0.9985
vn -0.0002 0.0627 0.9980
vn -0.0002 0.0726 0.9974
vn -0.0002 0.0900 0.9959
vn -0.0002 0.0896 0.9960
vn -0.0002 0.1111 0.9938
vn -0.0002 0.1112 0.9938
vn -0.0002 0.1385 0.9904
vn -0.0002 0.1733 0.9849
vn -0.0002 0.2020 0.9794
vn -0.0002 0.2016 0.9795
vn -0.0002 0.2363 0.9717
vn -0.0002 0.2366 0.9716
vn -0.0002 0.2765 0.9610
vn -0.0002 0.2766 0.9610
vn -0.0002 0.2763 0.9611
vn -0.0002 0.3238 0.9461
vn -0.0002 0.3239 0.9461
vn -0.0002 0.3781 0.9257
vn -0.0002 0.3781 0.9258
vn -0.0001 0.3787 0.9255
vn -0.0001 0.3788 0.9255
vn -0.0001 0.4400 0.8980
vn -0.0001 0.5074 0.8617
vn -0.0000 0.5070 0.8620
vn -0.0000 0.5070 0.8619
vn -0.0001 0.5763 0.8173
vn -0.0001 0.5763 0.8172
vn -0.0001 0.6655 0.7464
vn -0.0001 0.6657 0.7462
vn -0.0001 0.6652 0.7466
vn -0.0001 0.6654 0.7465
vn -0.0002 0.6101 0.7924
vn -0.0002 0.6100 0.7924
vn -0.0001 0.6104 0.7921
vn -0.0001 0.6105 0.7920
vn -0.0001 0.5144 0.8576
vn -0.0001 0.3561 0.9345
vn -0.0002 0.3559 0.9345
vn -0.0002 0.3560 0.9345
vn -0.0002 0.1288 0.9917
vn -0.0002 0.1286 0.9917
vn -0.0002 0.1289 0.9917
vn -0.0002 -0.1079 0.9942
vn -0.0002 -0.1074 0.9942
vn -0.0001 -0.3984 0.9172
vn -0.0002 -0.3990 0.9170
vn -0.0002 -0.3990 0.9169
vn -0.0002 -0.4866 0.8736
vn -0.0001 -0.4866 0.8736
vn -0.0001 -0.4867 0.8735
vn -0.0001 -0.4888 0.8724
vn -0.0001 -0.4275 0.9040
vn -0.0001 -0.3448 0.9387
vn -0.0002 -0.2591 0.9658
vn -0.0002 -0.2596 0.9657
vn -0.0002 -0.2597 0.9657
vn -0.0002 -0.2598 0.9657
vn -0.0002 -0.1900 0.9818
vn -0.0002 -0.1382 0.9904
vn -0.0002 -0.1008 0.9949
vn -0.0002 -0.1011 0.9949
vn -0.0002 -0.1015 0.9948
vn -0.0002 -0.0652 0.9979
vn -0.0002 -0.0421 0.9991
vn -0.0002 -0.0417 0.9991
vn -0.0002 -0.0415 0.9991
vn -0.0002 -0.0317 0.9995
vn -0.0002 -0.0314 0.9995
vn -0.0002 -0.0320 0.9995
vn -0.0002 -0.0242 0.9997
vn -0.0002 -0.0241 0.9997
vn -0.0002 -0.0126 0.9999
vn -0.0002 -0.0060 1.0000
vn -0.0002 -0.0058 1.0000
vn -0.0002 -0.0022 1.0000
vn -0.0002 -0.0235 0.9997
vn -0.0002 -0.0229 0.9997
vn -0.0002 -0.4773 0.8788
vn -0.0001 -0.4771 0.8788
vn -0.0002 -0.4771 0.8788
vn -0.0002 -0.4770 0.8789
vn -0.0002 -0.4774 0.8787
vn -0.0001 -0.4768 0.8790
vn -0.0002 -0.4531 0.8914
vn -0.0002 -0.4534 0.8913
vn -0.0002 0.0168 0.9999
vn -0.0002 0.0169 0.9999
vn -0.0002 0.0163 0.9999
vn -0.0002 0.0156 0.9999
vn -0.0002 0.0162 0.9999
vn -0.0002 -0.0043 1.0000
vn -0.0002 -0.0103 0.9999
vn -0.0002 -0.0101 0.9999
vn -0.0002 -0.0327 0.9995
vn -0.0002 -0.0330 0.9995
vn -0.0002 -0.0535 0.9986
vn -0.0002 -0.0534 0.9986
vn -0.0002 -0.1239 0.9923
vn -0.0002 -0.1242 0.9923
vn -0.0002 -0.1238 0.9923
vn -0.0002 -0.1235 0.9923
vn -0.0002 -0.1579 0.9875
vn -0.0002 -0.1578 0.9875
vn -0.0002 -0.1977 0.9803
vn -0.0002 -0.2410 0.9705
vn -0.0002 -0.2408 0.9706
vn -0.0002 -0.2407 0.9706
vn -0.0001 -0.2407 0.9706
vn -0.0001 -0.2825 0.9593
vn -0.0002 -0.2830 0.9591
vn -0.0002 -0.2828 0.9592
vn -0.0002 -0.2831 0.9591
vn -0.0002 -0.3194 0.9476
vn -0.0002 -0.3193 0.9477
vn -0.0002 -0.3193 0.9476
vn -0.0001 -0.3429 0.9394
vn -0.0001 -0.3150 0.9491
vn -0.0002 -0.2756 0.9613
vn -0.0002 -0.2753 0.9614
vn -0.0002 -0.2759 0.9612
vn -0.0002 -0.2381 0.9712
vn -0.0002 -0.2377 0.9713
vn -0.0002 -0.2041 0.9789
vn -0.0002 -0.2038 0.9790
vn -0.0002 -0.2040 0.9790
vn -0.0002 -0.2035 0.9791
vn -0.0002 -0.1493 0.9888
vn -0.0002 -0.1291 0.9916
vn -0.0002 -0.1046 0.9945
vn -0.0002 -0.0860 0.9963
vn -0.0002 -0.0649 0.9979
vn -0.0002 -0.0504 0.9987
vn -0.0002 -0.0425 0.9991
vn -0.0002 -0.0366 0.9993
vn -0.0002 -0.0259 0.9997
vn -0.0002 -0.0216 0.9998
vn -0.0002 -0.0173 0.9999
vn -0.0002 -0.0168 0.9999
vn -0.0002 -0.0175 0.9998
vn -0.0002 -0.0059 1.0000
vn -0.0002 0.0065 1.0000
vn -0.0002 0.0061 1.0000
vn -0.0002 0.0058 1.0000
vn -0.0002 0.0123 0.9999
vn -0.0002 0.0122 0.9999
vn -0.0002 0.0126 0.9999
vn -0.0002 0.0187 0.9998
vn -0.0002 0.0186 0.9998
vn -0.0002 0.0224 0.9997
vn -0.0002 0.0227 0.9997
vn -0.0002 0.0230 0.9997
vn -0.0002 0.0231 0.9997
vn -0.0002 0.0277 0.9996
vn -0.0002 0.0274 0.9996
vn -0.0002 0.0372 0.9993
vn -0.0002 0.0480 0.9988
vn -0.0002 0.0479 0.9989
vn -0.0002 0.0473 0.9989
vn -0.0002 0.0531 0.9986
vn -0.0002 0.0536 0.9986
vn -0.0002 0.0687 0.9976
vn -0.0002 0.0688 0.9976
vn -0.0002 0.0857 0.9963
vn -0.0002 0.1050 0.9945
vn -0.0002 0.1261 0.9920
vn -0.0002 0.1403 0.9901
vn -0.0002 0.1554 0.9879
vn -0.0002 0.1556 0.9878
vn -0.0002 0.1721 0.9851
vn -0.0002 0.1720 0.9851
vn -0.0002 0.1724 0.9850
vn -0.0002 0.1894 0.9819
vn -0.0002 0.2092 0.9779
vn -0.0002 0.2299 0.9732
vn -0.0002 0.2524 0.9676
vn -0.0001 0.2524 0.9676
vn -0.0002 0.2521 0.9677
vn -0.0002 0.2760 0.9612
vn -0.0001 0.2762 0.9611
vn -0.0001 0.2763 0.9611
vn -0.0002 0.2938 0.9559
vn -0.0002 0.2937 0.9559
vn -0.0002 0.2936 0.9559
vn -0.0002 0.3114 0.9503
vn -0.0002 0.3421 0.9397
vn -0.0002 0.3290 0.9443
vn -0.0002 0.3291 0.9443
vn -0.0001 0.3046 0.9525
vn -0.0002 0.3044 0.9525
vn -0.0002 0.3043 0.9526
vn -0.0002 0.2605 0.9655
vn -0.0002 0.2604 0.9655
vn -0.0002 0.2607 0.9654
vn -0.0002 0.2611 0.9653
vn -0.0002 0.1864 0.9825
vn -0.0002 0.1865 0.9825
vn -0.0002 0.0758 0.9971
vn -0.0002 0.0759 0.9971
vn -0.0002 0.0760 0.9971
vn -0.0002 -0.0528 0.9986
vn -0.0002 -0.0531 0.9986
vn -0.0002 -0.0527 0.9986
vn -0.0002 -0.1607 0.9870
vn -0.0002 -0.2286 0.9735
vn -0.0001 -0.2652 0.9642
vn -0.0001 -0.2850 0.9585
vn -0.0001 -0.2796 0.9601
vn -0.0002 -0.2601 0.9656
vn -0.0001 -0.2601 0.9656
vn -0.0002 -0.2607 0.9654
vn -0.0002 -0.2267 0.9740
vn -0.0002 -0.2268 0.9740
vn -0.0002 -0.1734 0.9849
vn -0.0002 -0.1729 0.9849
vn -0.0002 -0.0972 0.9953
vn -0.0002 0.0730 0.9973
vn -0.0002 0.1351 0.9908
vn -0.0002 0.1352 0.9908
vn -0.0002 0.1777 0.9841
vn -0.0002 0.2052 0.9787
vn -0.0002 0.2268 0.9739
vn -0.0002 0.2380 0.9713
vn -0.0002 0.2387 0.9711
vn -0.0001 0.2387 0.9711
vn -0.0001 0.2574 0.9663
vn -0.0001 0.2575 0.9663
vn -0.0003 0.2790 0.9603
vn -0.0001 0.2794 0.9602
vn -0.0001 0.2995 0.9541
vn -0.0001 0.2996 0.9541
vn -0.0001 0.3286 0.9445
vn -0.0002 0.3592 0.9333
vn -0.0001 0.3595 0.9331
vn -0.0001 0.3823 0.9240
vn -0.0002 0.3820 0.9241
vn -0.0002 0.3823 0.9240
vn -0.0002 0.4106 0.9118
vn -0.0002 0.4483 0.8939
vn -0.0002 0.5087 0.8610
vn -0.0002 0.5983 0.8013
vn -0.0002 0.5982 0.8013
vn -0.0001 0.5987 0.8010
vn -0.0001 0.5900 0.8074
vn -0.0001 0.5203 0.8540
vn -0.0001 0.3588 0.9334
vn -0.0002 0.3583 0.9336
vn -0.0002 0.3585 0.9335
vn -0.0002 0.3582 0.9337
vn -0.0002 0.1240 0.9923
vn -0.0002 0.1241 0.9923
vn -0.0002 0.1243 0.9922
vn -0.0002 -0.0702 0.9975
vn -0.0002 -0.1820 0.9833
vn -0.0003 -0.1815 0.9834
vn -0.0002 -0.2395 0.9709
vn -0.0002 -0.2398 0.9708
vn -0.0002 -0.2402 0.9707
vn -0.0002 -0.2712 0.9625
vn -0.0002 -0.3004 0.9538
vn -0.0002 -0.2840 0.9588
vn -0.0002 -0.2837 0.9589
vn -0.0001 -0.2834 0.9590
vn -0.0002 -0.2471 0.9690
vn -0.0001 -0.2471 0.9690
vn -0.0002 -0.2077 0.9782
vn -0.0002 -0.1816 0.9834
vn -0.0002 -0.1572 0.9876
vn -0.0002 -0.1361 0.9907
vn -0.0002 -0.1360 0.9907
vn -0.0002 -0.1091 0.9940
vn -0.0002 -0.0869 0.9962
vn -0.0002 -0.0571 0.9984
vn -0.0002 -0.0446 0.9990
vn -0.0002 -0.0444 0.9990
vn -0.0002 -0.0352 0.9994
vn -0.0002 -0.0318 0.9995
vn -0.0002 -0.0310 0.9995
vn -0.0002 -0.0208 0.9998
vn -0.0002 -0.0265 0.9996
vn -0.0002 -0.0266 0.9996
vn -0.0002 -0.0335 0.9994
vn -0.0002 -0.0336 0.9994
vn -0.0002 -0.0333 0.9994
vn -0.0002 -0.0416 0.9991
vn -0.0002 -0.0484 0.9988
vn -0.0002 -0.0557 0.9984
vn -0.0002 -0.0930 0.9957
vn -0.0002 -0.0932 0.9957
vn -0.0002 -0.0932 0.9956
vn -0.0002 -0.1101 0.9939
vn -0.0002 -0.1324 0.9912
vn -0.0002 -0.1322 0.9912
vn -0.0002 -0.1514 0.9885
vn -0.0002 -0.1518 0.9884
vn -0.0002 -0.1760 0.9844
vn -0.0002 -0.2103 0.9776
vn -0.0002 -0.2108 0.9775
vn -0.0002 -0.2102 0.9777
vn -0.0002 -0.2101 0.9777
vn -0.0001 -0.2623 0.9650
vn -0.0001 -0.3501 0.9367
vn -0.0002 -0.3507 0.9365
vn -0.0002 -0.5519 0.8339
vn -0.0002 -0.5520 0.8339
vn -0.0001 -0.5515 0.8342
vn -0.0001 -0.5520 0.8338
vn -0.0000 -0.9997 0.0264
vn -0.0000 -0.9996 0.0267
vn 0.0002 -0.5095 -0.8605
vn 0.0002 -0.5095 -0.8604
vn 0.0001 -0.5090 -0.8607
vn 0.0001 -0.5094 -0.8605
vn 0.0001 -0.2702 -0.9628
vn 0.0002 -0.2706 -0.9627
vn 0.0002 -0.2702 -0.9628
vn 0.0002 -0.2708 -0.9626
vn 0.0002 -0.2143 -0.9768
vn 0.0002 -0.1818 -0.9833
vn 0.0002 -0.1577 -0.9875
vn 0.0002 -0.1580 -0.9874
vn 0.0002 -0.1380 -0.9904
vn 0.0002 -0.1381 -0.9904
vn 0.0002 -0.1374 -0.9905
vn 0.0002 -0.1056 -0.9944
vn 0.0002 -0.1120 -0.9937
vn 0.0002 -0.1121 -0.9937
vn 0.0002 -0.1123 -0.9937
vn 0.0002 -0.1124 -0.9937
vn 0.0002 -0.1415 -0.9899
vn 0.0002 -0.1902 -0.9818
vn 0.0002 -0.2344 -0.9721
vn 0.0002 -0.2338 -0.9723
vn 0.0002 -0.2337 -0.9723
vn 0.0001 -0.2815 -0.9596
vn 0.0001 -0.2814 -0.9596
vn 0.0002 -0.2810 -0.9597
vn 0.0001 -0.3253 -0.9456
vn 0.0002 -0.3615 -0.9324
vn 0.0001 -0.3902 -0.9207
vn 0.0002 -0.3907 -0.9205
vn 0.0002 -0.4191 -0.9079
vn 0.0002 -0.4375 -0.8992
vn 0.0001 -0.4370 -0.8995
vn 0.0001 -0.4369 -0.8995
vn 0.0001 -0.4478 -0.8941
vn 0.0002 -0.4476 -0.8942
vn 0.0002 -0.4545 -0.8908
vn 0.0002 -0.4600 -0.8879
vn 0.0001 -0.4600 -0.8879
vn 0.0001 -0.4514 -0.8923
vn 0.0002 -0.4520 -0.8920
vn 0.0002 -0.4516 -0.8922
vn 0.0002 -0.4460 -0.8950
vn 0.0002 -0.4459 -0.8951
vn 0.0001 -0.4458 -0.8951
vn 0.0001 -0.4406 -0.8977
vn 0.0001 -0.4304 -0.9027
vn 0.0002 -0.4200 -0.9075
vn 0.0002 -0.4201 -0.9075
vn 0.0003 -0.4196 -0.9077
vn 0.0002 -0.4202 -0.9074
vn 0.0002 -0.4143 -0.9101
vn 0.0002 -0.4148 -0.9099
vn 0.0002 -0.4090 -0.9125
vn 0.0002 -0.4029 -0.9152
vn 0.0002 -0.3961 -0.9182
vn 0.0002 -0.3960 -0.9183
vn 0.0001 -0.3884 -0.9215
vn 0.0002 -0.3797 -0.9251
vn 0.0002 -0.3798 -0.9251
vn 0.0002 -0.3685 -0.9296
vn 0.0002 -0.3683 -0.9297
vn 0.0002 -0.3687 -0.9295
vn 0.0001 -0.3540 -0.9352
vn 0.0002 -0.3324 -0.9431
vn 0.0002 -0.3325 -0.9431
vn 0.0002 -0.2958 -0.9553
vn 0.0002 -0.2424 -0.9702
vn 0.0002 -0.2417 -0.9704
vn 0.0002 -0.2031 -0.9792
vn 0.0002 -0.1769 -0.9842
vn 0.0002 -0.1776 -0.9841
vn 0.0002 -0.1587 -0.9873
vn 0.0002 -0.1584 -0.9874
vn 0.0002 -0.1586 -0.9873
vn 0.0002 -0.1317 -0.9913
vn 0.0002 -0.1319 -0.9913
vn 0.0002 -0.1119 -0.9937
vn 0.0002 -0.1008 -0.9949
vn 0.0002 -0.0904 -0.9959
vn 0.0002 -0.0844 -0.9964
vn 0.0002 -0.0848 -0.9964
vn 0.0002 -0.0845 -0.9964
vn 0.0002 -0.0792 -0.9969
vn 0.0002 -0.0793 -0.9968
vn 0.0002 -0.0794 -0.9968
vn 0.0002 -0.0694 -0.9976
vn 0.0002 -0.0692 -0.9976
vn 0.0002 -0.0600 -0.9982
vn 0.0002 -0.0606 -0.9982
vn 0.0002 -0.0560 -0.9984
vn 0.0002 -0.0561 -0.9984
vn 0.0002 -0.0567 -0.9984
vn 0.0002 -0.0479 -0.9989
vn 0.0002 -0.0402 -0.9992
vn 0.0002 -0.0399 -0.9992
vn 0.0002 -0.0400 -0.9992
vn 0.0002 -0.0359 -0.9994
vn 0.0002 -0.0320 -0.9995
vn 0.0002 -0.0261 -0.9997
vn 0.0003 -0.0257 -0.9997
vn 0.0002 -0.0196 -0.9998
vn 0.0002 -0.0201 -0.9998
vn 0.0002 -0.0065 -1.0000
vn 0.0002 0.0085 -1.0000
vn 0.0002 0.0081 -1.0000
vn 0.0002 0.0078 -1.0000
vn 0.0002 0.0136 -0.9999
vn 0.0002 0.0201 -0.9998
vn 0.0002 0.0349 -0.9994
vn 0.0002 0.0532 -0.9986
vn 0.0002 0.0647 -0.9979
vn 0.0002 0.0785 -0.9969
vn 0.0002 0.0789 -0.9969
vn 0.0002 0.0791 -0.9969
vn 0.0002 0.0786 -0.9969
vn 0.0002 0.0961 -0.9954
vn 0.0003 0.0958 -0.9954
vn 0.0002 0.1189 -0.9929
vn 0.0002 0.1496 -0.9887
vn 0.0002 0.1493 -0.9888
vn 0.0002 0.1500 -0.9887
vn 0.0002 0.1953 -0.9807
vn 0.0002 0.1952 -0.9808
vn 0.0002 0.1951 -0.9808
vn 0.0002 0.1910 -0.9816
vn 0.0002 0.1909 -0.9816
vn 0.0002 0.1911 -0.9816
vn 0.0002 0.1794 -0.9838
vn 0.0002 0.1579 -0.9875
vn 0.0002 0.1341 -0.9910
vn 0.0002 0.1344 -0.9909
vn 0.0002 0.0986 -0.9951
vn 0.0002 0.0466 -0.9989
vn 0.0002 0.0469 -0.9989
vn 0.0002 -0.0251 -0.9997
vn 0.0002 -0.1142 -0.9935
vn 0.0003 -0.2101 -0.9777
vn 0.0001 -0.2969 -0.9549
vn 0.0001 -0.2968 -0.9549
vn 0.0002 -0.2971 -0.9548
vn 0.0002 -0.2968 -0.9549
vn 0.0002 -0.3633 -0.9317
vn 0.0002 -0.4084 -0.9128
vn 0.0002 -0.4081 -0.9129
vn 0.0001 -0.4078 -0.9131
vn 0.0001 -0.4364 -0.8997
vn 0.0001 -0.4364 -0.8998
vn 0.0002 -0.4369 -0.8995
vn 0.0002 -0.4370 -0.8995
vn 0.0002 -0.4535 -0.8912
vn 0.0002 -0.4538 -0.8911
vn 0.0002 -0.4669 -0.8843
vn 0.0002 -0.4681 -0.8837
vn 0.0002 -0.4683 -0.8836
vn 0.0001 -0.4678 -0.8838
vn 0.0002 -0.4679 -0.8838
vn 0.0002 -0.4678 -0.8838
vn 0.0002 -0.4678 -0.8839
vn 0.0002 -0.3773 -0.9261
vn 0.0002 -0.3777 -0.9259
vn 0.0002 0.3591 -0.9333
vn 0.0002 0.3587 -0.9334
vn 0.0002 0.3588 -0.9334
vn 0.0002 0.3502 -0.9367
vn 0.0002 0.3282 -0.9446
vn 0.0002 0.3035 -0.9528
vn 0.0002 0.3040 -0.9527
vn 0.0001 0.3041 -0.9526
vn 0.0001 0.2788 -0.9603
vn 0.0002 0.2517 -0.9678
vn 0.0002 0.2512 -0.9679
vn 0.0002 0.2514 -0.9679
vn 0.0002 0.2231 -0.9748
vn 0.0002 0.1930 -0.9812
vn 0.0002 0.1619 -0.9868
vn 0.0002 0.1623 -0.9867
vn 0.0002 0.1625 -0.9867
vn 0.0002 0.1626 -0.9867
vn 0.0002 0.1307 -0.9914
vn 0.0002 0.0969 -0.9953
vn 0.0002 0.0630 -0.9980
vn 0.0003 0.0294 -0.9996
vn 0.0002 0.0297 -0.9996
vn 0.0002 -0.0030 -1.0000
vn 0.0002 -0.0029 -1.0000
vn 0.0002 -0.0037 -1.0000
vn 0.0002 -0.0032 -1.0000
vn 0.0002 -0.0831 -0.9965
vn 0.0002 -0.1290 -0.9916
vn 0.0002 -0.1574 -0.9875
vn 0.0002 -0.1572 -0.9876
vn 0.0002 -0.1972 -0.9804
vn 0.0002 -0.2345 -0.9721
vn 0.0002 -0.2351 -0.9720
vn 0.0002 -0.2352 -0.9720
vn 0.0002 -0.2680 -0.9634
vn 0.0002 -0.2987 -0.9544
vn 0.0002 -0.2984 -0.9544
vn 0.0002 -0.2985 -0.9544
vn 0.0002 -0.3256 -0.9455
vn 0.0002 -0.3495 -0.9369
vn 0.0002 -0.3833 -0.9236
vn 0.0001 -0.3832 -0.9237
vn 0.0001 -0.3764 -0.9265
vn 0.0002 -0.3770 -0.9262
vn 0.0002 -0.3603 -0.9328
vn 0.0002 -0.3424 -0.9396
vn 0.0002 -0.3292 -0.9443
vn 0.0001 -0.3286 -0.9445
vn 0.0001 -0.3147 -0.9492
vn 0.0002 -0.3148 -0.9492
vn 0.0002 -0.3145 -0.9493
vn 0.0002 -0.2916 -0.9565
vn 0.0002 -0.2664 -0.9639
vn 0.0002 -0.2659 -0.9640
vn 0.0001 -0.2658 -0.9640
vn 0.0001 -0.2657 -0.9640
vn 0.0001 -0.2377 -0.9713
vn 0.0002 -0.2067 -0.9784
vn 0.0002 -0.2070 -0.9783
vn 0.0002 -0.2073 -0.9783
vn 0.0002 -0.2074 -0.9783
vn 0.0002 -0.1841 -0.9829
vn 0.0002 -0.1838 -0.9830
vn 0.0002 -0.1603 -0.9871
vn 0.0002 -0.1361 -0.9907
vn 0.0002 -0.1355 -0.9908
vn 0.0002 -0.1357 -0.9907
vn 0.0002 -0.1098 -0.9940
vn 0.0002 -0.1095 -0.9940
vn 0.0002 -0.1092 -0.9940
vn 0.0002 -0.1091 -0.9940
vn 0.0002 -0.0810 -0.9967
vn 0.0002 -0.0811 -0.9967
vn 0.0002 -0.0812 -0.9967
vn 0.0002 -0.0518 -0.9987
vn 0.0002 -0.0218 -0.9998
vn 0.0002 -0.0211 -0.9998
vn 0.0002 0.0091 -1.0000
vn 0.0002 0.0408 -0.9992
vn 0.0002 0.0403 -0.9992
vn 0.0002 0.0401 -0.9992
vn 0.0002 0.0730 -0.9973
vn 0.0002 0.0731 -0.9973
vn 0.0002 0.0733 -0.9973
vn 0.0002 0.1061 -0.9944
vn 0.0002 0.1067 -0.9943
vn 0.0002 0.1064 -0.9943
vn 0.0002 0.1068 -0.9943
vn 0.0002 0.1394 -0.9902
vn 0.0002 0.1393 -0.9902
vn 0.0002 0.1395 -0.9902
vn 0.0002 0.1728 -0.9850
vn 0.0002 0.2060 -0.9785
vn 0.0002 0.2057 -0.9786
vn 0.0002 0.2054 -0.9787
vn 0.0002 0.2380 -0.9713
vn 0.0002 0.2377 -0.9713
vn 0.0002 0.3008 -0.9537
vn 0.0002 0.3006 -0.9538
vn 0.0001 0.3296 -0.9441
vn 0.0002 0.3576 -0.9339
vn 0.0002 0.3574 -0.9340
vn 0.0001 0.3840 -0.9233
vn 0.0002 0.3834 -0.9236
vn 0.0002 0.4086 -0.9127
vn 0.0002 0.4091 -0.9125
vn 0.0002 0.4324 -0.9017
vn 0.0002 0.4320 -0.9019
vn 0.0002 0.4542 -0.8909
vn 0.0002 0.4543 -0.8908
vn 0.0001 0.4749 -0.8800
vn 0.0001 0.4945 -0.8692
vn 0.0001 0.4943 -0.8693
vn 0.0002 0.4940 -0.8695
vn 0.0002 0.5271 -0.8498
vn 0.0002 0.5340 -0.8455
vn 0.0001 0.5339 -0.8456
vn 0.0001 0.5236 -0.8520
vn 0.0001 0.5234 -0.8521
vn 0.0001 0.5235 -0.8520
vn 0.0002 0.5107 -0.8598
vn 0.0002 0.4946 -0.8691
vn 0.0001 0.4951 -0.8688
vn 0.0002 0.4756 -0.8796
vn 0.0002 0.4755 -0.8797
vn 0.0002 0.4517 -0.8921
vn 0.0002 0.4517 -0.8922
vn 0.0002 0.4233 -0.9060
vn 0.0002 0.4235 -0.9059
vn 0.0001 0.4239 -0.9057
vn 0.0001 0.3892 -0.9212
vn 0.0001 0.3493 -0.9370
vn 0.0002 0.3487 -0.9372
vn 0.0002 0.3491 -0.9371
vn 0.0002 0.3020 -0.9533
vn 0.0002 0.3023 -0.9532
vn 0.0001 0.3026 -0.9531
vn 0.0002 0.2505 -0.9681
vn 0.0001 0.2505 -0.9681
vn 0.0002 0.2499 -0.9683
vn 0.0002 0.1371 -0.9906
vn 0.0002 0.0813 -0.9967
vn 0.0002 0.0282 -0.9996
vn 0.0002 -0.0223 -0.9998
vn 0.0002 -0.0216 -0.9998
vn 0.0002 -0.0860 -0.9963
vn 0.0002 -0.1376 -0.9905
vn 0.0002 -0.1372 -0.9905
vn 0.0002 -0.1876 -0.9822
vn 0.0002 -0.2147 -0.9767
vn 0.0001 -0.2352 -0.9719
vn 0.0002 -0.2352 -0.9719
vn 0.0002 -0.2458 -0.9693
vn 0.0002 -0.2457 -0.9693
vn 0.0002 -0.2543 -0.9671
vn 0.0002 -0.2544 -0.9671
vn 0.0002 -0.2542 -0.9672
vn 0.0001 -0.2564 -0.9666
vn 0.0002 -0.2547 -0.9670
vn 0.0002 -0.2549 -0.9670
vn 0.0002 -0.2515 -0.9678
vn 0.0002 -0.2516 -0.9678
vn 0.0002 -0.2514 -0.9679
vn 0.0001 -0.2514 -0.9679
vn 0.0002 -0.2405 -0.9706
vn 0.0002 -0.2406 -0.9706
vn 0.0002 0.0186 -0.9998
vn 0.0002 0.2332 -0.9724
vn 0.0002 0.2331 -0.9725
vn 0.0002 0.2331 -0.9724
vn 0.0002 0.3377 -0.9412
vn 0.0002 0.3374 -0.9414
vn 0.0002 0.4111 -0.9116
vn 0.0001 0.4111 -0.9116
vn 0.0001 0.5367 -0.8437
vn 0.0002 0.5362 -0.8441
vn 0.0001 0.5264 -0.8503
vn 0.0002 0.5268 -0.8500
vn 0.0002 0.4578 -0.8891
vn 0.0002 0.4577 -0.8891
vn 0.0001 0.4577 -0.8891
vn 0.0002 0.3738 -0.9275
vn 0.0002 0.3735 -0.9276
vn 0.0002 0.2899 -0.9570
vn 0.0002 0.2900 -0.9570
vn 0.0002 0.2197 -0.9756
vn 0.0002 0.2198 -0.9755
vn 0.0002 0.2204 -0.9754
vn 0.0002 0.1677 -0.9858
vn 0.0002 0.1673 -0.9859
vn 0.0002 0.1160 -0.9933
vn 0.0002 0.1164 -0.9932
vn 0.0002 0.1163 -0.9932
vn 0.0002 0.0823 -0.9966
vn 0.0002 0.0828 -0.9966
vn 0.0002 0.0629 -0.9980
vn 0.0002 0.0496 -0.9988
vn 0.0002 0.0374 -0.9993
vn 0.0002 0.0373 -0.9993
vn 0.0002 0.0372 -0.9993
vn 0.0002 0.0229 -0.9997
vn 0.0002 0.0231 -0.9997
vn 0.0002 -0.0098 -1.0000
vn 0.0002 -0.0105 -0.9999
vn 0.0002 -0.0186 -0.9998
vn 0.0002 -0.0191 -0.9998
vn 0.0002 -0.0184 -0.9998
vn 0.0002 -0.0269 -0.9996
vn 0.0002 -0.0405 -0.9992
vn 0.0002 -0.0408 -0.9992
vn 0.0002 -0.0558 -0.9984
vn 0.0002 -0.0559 -0.9984
vn 0.0002 -0.0555 -0.9985
vn 0.0002 -0.0680 -0.9977
vn 0.0002 -0.0681 -0.9977
vn 0.0002 -0.0830 -0.9966
vn 0.0002 -0.1011 -0.9949
vn 0.0002 -0.1015 -0.9948
vn 0.0002 -0.1017 -0.9948
vn 0.0002 -0.1287 -0.9917
vn 0.0002 -0.1724 -0.9850
vn 0.0002 -0.1726 -0.9850
vn 0.0002 -0.2493 -0.9684
vn 0.0001 -0.2740 -0.9617
vn 0.0002 -0.2740 -0.9617
vn 0.0002 -0.2923 -0.9563
vn 0.0001 -0.2923 -0.9563
vn 0.0002 -0.2924 -0.9563
vn 0.0002 -0.2921 -0.9564
vn 0.0002 -0.3068 -0.9518
vn 0.0002 -0.3160 -0.9488
vn 0.0002 -0.3157 -0.9489
vn 0.0001 -0.3157 -0.9489
vn 0.0003 -0.3160 -0.9488
vn 0.0001 -0.3237 -0.9462
vn 0.0001 -0.3349 -0.9423
vn 0.0002 -0.3449 -0.9386
vn 0.0002 -0.3452 -0.9385
vn 0.0001 -0.3455 -0.9384
vn 0.0002 -0.3562 -0.9344
vn 0.0001 -0.3562 -0.9344
vn 0.0002 -0.3563 -0.9344
vn 0.0002 -0.3670 -0.9302
vn 0.0002 -0.3675 -0.9300
vn 0.0001 -0.3669 -0.9303
vn 0.0001 -0.3746 -0.9272
vn 0.0001 -0.3824 -0.9240
vn 0.0001 -0.3933 -0.9194
vn 0.0001 -0.4063 -0.9138
vn 0.0001 -0.4152 -0.9097
vn 0.0002 -0.4157 -0.9095
vn 0.0002 -0.4155 -0.9096
vn 0.0002 -0.4267 -0.9044
vn 0.0001 -0.4265 -0.9045
vn 0.0002 -0.4362 -0.8999
vn 0.0002 -0.4361 -0.8999
vn 0.0002 -0.4478 -0.8942
vn 0.0002 -0.4625 -0.8866
vn 0.0002 -0.4630 -0.8864
vn 0.0001 -0.4624 -0.8866
vn 0.0001 -0.4624 -0.8867
vn 0.0001 -0.4829 -0.8757
vn 0.0002 -0.4830 -0.8756
vn 0.0002 -0.5147 -0.8574
vn 0.0001 -0.5736 -0.8191
vn 0.0002 -0.5740 -0.8189
vn 0.0001 -0.5735 -0.8192
vn 0.0001 -0.6084 -0.7936
vn 0.0002 -0.6089 -0.7933
vn 0.0002 -0.5785 -0.8157
vn 0.0001 -0.5780 -0.8160
vn 0.0001 -0.5781 -0.8160
vn 0.0001 -0.5460 -0.8378
vn 0.0001 -0.5097 -0.8604
vn 0.0001 -0.5097 -0.8603
vn -0.0000 -0.5102 -0.8600
vn 0.0001 -0.4618 -0.8870
vn 0.0002 -0.4615 -0.8872
vn 0.0001 -0.3778 -0.9259
vn 0.0002 -0.1602 -0.9871
vn 0.0003 -0.1599 -0.9871
vn 0.0001 -0.2351 -0.9720
vn 0.0002 -0.2350 -0.9720
vn 0.0003 -0.3237 -0.9461
vn 0.0001 -0.3234 -0.9463
vn 0.0002 -0.3237 -0.9462
vn 0.0002 -0.3237 -0.9461
vn 0.0002 -0.3640 -0.9314
vn 0.0002 -0.3646 -0.9312
vn 0.0002 -0.3916 -0.9202
vn 0.0002 -0.4160 -0.9094
vn 0.0002 -0.4165 -0.9091
vn 0.0001 -0.4159 -0.9094
vn 0.0001 -0.4254 -0.9050
vn 0.0002 -0.4257 -0.9049
vn 0.0002 -0.3995 -0.9167
vn 0.0002 -0.3994 -0.9168
vn 0.0001 -0.3993 -0.9168
vn 0.0001 -0.3697 -0.9292
vn 0.0001 -0.3288 -0.9444
vn 0.0002 -0.2722 -0.9622
vn 0.0002 -0.2726 -0.9621
vn 0.0002 -0.2724 -0.9622
vn 0.0002 -0.2725 -0.9621
vn 0.0002 -0.1977 -0.9803
vn 0.0002 -0.1974 -0.9803
vn 0.0002 0.0106 -0.9999
vn 0.0002 0.1236 -0.9923
vn 0.0002 0.1229 -0.9924
vn 0.0002 0.1867 -0.9824
vn 0.0002 0.1636 -0.9865
vn 0.0002 0.1633 -0.9866
vn 0.0002 0.1635 -0.9865
vn 0.0002 0.1466 -0.9892
vn 0.0002 0.1462 -0.9893
vn 0.0002 0.1465 -0.9892
vn 0.0002 0.1216 -0.9926
vn 0.0002 0.1218 -0.9926
vn 0.0002 0.0983 -0.9952
vn 0.0002 0.0979 -0.9952
vn 0.0002 0.0976 -0.9952
vn 0.0002 0.0744 -0.9972
vn 0.0002 0.0781 -0.9969
vn 0.0002 0.0780 -0.9970
vn 0.0002 0.0779 -0.9970
vn 0.0002 0.0782 -0.9969
vn 0.0002 0.0839 -0.9965
vn 0.0002 0.1033 -0.9947
vn 0.0002 0.1037 -0.9946
vn 0.0002 0.1036 -0.9946
vn 0.0001 0.4342 -0.9008
vn 0.0003 0.4339 -0.9009
vn 0.0001 0.5459 -0.8379
vn 0.0001 0.5459 -0.8378
vn 0.0002 0.5455 -0.8381
vn 0.0002 0.5454 -0.8381
vn 0.0001 0.5839 -0.8118
vn 0.0001 0.5840 -0.8118
vn 0.0001 0.6087 -0.7934
vn 0.0001 0.6295 -0.7770
vn 0.0001 0.6291 -0.7773
vn 0.0001 0.6468 -0.7627
vn 0.0001 0.6468 -0.7626
vn 0.0001 0.6261 -0.7797
vn 0.0001 0.6258 -0.7800
vn 0.0001 0.5814 -0.8136
vn 0.0001 0.5276 -0.8495
vn 0.0001 0.5273 -0.8496
vn 0.0002 0.4608 -0.8875
vn 0.0002 0.4604 -0.8877
vn 0.0002 0.4607 -0.8875
vn 0.0002 0.3790 -0.9254
vn 0.0002 0.3789 -0.9254
vn 0.0001 0.3790 -0.9254
vn 0.0001 0.3791 -0.9254
vn 0.0002 0.2796 -0.9601
vn 0.0002 0.2797 -0.9601
vn 0.0002 0.1606 -0.9870
vn 0.0003 0.1609 -0.9870
vn 0.0002 0.0390 -0.9992
vn 0.0002 0.0384 -0.9993
vn 0.0002 0.0383 -0.9993
vn 0.0002 0.1087 -0.9941
vn 0.0002 0.2510 -0.9680
vn 0.0002 0.2513 -0.9679
vn 0.0002 0.3850 -0.9229
vn 0.0002 0.3849 -0.9230
vn 0.0001 0.3845 -0.9231
vn 0.0001 0.4914 -0.8709
vn 0.0001 0.4914 -0.8710
vn 0.0001 0.5692 -0.8222
vn 0.0002 0.5688 -0.8225
vn 0.0002 0.5687 -0.8225
vn 0.0002 0.6236 -0.7817
vn 0.0001 0.6237 -0.7816
vn 0.0001 0.6240 -0.7814
vn 0.0001 0.6608 -0.7506
vn 0.0001 0.6610 -0.7504
vn 0.0001 0.6607 -0.7506
vn 0.0001 0.6874 -0.7262
vn 0.0001 0.6875 -0.7262
vn 0.0001 0.6871 -0.7266
vn 0.0001 0.7116 -0.7026
vn 0.0001 0.7391 -0.6736
vn 0.0001 0.7393 -0.6733
vn 0.0001 0.7626 -0.6469
vn 0.0001 0.7825 -0.6226
vn 0.0001 0.8002 -0.5997
vn 0.0001 0.8162 -0.5777
vn 0.0001 0.8162 -0.5778
vn 0.0001 0.8318 -0.5551
vn 0.0001 0.8319 -0.5549
vn 0.0001 0.8317 -0.5552
vn 0.0001 0.8464 -0.5326
vn 0.0001 0.8466 -0.5322
vn 0.0001 0.8465 -0.5323
vn 0.0001 0.8466 -0.5323
vn 0.0001 0.8613 -0.5081
vn 0.0001 0.8611 -0.5084
vn 0.0001 0.8764 -0.4815
vn 0.0001 0.8766 -0.4813
vn 0.0001 0.8927 -0.4507
vn 0.0001 0.9106 -0.4132
vn 0.0001 0.9107 -0.4132
vn 0.0001 0.9105 -0.4134
vn 0.0001 0.9105 -0.4135
vn 0.0001 0.9313 -0.3643
vn 0.0001 0.9314 -0.3641
vn -0.0000 0.9559 -0.2938
vn 0.0001 0.9558 -0.2940
vn -0.0000 0.9851 -0.1722
vn -0.0000 0.9851 -0.1721
vn -0.0000 0.9857 -0.1684
vn -0.0000 0.9858 -0.1681
vn -0.0000 0.9858 -0.1680
vn 0.0001 0.9358 -0.3524
vn 0.0001 0.9358 -0.3526
vn 0.0001 0.9147 -0.4042
vn 0.0001 0.9148 -0.4040
vn 0.0001 0.9012 -0.4333
vn 0.0001 0.9012 -0.4334
vn 0.0001 0.8903 -0.4555
vn 0.0001 0.8901 -0.4557
vn 0.0001 0.8797 -0.4754
vn 0.0001 0.8797 -0.4755
vn 0.0001 0.8799 -0.4752
vn 0.0001 0.8799 -0.4751
vn 0.0001 0.8695 -0.4938
vn 0.0001 0.8698 -0.4934
vn 0.0001 0.8666 -0.4990
vn 0.0001 0.8667 -0.4989
vn 0.0001 0.8735 -0.4869
vn 0.0001 0.8806 -0.4739
vn 0.0001 0.8807 -0.4737
vn 0.0001 0.8807 -0.4736
vn 0.0001 0.8892 -0.4576
vn 0.0001 0.8894 -0.4571
vn 0.0001 0.8892 -0.4575
vn 0.0001 0.9013 -0.4332
vn 0.0001 0.9275 -0.3738
vn -0.0000 0.9701 0.2426
vn -0.0000 0.9701 0.2425
vn -0.0001 0.8820 0.4713
vn -0.0001 0.8701 0.4929
vn -0.0001 0.8703 0.4925
vn -0.0001 0.8702 0.4927
vn -0.0001 0.8618 0.5073
vn -0.0001 0.8548 0.5190
vn -0.0001 0.8547 0.5190
vn -0.0001 0.8549 0.5187
vn -0.0001 0.8550 0.5187
vn 1.0000 -0.0000 0.0022
vn -1.0000 -0.0000 0.0025
vn -1.0000 -0.0005 -0.0000
vn -1.0000 -0.0002 -0.0006
vn -1.0000 -0.0004 -0.0007
vn 1.0000 0.0002 0.0003
vn -1.0000 -0.0002 -0.0003
vn 1.0000 0.0002 -0.0002
vn -1.0000 -0.0003 -0.0001
vn 1.0000 0.0004 -0.0000
vn -1.0000 -0.0004 -0.0000
vn -1.0000 -0.0002 -0.0005
vn 1.0000 0.0005 0.0005
vn 1.0000 0.0003 0.0009
vn 1.0000 -0.0002 -0.0004
vn 1.0000 -0.0001 0.0005
vn -1.0000 0.0003 -0.0002
vn 1.0000 -0.0005 0.0002
vn 1.0000 -0.0001 -0.0003
vn 1.0000 -0.0001 0.0006
vn -1.0000 0.0002 -0.0005
vn -1.0000 0.0002 -0.0004
vn 1.0000 -0.0002 -0.0001
vn 1.0000 -0.0002 0.0004
vn -1.0000 0.0004 -0.0006
vn -1.0000 0.0003 0.0001
vn 1.0000 -0.0005 0.0003
vn -1.0000 0.0004 0.0002
vn 1.0000 -0.0001 -0.0004
vn 1.0000 -0.0000 -0.0005
vn -1.0000 0.0005 0.0002
vn 1.0000 -0.0000 0.0007
s 1
usemtl Material.002
f 3//1 6//1 9//1
f 9//1 12//1 3//1
f 15//2 2//2 11//3
f 11//3 18//4 15//2
f 21//5 14//5 17//6
f 17//6 24//6 21//5
f 27//7 20//8 23//9
f 23//9 30//7 27//7
f 33//10 26//11 29//12
f 29//12 36//13 33//10
f 39//14 32//15 35//16
f 35//16 42//17 39//14
f 45//18 38//18 41//18
f 41//18 48//18 45//18
f 51//19 44//19 47//20
f 47//20 54//20 51//19
f 57//21 50//21 53//21
f 53//21 60//21 57//21
f 65//22 56//23 59//24
f 59//24 71//24 65//22
f 74//25 64//26 70//27
f 70//27 77//26 74//25
f 80//28 73//28 76//29
f 76//29 83//30 80//28
f 86//31 79//32 82//33
f 82//33 89//33 86//31
f 92//34 85//34 88//34
f 88//34 95//34 92//34
f 98//35 91//36 94//37
f 94//37 101//37 98//35
f 103//38 97//38 100//38
f 100//38 106//38 103//38
f 109//39 104//39 107//39
f 107//39 112//40 109//39
f 115//41 110//41 113//42
f 113//42 118//42 115//41
f 121//43 116//44 119//45
f 119//45 124//45 121//43
f 127//46 122//46 125//46
f 125//46 130//46 127//46
f 133//47 128//47 131//47
f 131//47 136//48 133//47
f 139//49 134//49 137//50
f 137//50 142//51 139//49
f 145//52 140//52 143//53
f 143//53 148//54 145//52
f 151//55 146//55 149//56
f 149//56 154//57 151//55
f 157//58 152//58 155//59
f 155//59 160//59 157//58
f 164//60 158//60 161//61
f 161//61 167//62 164//60
f 170//63 163//63 166//64
f 166//64 173//64 170//63
f 176//65 169//65 172//66
f 172//66 179//66 176//65
f 182//67 175//68 178//67
f 178//67 185//68 182//67
f 188//69 181//70 184//71
f 184//71 191//72 188//69
f 194//73 187//73 190//74
f 190//74 197//75 194//73
f 200//76 193//76 196//77
f 196//77 204//77 200//76
f 207//78 199//78 202//78
f 203//79 211//79 208//79
f 214//80 206//80 210//81
f 210//81 217//80 214//80
f 219//82 213//82 216//82
f 216//82 222//82 219//82
f 225//83 220//84 223//83
f 223//83 228//83 225//83
f 231//85 226//85 229//86
f 229//86 234//86 231//85
f 237//87 232//87 235//88
f 235//88 240//88 237//87
f 243//89 238//89 241//90
f 241//90 246//90 243//89
f 249//91 244//92 247//92
f 247//92 252//92 249//91
f 255//93 250//93 253//93
f 253//93 258//94 255//93
f 261//95 256//95 259//95
f 259//95 264//95 261//95
f 267//96 262//96 265//97
f 265//97 270//97 267//96
f 273//98 268//98 271//99
f 271//99 276//100 273//98
f 279//101 274//101 277//102
f 277//102 282//102 279//101
f 285//103 280//103 283//16
f 283//16 288//16 285//103
f 291//104 286//104 289//104
f 289//104 294//104 291//104
f 297//105 292//105 295//106
f 295//106 300//107 297//105
f 303//108 298//108 301//108
f 301//108 306//108 303//108
f 309//109 304//109 307//110
f 307//110 312//110 309//109
f 316//111 310//111 313//111
f 313//111 319//111 316//111
f 322//112 315//113 318//114
f 318//114 325//115 322//112
f 328//116 321//116 324//117
f 324//117 331//117 328//116
f 334//118 327//118 330//119
f 330//119 337//119 334//118
f 340//120 333//121 336//122
f 336//122 343//120 340//120
f 346//123 339//124 342//125
f 342//125 349//126 346//123
f 352//127 345//127 348//128
f 348//128 355//128 352//127
f 358//129 351//129 354//130
f 354//130 361//130 358//129
f 364//131 357//132 360//133
f 360//133 367//133 364//131
f 370//134 363//134 366//134
f 366//134 373//134 370//134
f 376//135 369//135 372//135
f 372//135 379//136 376//135
f 381//137 375//138 378//138
f 378//138 384//138 381//137
f 387//139 382//139 385//139
f 385//139 390//139 387//139
f 394//140 388//140 391//140
f 391//140 397//140 394//140
f 400//141 393//141 396//141
f 396//141 403//141 400//141
f 406//142 399//142 402//142
f 402//142 409//142 406//142
f 412//143 405//143 408//143
f 408//143 415//143 412//143
f 418//144 411//144 414//145
f 414//145 421//146 418//144
f 424//147 417//147 420//148
f 420//148 427//148 424//147
f 430//149 423//149 426//149
f 426//149 433//149 430//149
f 435//150 429//150 432//150
f 432//150 438//150 435//150
f 441//151 436//151 439//151
f 439//151 444//151 441//151
f 447//152 442//152 445//152
f 445//152 450//152 447//152
f 453//153 448//153 451//154
f 451//154 456//154 453//153
f 459//155 454//156 457//157
f 457//157 462//157 459//155
f 465//158 460//158 463//159
f 463//159 468//159 465//158
f 471//160 466//161 469//162
f 469//162 474//163 471//160
f 477//164 472//164 475//165
f 475//165 480//166 477//164
f 483//167 478//168 481//168
f 481//168 486//168 483//167
f 489//169 484//169 487//170
f 487//170 492//169 489//169
f 495//171 490//172 493//173
f 493//173 498//174 495//171
f 501//175 496//175 499//175
f 499//175 504//176 501//175
f 508//177 502//177 505//177
f 506//178 512//178 509//178
f 515//179 510//179 513//179
f 513//179 518//179 515//179
f 521//180 516//180 519//180
f 519//180 524//180 521//180
f 527//181 522//181 525//181
f 525//181 530//181 527//181
f 534//182 528//182 531//182
f 532//183 538//183 535//182
f 542//184 535//182 538//183
f 537//185 545//185 541//185
f 547//186 540//186 544//187
f 544//187 550//188 547//186
f 554//189 548//189 551//190
f 551//190 557//190 554//189
f 560//191 553//192 556//193
f 556//193 563//193 560//191
f 566//194 559//194 562//194
f 562//194 569//195 566//194
f 572//196 565//196 568//197
f 568//197 576//198 572//196
f 580//199 571//199 575//199
f 574//199 583//199 579//199
f 586//200 578//201 582//202
f 582//202 589//202 586//200
f 592//203 585//108 588//204
f 588//204 596//205 592//203
f 599//206 591//206 594//206
f 595//207 603//207 600//207
f 606//208 598//208 602//208
f 602//208 609//208 606//208
f 612//209 605//209 608//209
f 608//209 615//209 612//209
f 618//210 611//210 614//211
f 614//211 621//212 618//210
f 624//213 617//213 620//213
f 620//213 627//213 624//213
f 630//214 623//214 626//215
f 626//215 633//215 630//214
f 636//216 629//217 632//216
f 632//216 639//216 636//216
f 642//218 635//219 638//220
f 638//220 645//221 642//218
f 648//222 641//222 644//222
f 644//222 651//222 648//222
f 654//223 647//223 650//224
f 650//224 657//223 654//223
f 660//225 653//225 656//225
f 656//225 663//225 660//225
f 666//226 659//226 662//227
f 662//227 669//228 666//226
f 672//229 665//229 668//229
f 668//229 675//230 672//229
f 678//231 671//231 674//231
f 674//231 681//231 678//231
f 684//232 677//232 680//232
f 680//232 687//232 684//232
f 690//233 683//233 686//234
f 686//234 693//234 690//233
f 695//235 689//235 692//235
f 692//235 698//235 695//235
f 701//236 696//237 699//236
f 699//236 704//236 701//236
f 707//238 702//238 705//239
f 705//239 710//239 707//238
f 713//240 708//240 711//241
f 711//241 716//242 713//240
f 719//243 714//243 717//244
f 717//244 722//244 719//243
f 725//245 720//245 723//246
f 723//246 728//246 725//245
f 731//247 726//247 729//248
f 729//248 734//248 731//247
f 737//249 732//250 735//251
f 735//251 740//252 737//249
f 743//253 738//254 741//255
f 741//255 746//255 743//253
f 749//256 744//256 747//257
f 747//257 752//256 749//256
f 755//258 750//259 753//260
f 753//260 758//260 755//258
f 762//261 756//262 759//263
f 759//263 765//263 762//261
f 768//264 761//264 764//264
f 764//264 771//264 768//264
f 774//258 767//258 770//265
f 770//265 777//265 774//258
f 780//266 773//267 776//268
f 776//268 783//268 780//266
f 786//26 779//26 782//26
f 782//26 789//26 786//26
f 792//269 785//269 788//270
f 788//270 795//270 792//269
f 797//271 791//271 794//272
f 794//272 800//272 797//271
f 803//273 798//273 801//273
f 801//273 806//273 803//273
f 809//274 804//274 807//275
f 807//275 812//274 809//274
f 815//276 810//276 813//277
f 813//277 818//277 815//276
f 821//278 816//278 819//278
f 819//278 824//278 821//278
f 827//279 822//279 825//279
f 825//279 830//279 827//279
f 833//280 828//280 831//281
f 831//281 836//281 833//280
f 839//282 834//282 837//282
f 837//282 842//282 839//282
f 845//283 840//283 843//284
f 843//284 848//284 845//283
f 851//285 846//285 849//286
f 849//286 854//287 851//285
f 859//288 852//288 856//288
f 855//288 862//288 858//288
f 867//289 860//289 864//289
f 863//289 869//289 866//290
f 872//289 866//290 869//289
f 870//290 876//290 873//290
f 880//291 874//291 877//292
f 877//292 883//291 880//291
f 885//293 879//293 882//293
f 882//293 888//293 885//293
f 891//293 886//294 889//293
f 889//293 894//294 891//293
f 897//295 892//295 895//295
f 895//295 900//295 897//295
f 903//296 898//296 901//296
f 901//296 906//296 903//296
f 911//297 904//297 908//297
f 907//298 914//298 910//298
f 917//299 912//299 915//299
f 915//299 920//299 917//299
f 923//300 918//300 921//300
f 921//300 926//300 923//300
f 929//301 924//301 927//301
f 927//301 932//301 929//301
f 935//302 930//303 933//304
f 933//304 938//305 935//302
f 941//306 936//307 939//306
f 939//306 944//306 941//306
f 947//308 942//309 945//310
f 945//310 950//311 947//308
f 953//312 948//312 951//313
f 951//313 956//313 953//312
f 959//314 954//314 957//314
f 957//314 962//314 959//314
f 965//315 960//316 963//317
f 963//317 968//317 965//315
f 971//318 966//318 969//318
f 969//318 974//318 971//318
f 977//319 972//320 975//319
f 975//319 980//319 977//319
f 983//321 978//321 981//321
f 981//321 986//321 983//321
f 989//322 984//322 987//323
f 987//323 992//323 989//322
f 995//324 990//325 993//324
f 993//324 998//324 995//324
f 1001//326 996//326 999//326
f 999//326 1004//326 1001//326
f 1007//327 1002//328 1005//329
f 1005//329 1010//329 1007//327
f 1013//330 1008//331 1011//332
f 1011//332 1016//332 1013//330
f 1019//333 1014//333 1017//333
f 1017//333 1022//333 1019//333
f 1025//334 1020//334 1023//334
f 1023//334 1028//334 1025//334
f 1031//335 1026//335 1029//335
f 1029//335 1034//336 1031//335
f 1037//337 1032//338 1035//339
f 1035//339 1040//340 1037//337
f 1043//341 1038//341 1041//342
f 1041//342 1046//342 1043//341
f 1049//343 1044//344 1047//343
f 1047//343 1052//343 1049//343
f 1055//345 1050//346 1053//347
f 1053//347 1058//345 1055//345
f 1061//348 1056//348 1059//348
f 1059//348 1064//348 1061//348
f 1069//349 1062//349 1066//349
f 1065//349 1072//349 1068//349
f 1075//350 1070//350 1073//350
f 1073//350 1078//350 1075//350
f 1081//351 1076//351 1079//352
f 1079//352 1084//352 1081//351
f 1087//353 1082//353 1085//354
f 1085//354 1090//355 1087//353
f 1093//356 1088//356 1091//356
f 1091//356 1096//356 1093//356
f 1099//357 1094//358 1097//358
f 1097//358 1102//358 1099//357
f 1106//359 1100//359 1103//360
f 1103//360 1110//360 1106//359
f 1113//361 1105//361 1108//361
f 1109//362 1117//362 1114//362
f 1119//363 1112//363 1116//363
f 1116//363 1122//363 1119//363
f 1125//364 1120//364 1123//364
f 1123//364 1128//365 1125//364
f 1131//366 1126//366 1129//366
f 1129//366 1134//366 1131//366
f 1138//367 1132//367 1135//368
f 1135//368 1141//368 1138//367
f 1144//369 1137//370 1140//369
f 1140//369 1147//369 1144//369
f 1150//371 1143//371 1146//371
f 1146//371 1153//371 1150//371
f 1156//372 1149//372 1152//373
f 1152//373 1159//374 1156//372
f 1162//375 1155//375 1158//376
f 1158//376 1165//376 1162//375
f 1168//377 1161//378 1164//378
f 1164//378 1171//378 1168//377
f 1173//379 1167//379 1170//379
f 1170//379 1176//379 1173//379
f 1179//380 1174//380 1177//380
f 1177//380 1182//380 1179//380
f 1185//381 1180//381 1183//382
f 1183//382 1188//382 1185//381
f 1191//383 1186//383 1189//384
f 1189//384 1194//384 1191//383
f 1199//385 1192//385 1196//385
f 1195//386 1202//386 1198//386
f 1205//387 1200//388 1203//389
f 1203//389 1208//389 1205//387
f 1211//390 1206//390 1209//390
f 1209//390 1214//390 1211//390
f 1217//391 1212//391 1215//392
f 1215//392 1220//393 1217//391
f 1223//394 1218//394 1221//395
f 1221//395 1226//395 1223//394
f 1229//396 1224//396 1227//396
f 1227//396 1232//396 1229//396
f 1235//397 1230//397 1233//397
f 1233//397 1238//397 1235//397
f 1242//398 1236//399 1239//400
f 1239//400 1246//401 1242//398
f 1250//402 1243//403 1247//404
f 1247//404 1255//404 1250//402
f 1258//405 1251//405 1256//406
f 1256//406 1262//407 1258//405
f 1265//408 1259//408 1263//408
f 1263//408 1269//408 1265//408
f 1273//409 1266//409 1270//410
f 1270//410 1278//411 1273//409
f 1282//412 1274//412 1279//412
f 1279//412 1286//412 1282//412
f 1289//413 1283//413 1287//413
f 1287//413 1293//413 1289//413
f 1296//414 1290//415 1294//416
f 1294//416 1300//416 1296//414
f 1304//417 1297//417 1301//418
f 1301//418 1308//418 1304//417
f 1311//419 1303//419 1307//420
f 1307//420 1315//421 1311//419
f 1318//422 1310//422 1314//422
f 1314//422 1323//423 1318//422
f 1327//424 1317//424 1321//424
f 1322//425 1333//425 1328//425
f 1337//426 1326//426 1332//426
f 1332//426 1341//426 1337//426
f 1344//427 1336//428 1340//429
f 1340//429 1347//430 1344//427
f 1350//431 1343//432 1346//433
f 1346//433 1353//434 1350//431
f 1356//435 1349//436 1352//437
f 1352//437 1359//437 1356//435
f 1362//438 1355//439 1358//438
f 1358//438 1366//438 1362//438
f 1370//440 1361//440 1365//440
f 1364//441 1374//441 1369//441
f 1378//442 1368//442 1373//442
f 1372//443 1381//443 1377//443
f 1384//444 1376//444 1380//445
f 1380//445 1387//445 1384//444
f 1390//446 1383//447 1386//448
f 1386//448 1393//449 1390//446
f 1396//450 1389//451 1392//450
f 1392//450 1399//452 1396//450
f 1402//453 1395//453 1398//453
f 1398//453 1405//453 1402//453
f 1408//454 1401//454 1404//455
f 1404//455 1412//456 1408//454
f 1414//457 1407//457 1410//457
f 1411//457 1418//457 1415//457
f 1421//458 1416//459 1419//460
f 1419//460 1424//461 1421//458
f 1427//462 1422//462 1425//463
f 1425//463 1430//464 1427//462
f 1434//465 1428//465 1431//465
f 1432//466 1438//466 1435//466
f 1441//467 1436//468 1439//469
f 1439//469 1444//469 1441//467
f 1448//470 1442//470 1445//470
f 1446//470 1452//470 1449//470
f 1456//471 1450//471 1453//471
f 1454//472 1460//472 1457//472
f 1463//473 1458//474 1461//474
f 1461//474 1466//474 1463//473
f 1469//475 1464//475 1467//475
f 1467//475 1472//475 1469//475
f 1476//476 1470//476 1473//476
f 1474//477 1480//477 1477//477
f 1483//478 1478//479 1481//480
f 1481//480 1486//481 1483//478
f 1489//482 1484//482 1487//482
f 1487//482 1492//482 1489//482
f 1495//483 1490//484 1493//485
f 1493//485 1498//486 1495//483
f 1501//487 1496//487 1499//487
f 1499//487 1504//487 1501//487
f 1508//488 1502//488 1505//488
f 1506//488 1512//488 1509//488
f 1515//489 1510//489 1513//490
f 1513//490 1518//490 1515//489
f 1521//491 1516//491 1519//491
f 1519//491 1524//491 1521//491
f 1527//492 1522//492 1525//492
f 1525//492 1530//492 1527//492
f 1534//493 1528//493 1531//493
f 1531//493 1537//493 1534//493
f 1540//494 1533//494 1536//494
f 1536//494 1543//494 1540//494
f 1546//495 1539//495 1542//495
f 1542//495 1549//495 1546//495
f 1552//496 1545//497 1548//496
f 1548//496 1555//497 1552//496
f 1558//498 1551//499 1554//500
f 1554//500 1561//501 1558//498
f 1564//502 1557//503 1560//504
f 1560//504 1567//505 1564//502
f 1570//506 1563//506 1566//506
f 1566//506 1573//506 1570//506
f 1576//507 1569//507 1572//508
f 1572//508 1579//509 1576//507
f 1582//510 1575//510 1578//511
f 1578//511 1585//512 1582//510
f 1588//513 1581//514 1584//515
f 1584//515 1592//515 1588//513
f 1596//516 1587//516 1591//516
f 1590//517 1599//517 1595//517
f 1601//518 1594//518 1598//519
f 1598//519 1604//520 1601//518
f 1608//521 1602//521 1605//521
f 1606//522 1612//522 1609//522
f 1615//523 1610//524 1613//525
f 1613//525 1618//523 1615//523
f 1621//526 1616//526 1619//526
f 1619//526 1624//526 1621//526
f 1628//527 1622//528 1625//529
f 1625//529 1632//529 1628//527
f 1635//530 1629//531 1633//532
f 1633//532 1638//533 1635//530
f 1641//534 1636//534 1639//534
f 1639//534 1646//534 1641//534
f 1649//535 1642//535 1647//535
f 1647//535 1652//535 1649//535
f 1655//536 1650//536 1653//536
f 1653//536 1658//536 1655//536
f 1661//537 1656//538 1659//538
f 1659//538 1665//538 1661//537
f 1668//539 1662//539 1666//539
f 1666//539 1671//539 1668//539
f 1674//540 1669//540 1672//540
f 1672//540 1677//540 1674//540
f 1683//541 1675//541 1679//541
f 1678//542 1687//542 1682//542
f 1690//543 1684//543 1688//544
f 1688//544 1693//545 1690//543
f 1696//546 1691//547 1694//547
f 1694//547 1699//547 1696//546
f 1702//548 1697//548 1700//548
f 1700//548 1705//548 1702//548
f 1708//549 1703//550 1706//551
f 1706//551 1712//551 1708//549
f 1715//552 1709//553 1713//554
f 1713//554 1718//554 1715//552
f 1721//555 1716//555 1719//555
f 1719//555 1724//555 1721//555
f 1727//556 1722//556 1725//556
f 1725//556 1730//556 1727//556
f 1733//557 1728//557 1731//557
f 1731//557 1736//557 1733//557
f 1739//558 1734//558 1737//559
f 1737//559 1742//560 1739//558
f 1745//561 1740//561 1743//561
f 1743//561 1748//561 1745//561
f 1751//562 1746//563 1749//564
f 1749//564 1754//565 1751//562
f 1761//566 1752//566 1755//566
f 1756//566 1768//566 1762//566
f 1772//567 1763//568 1769//569
f 1769//569 1777//569 1772//567
f 1780//570 1773//571 1778//572
f 1778//572 1783//572 1780//570
f 1786//573 1781//573 1784//574
f 1784//574 1791//573 1786//573
f 1795//575 1787//575 1792//576
f 1792//576 1799//576 1795//575
f 1803//577 1796//577 1800//578
f 1800//578 1807//578 1803//577
f 1811//579 1804//579 1808//580
f 1808//580 1815//581 1811//579
f 1821//582 1812//582 1817//582
f 1816//583 1825//583 1820//583
f 1830//584 1822//584 1826//584
f 1826//584 1835//584 1830//584
f 1839//585 1831//585 1836//585
f 1836//585 1842//585 1839//585
f 1847//586 1838//586 1841//586
f 1841//586 1852//586 1847//586
f 1855//587 1846//587 1851//587
f 1851//587 1858//587 1855//587
f 1862//588 1854//588 1857//589
f 1857//589 1866//590 1862//588
f 1869//591 1861//592 1865//593
f 1865//593 1872//594 1869//591
f 1875//595 1868//595 1871//595
f 1871//595 1879//595 1875//595
f 1882//596 1874//596 1878//596
f 1878//596 1885//596 1882//596
f 1888//597 1881//597 1884//597
f 1884//597 1892//597 1888//597
f 1895//598 1887//598 1891//599
f 1891//599 1898//599 1895//598
f 1902//600 1894//601 1897//601
f 1897//601 1906//602 1902//600
f 1909//603 1901//603 1905//603
f 1905//603 1912//603 1909//603
f 1918//604 1908//604 1911//605
f 1911//605 1925//604 1918//604
f 1928//606 1917//607 1924//608
f 1924//608 1931//608 1928//606
f 1935//609 1927//610 1930//609
f 1930//609 1939//609 1935//609
f 1941//611 1934//611 1938//611
f 1938//611 1945//611 1941//611
f 1949//612 1942//612 1946//613
f 1946//613 1953//613 1949//612
f 1956//614 1950//614 1954//614
f 1954//614 1959//614 1956//614
f 1962//615 1957//616 1960//617
f 1960//617 1965//617 1962//615
f 1968//618 1963//618 1966//618
f 1966//618 1971//618 1968//618
f 1975//619 1969//620 1972//621
f 1972//621 1979//621 1975//619
f 1982//622 1976//622 1980//622
f 1980//622 1985//622 1982//622
f 1989//357 1983//623 1986//624
f 1986//624 1993//624 1989//357
f 1997//625 1990//626 1994//625
f 1994//625 2001//625 1997//625
f 2004//627 1998//627 2002//627
f 2002//627 2007//627 2004//627
f 2010//628 2005//628 2008//628
f 2008//628 2013//628 2010//628
f 2016//629 2011//630 2014//570
f 2014//570 2019//570 2016//629
f 2024//631 2017//631 2021//631
f 2020//573 2027//573 2023//573
f 2030//632 2025//633 2028//634
f 2028//634 2033//632 2030//632
f 2036//635 2031//635 2034//635
f 2034//635 2039//635 2036//635
f 2042//586 2037//586 2040//636
f 2040//636 2045//636 2042//586
f 2048//637 2043//638 2046//637
f 2046//637 2051//639 2048//637
f 2055//640 2049//640 2052//640
f 2052//640 2058//641 2055//640
f 2061//492 2054//492 2057//492
f 2057//492 2064//492 2061//492
f 2067//642 2060//642 2063//642
f 2063//642 2070//642 2067//642
f 2073//643 2066//643 2069//644
f 2069//644 2076//644 2073//643
f 2080//645 2072//646 2075//647
f 2075//647 2085//647 2080//645
f 2090//648 2079//648 2083//648
f 2084//649 2096//649 2091//649
f 2100//650 2089//650 2095//650
f 2095//650 2104//650 2100//650
f 2108//651 2099//651 2103//651
f 2103//651 2111//651 2108//651
f 2115//652 2107//653 2110//654
f 2110//654 2118//655 2115//652
f 2121//656 2114//656 2117//657
f 2117//657 2124//658 2121//656
f 2127//659 2120//659 2123//659
f 2123//659 2130//659 2127//659
f 2133//660 2126//660 2129//660
f 2129//660 2136//660 2133//660
f 2139//661 2132//662 2135//663
f 2135//663 2142//664 2139//661
f 2145//665 2138//666 2141//667
f 2141//667 2148//667 2145//665
f 2151//668 2144//668 2147//668
f 2147//668 2154//668 2151//668
f 2157//669 2150//669 2153//670
f 2153//670 2160//670 2157//669
f 2163//671 2156//671 2159//672
f 2159//672 2166//672 2163//671
f 2169//673 2162//674 2165//675
f 2165//675 2172//673 2169//673
f 2175//676 2168//676 2171//677
f 2171//677 2178//678 2175//676
f 2180//679 2174//679 2177//679
f 2177//679 2183//679 2180//679
f 2186//680 2181//680 2184//680
f 2184//680 2189//680 2186//680
f 2192//681 2187//681 2190//681
f 2190//681 2195//681 2192//681
f 2198//682 2193//682 2196//683
f 2196//683 2201//682 2198//682
f 2204//684 2199//685 2202//686
f 2202//686 2207//687 2204//684
f 2210//688 2205//689 2208//690
f 2208//690 2213//690 2210//688
f 2217//691 2211//691 2214//691
f 2215//692 2221//692 2218//692
f 2224//693 2219//694 2222//695
f 2222//695 2227//694 2224//693
f 2231//696 2225//696 2228//696
f 2229//697 2235//697 2232//697
f 2238//698 2233//698 2236//698
f 2236//698 2241//698 2238//698
f 2244//699 2239//699 2242//699
f 2242//699 2247//699 2244//699
f 2251//700 2245//701 2248//702
f 2248//702 2254//702 2251//700
f 2257//703 2250//703 2253//704
f 2253//704 2260//704 2257//703
f 2263//705 2256//705 2259//705
f 2259//705 2266//706 2263//705
f 2269//707 2262//707 2265//708
f 2265//708 2272//709 2269//707
f 2274//710 2268//711 2271//711
f 2271//711 2277//710 2274//710
f 2280//712 2275//712 2278//712
f 2278//712 2283//712 2280//712
f 2286//713 2281//713 2284//713
f 2284//713 2289//713 2286//713
f 2293//714 2287//714 2290//714
f 2290//714 2296//714 2293//714
f 2300//715 2294//715 2297//715
f 2297//715 2304//715 2300//715
f 2307//716 2301//716 2305//716
f 2305//716 2310//717 2307//716
f 2313//718 2308//718 2311//718
f 2311//718 2316//718 2313//718
f 2320//719 2314//720 2317//721
f 2317//721 2324//722 2320//719
f 2327//723 2321//723 2325//723
f 2325//723 2330//723 2327//723
f 2334//724 2328//724 2331//724
f 2331//724 2338//724 2334//724
f 2342//725 2335//726 2339//727
f 2339//727 2346//728 2342//725
f 2350//615 2343//615 2347//615
f 2347//615 2354//615 2350//615
f 2358//729 2351//730 2355//730
f 2355//730 2362//730 2358//729
f 2366//731 2359//731 2363//732
f 2363//732 2370//732 2366//731
f 2374//733 2367//733 2371//733
f 2371//733 2378//733 2374//733
f 2381//734 2375//734 2379//735
f 2379//735 2384//735 2381//734
f 2387//736 2382//736 2385//736
f 2385//736 2390//736 2387//736
f 2393//737 2388//738 2391//739
f 2391//739 2396//739 2393//737
f 2400//740 2394//740 2397//741
f 2397//741 2403//741 2400//740
f 2406//627 2399//627 2402//627
f 2402//627 2409//627 2406//627
f 2412//742 2405//742 2408//743
f 2408//743 2415//744 2412//742
f 2418//745 2411//745 2414//745
f 2414//745 2421//745 2418//745
f 2424//746 2417//746 2420//747
f 2420//747 2428//747 2424//746
f 2431//748 2423//748 2426//748
f 2427//749 2436//749 2432//749
f 2440//750 2430//750 2435//750
f 2434//750 2443//750 2439//750
f 2446//751 2438//752 2442//753
f 2442//753 2449//753 2446//751
f 2452//754 2445//755 2448//756
f 2448//756 2455//757 2452//754
f 2458//758 2451//759 2454//758
f 2454//758 2461//760 2458//758
f 2464//761 2457//761 2460//761
f 2460//761 2467//761 2464//761
f 2470//762 2463//762 2466//762
f 2466//762 2473//762 2470//762
f 2476//763 2469//763 2472//763
f 2472//763 2479//763 2476//763
f 2482//764 2475//764 2478//765
f 2478//765 2485//766 2482//764
f 2487//767 2481//767 2484//767
f 2484//767 2490//767 2487//767
f 2493//768 2488//769 2491//770
f 2491//770 2496//770 2493//768
f 2500//771 2494//771 2497//771
f 2497//771 2504//771 2500//771
f 2507//772 2501//772 2505//772
f 2505//772 2510//772 2507//772
f 2513//773 2508//773 2511//774
f 2511//774 2516//774 2513//773
f 2519//775 2514//776 2517//777
f 2517//777 2522//778 2519//775
f 2525//779 2520//779 2523//779
f 2523//779 2528//779 2525//779
f 2531//780 2526//780 2529//781
f 2529//781 2534//781 2531//780
f 2537//782 2532//782 2535//782
f 2535//782 2540//782 2537//782
f 2543//783 2538//783 2541//761
f 2541//761 2546//784 2543//783
f 2549//785 2544//785 2547//786
f 2547//786 2552//786 2549//785
f 2555//787 2550//787 2553//788
f 2553//788 2558//560 2555//787
f 2562//789 2556//618 2559//789
f 2559//789 2565//789 2562//789
f 2568//790 2561//790 2564//790
f 2564//790 2571//790 2568//790
f 2574//791 2567//791 2570//791
f 2570//791 2577//791 2574//791
f 2580//792 2573//792 2576//793
f 2576//793 2583//794 2580//792
f 2586//795 2579//795 2582//796
f 2582//796 2590//797 2586//795
f 2593//798 2585//798 2588//798
f 2589//799 2597//799 2594//799
f 2600//800 2592//800 2596//801
f 2596//801 2603//802 2600//800
f 2606//803 2599//803 2602//804
f 2602//804 2609//803 2606//803
f 2612//805 2605//806 2608//806
f 2608//806 2615//806 2612//805
f 2618//807 2611//808 2614//809
f 2614//809 2621//809 2618//807
f 2624//810 2617//811 2620//811
f 2620//811 2627//812 2624//810
f 2630//813 2623//813 2626//814
f 2626//814 2633//814 2630//813
f 2636//815 2629//816 2632//817
f 2632//817 2639//817 2636//815
f 2641//818 2635//818 2638//818
f 2638//818 2644//818 2641//818
f 2647//819 2642//820 2645//821
f 2645//821 2650//819 2647//819
f 2653//822 2648//822 2651//822
f 2651//822 2656//822 2653//822
f 2662//823 2654//823 2658//823
f 2657//823 2666//823 2661//823
f 2669//824 2663//825 2667//826
f 2667//826 2672//827 2669//824
f 2675//828 2670//828 2673//828
f 2673//828 2678//828 2675//828
f 2681//829 2676//829 2679//829
f 2679//829 2684//829 2681//829
f 2687//830 2682//830 2685//830
f 2685//830 2690//830 2687//830
f 2694//831 2688//831 2691//831
f 2691//831 2697//831 2694//831
f 2700//832 2693//832 2696//832
f 2696//832 2703//832 2700//832
f 2706//833 2699//834 2702//835
f 2702//835 2709//835 2706//833
f 2712//836 2705//837 2708//838
f 2708//838 2715//839 2712//836
f 2718//840 2711//840 2714//840
f 2714//840 2721//840 2718//840
f 2724//841 2717//842 2720//841
f 2720//841 2727//843 2724//841
f 2730//844 2723//844 2726//844
f 2726//844 2733//844 2730//844
f 2736//845 2729//846 2732//847
f 2732//847 2739//848 2736//845
f 2742//849 2735//849 2738//850
f 2738//850 2745//849 2742//849
f 2747//851 2741//851 2744//852
f 2744//852 2750//851 2747//851
f 2753//853 2748//853 2751//853
f 2751//853 2756//853 2753//853
f 2759//854 2754//854 2757//855
f 2757//855 2762//854 2759//854
f 2765//856 2760//856 2763//856
f 2763//856 2768//856 2765//856
f 2772//857 2766//857 2769//857
f 2769//857 2775//857 2772//857
f 2778//858 2771//858 2774//858
f 2774//858 2781//858 2778//858
f 2784//859 2777//859 2780//859
f 2780//859 2787//859 2784//859
f 2790//860 2783//860 2786//860
f 2786//860 2793//860 2790//860
f 2796//861 2789//861 2792//861
f 2792//861 2799//861 2796//861
f 2802//862 2795//862 2798//862
f 2798//862 2805//862 2802//862
f 2808//863 2801//863 2804//864
f 2804//864 2811//865 2808//863
f 2813//866 2807//866 2810//867
f 2810//867 2816//867 2813//866
f 2819//868 2814//868 2817//868
f 2817//868 2822//868 2819//868
f 2825//869 2820//869 2823//869
f 2823//869 2828//869 2825//869
f 2831//870 2826//870 2829//870
f 2829//870 2834//870 2831//870
f 2837//871 2832//871 2835//872
f 2835//872 2840//872 2837//871
f 2843//873 2838//873 2841//873
f 2841//873 2847//873 2843//873
f 2851//874 2844//875 2848//875
f 2848//875 2854//875 2851//874
f 2857//876 2852//877 2855//877
f 2855//877 2860//878 2857//876
f 2863//879 2858//879 2861//880
f 2861//880 2866//880 2863//879
f 2869//881 2864//881 2867//881
f 2867//881 2872//881 2869//881
f 2875//882 2870//882 2873//883
f 2873//883 2878//884 2875//882
f 2881//885 2876//886 2879//887
f 2879//887 2884//888 2881//885
f 2887//889 2882//889 2885//858
f 2885//858 2890//890 2887//889
f 2893//891 2888//891 2891//891
f 2891//891 2896//891 2893//891
f 2899//892 2894//892 2897//892
f 2897//892 2902//892 2899//892
f 2906//893 2900//893 2903//893
f 2904//894 2910//894 2907//894
f 2917//895 2908//895 2912//895
f 2911//895 2921//895 2916//895
f 2924//896 2918//897 2922//896
f 2922//896 2927//896 2924//896
f 2931//898 2925//898 2928//898
f 2928//898 2935//898 2931//898
f 2938//899 2930//899 2934//899
f 2934//899 2942//899 2938//899
f 2946//900 2937//900 2941//901
f 2941//901 2950//901 2946//900
f 2955//902 2945//902 2949//903
f 2949//903 2959//903 2955//902
f 2963//904 2954//904 2958//904
f 2958//904 2966//904 2963//904
f 2970//905 2962//905 2965//905
f 2965//905 2973//905 2970//905
f 2977//906 2969//906 2972//906
f 2972//906 2980//906 2977//906
f 2983//907 2976//908 2979//909
f 2979//909 2986//910 2983//907
f 2989//911 2982//911 2985//911
f 2985//911 2992//911 2989//911
f 2995//912 2988//913 2991//914
f 2991//914 2998//915 2995//912
f 3001//916 2994//916 2997//917
f 2997//917 3004//918 3001//916
f 3007//919 3000//919 3003//920
f 3003//920 3010//920 3007//919
f 3013//921 3006//922 3009//923
f 3009//923 3017//924 3013//921
f 3019//925 3012//925 3015//925
f 3016//925 3023//925 3020//925
f 3026//926 3021//926 3024//926
f 3024//926 3029//926 3026//926
f 3032//927 3027//927 3030//927
f 3030//927 3035//927 3032//927
f 3038//928 3033//928 3036//928
f 3036//928 3041//928 3038//928
f 3044//929 3039//929 3042//929
f 3042//929 3047//929 3044//929
f 3050//930 3045//909 3048//909
f 3048//909 3053//909 3050//930
f 3056//931 3051//932 3054//931
f 3054//931 3059//932 3056//931
f 3063//933 3057//933 3060//934
f 3060//934 3066//934 3063//933
f 3069//935 3062//935 3065//935
f 3065//935 3072//935 3069//935
f 3075//936 3068//937 3071//937
f 3071//937 3078//938 3075//936
f 3081//939 3074//940 3077//941
f 3077//941 3084//942 3081//939
f 3087//943 3080//943 3083//943
f 3083//943 3090//943 3087//943
f 3093//944 3086//944 3089//864
f 3089//864 3096//945 3093//944
f 3099//946 3092//946 3095//946
f 3095//946 3102//946 3099//946
f 3105//947 3098//947 3101//947
f 3101//947 3108//947 3105//947
f 3110//948 3104//948 3107//948
f 3107//948 3113//948 3110//948
f 3117//949 3111//949 3114//949
f 3114//949 3122//949 3117//949
f 3126//950 3118//950 3123//950
f 3123//950 3129//950 3126//950
f 3132//951 3127//951 3130//951
f 3130//951 3135//951 3132//951
f 3138//952 3133//952 3136//952
f 3136//952 3141//952 3138//952
f 3144//953 3139//953 3142//954
f 3142//954 3147//955 3144//953
f 3150//956 3145//957 3148//958
f 3148//958 3154//958 3150//956
f 3157//959 3151//959 3155//959
f 3155//959 3161//960 3157//959
f 3166//961 3158//962 3162//963
f 3162//963 3170//964 3166//961
f 3175//965 3167//965 3171//965
f 3171//965 3178//965 3175//965
f 3183//966 3174//967 3177//966
f 3177//966 3186//968 3183//966
f 3190//969 3182//969 3185//969
f 3185//969 3194//969 3190//969
f 3199//970 3189//971 3193//972
f 3193//972 3205//973 3199//970
f 3211//974 3198//974 3204//974
f 3203//975 3216//975 3210//975
f 3220//976 3209//977 3215//978
f 3215//978 3225//978 3220//976
f 3229//979 3219//979 3224//980
f 3224//980 3233//980 3229//979
f 3238//981 3228//981 3232//981
f 3232//981 3241//981 3238//981
f 3246//982 3237//982 3240//982
f 3240//982 3250//982 3246//982
f 3254//983 3245//983 3249//983
f 3249//983 3258//983 3254//983
f 3261//984 3253//985 3257//986
f 3257//986 3265//986 3261//984
f 3268//987 3260//987 3264//987
f 3264//987 3272//987 3268//987
f 3275//988 3267//988 3271//988
f 3271//988 3278//988 3275//988
f 3281//989 3274//989 3277//989
f 3277//989 3284//989 3281//989
f 3287//990 3280//990 3283//990
f 3283//990 3291//990 3287//990
f 3295//991 3286//992 3290//991
f 3290//991 3299//991 3295//991
f 3302//993 3294//993 3298//993
f 3298//993 3305//993 3302//993
f 3310//994 3303//994 3307//994
f 3306//994 3313//994 3309//994
f 3316//995 3311//995 3314//995
f 3314//995 3319//995 3316//995
f 3322//996 3317//997 3320//998
f 3320//998 3325//999 3322//996
f 3328//1000 3323//1000 3326//1000
f 3326//1000 3331//1000 3328//1000
f 3334//1001 3329//1001 3332//1002
f 3332//1002 3337//1003 3334//1001
f 3340//1004 3335//1005 3338//1006
f 3338//1006 3343//1007 3340//1004
f 3346//1008 3341//1008 3344//1009
f 3344//1009 3350//1010 3346//1008
f 3354//1011 3347//1011 3351//1012
f 3351//1012 3357//1012 3354//1011
f 3361//1013 3355//1013 3358//1013
f 3358//1013 3364//1013 3361//1013
f 3367//1014 3360//1014 3363//1015
f 3363//1015 3370//1016 3367//1014
f 3373//1017 3366//1017 3369//1018
f 3369//1018 3376//1019 3373//1017
f 3379//1020 3372//1020 3375//1020
f 3375//1020 3382//1020 3379//1020
f 3385//1021 3378//1022 3381//1023
f 3381//1023 3388//1024 3385//1021
f 3390//1025 3384//1025 3387//1025
f 3387//1025 3393//1025 3390//1025
f 3397//1026 3391//1026 3394//1026
f 3394//1026 3402//1026 3397//1026
f 3407//1027 3398//1027 3403//1027
f 3404//1028 3411//1028 3408//1028
f 3414//1029 3409//1029 3412//1030
f 3412//1030 3418//1029 3414//1029
f 3423//1031 3415//1031 3419//1031
f 3420//1031 3427//1031 3424//1031
f 3430//1032 3425//1032 3428//1032
f 3428//1032 3433//1032 3430//1032
f 3436//1033 3431//1033 3434//1033
f 3434//1033 3439//1034 3436//1033
f 3443//1035 3437//1035 3440//1035
f 3440//1035 3447//1035 3443//1035
f 3450//1036 3444//1036 3448//1036
f 3448//1036 3453//1036 3450//1036
f 3456//1037 3451//1037 3454//1038
f 3454//1038 3459//1038 3456//1037
f 3462//1039 3457//1040 3460//1041
f 3460//1041 3465//1041 3462//1039
f 3469//1042 3463//1042 3466//1043
f 3466//1043 3473//1043 3469//1042
f 3476//1044 3470//1044 3474//1044
f 3474//1044 3479//1044 3476//1044
f 3482//1045 3477//1046 3480//1046
f 3480//1046 3485//1046 3482//1045
f 3488//1047 3483//1047 3486//1047
f 3486//1047 3492//1048 3488//1047
f 3496//1049 3489//1049 3493//1050
f 3493//1050 3500//1051 3496//1049
f 3505//1052 3497//1052 3501//1053
f 3501//1053 3510//1054 3505//1052
f 3515//1055 3506//1056 3511//1057
f 3511//1057 3520//1057 3515//1055
f 3527//1058 3516//1059 3521//1060
f 3521//1060 3533//1060 3527//1058
f 3539//1061 3526//1061 3532//1061
f 3531//1062 3544//1062 3538//1062
f 3548//1063 3537//1064 3543//1065
f 3543//1065 3552//1065 3548//1063
f 3556//1066 3547//1067 3551//1067
f 3551//1067 3560//1067 3556//1066
f 3564//1068 3555//1068 3559//1068
f 3559//1068 3568//1068 3564//1068
f 3571//1069 3563//1069 3567//1069
f 3567//1069 3574//1069 3571//1069
f 3577//1070 3570//1071 3573//1072
f 3573//1072 3580//1073 3577//1070
f 3583//1074 3576//1074 3579//1074
f 3579//1074 3586//1074 3583//1074
f 3589//1075 3582//1076 3585//1077
f 3585//1077 3592//1078 3589//1075
f 3595//1079 3588//1079 3591//1079
f 3591//1079 3598//1079 3595//1079
f 3601//1080 3594//1081 3597//1082
f 3597//1082 3605//1082 3601//1080
f 3608//1083 3600//1084 3604//1085
f 3604//1085 3612//1085 3608//1083
f 3615//1086 3607//1087 3611//1088
f 3611//1088 3618//1086 3615//1086
f 3620//1089 3614//1089 3617//1089
f 3617//1089 3623//1089 3620//1089
f 3626//1090 3621//1091 3624//1092
f 3624//1092 3629//1093 3626//1090
f 3632//1094 3627//1094 3630//1094
f 3630//1094 3635//1094 3632//1094
f 3638//1095 3633//1095 3636//1096
f 3636//1096 3641//1097 3638//1095
f 3644//1098 3639//1098 3642//1098
f 3642//1098 3647//1098 3644//1098
f 3650//1099 3645//1099 3648//1099
f 3648//1099 3654//1099 3650//1099
f 3657//1100 3651//1100 3655//1100
f 3655//1100 3660//1100 3657//1100
f 3664//1101 3658//1101 3661//1101
f 3661//1101 3668//1101 3664//1101
f 3672//1102 3663//1102 3667//1102
f 3666//1102 3675//1102 3671//1102
f 3678//1103 3670//1017 3674//1017
f 3674//1017 3681//1017 3678//1103
f 3684//1104 3677//1105 3680//1106
f 3680//1106 3687//1107 3684//1104
f 3690//1108 3683//1108 3686//1109
f 3686//1109 3693//1109 3690//1108
f 3696//1110 3689//1110 3692//1111
f 3692//1111 3699//1111 3696//1110
f 3701//1112 3695//1112 3698//1113
f 3698//1113 3704//1113 3701//1112
f 3708//1114 3702//1115 3705//1116
f 3705//1116 3712//1117 3708//1114
f 3715//1118 3709//1119 3713//1120
f 3713//1120 3718//1120 3715//1118
f 3724//1121 3716//1121 3720//1121
f 3719//1121 3728//1121 3723//1121
f 3731//1122 3725//1123 3729//1124
f 3729//1124 3734//1124 3731//1122
f 3738//1125 3732//1125 3735//1125
f 3736//1125 3742//1125 3739//1125
f 3746//1126 3740//1126 3743//1127
f 3743//1127 3750//1127 3746//1126
f 3754//1128 3747//1128 3751//1128
f 3751//1128 3758//1128 3754//1128
f 3761//1129 3755//1129 3759//1130
f 3759//1130 3765//1131 3761//1129
f 3769//1132 3762//1132 3766//1133
f 3766//1133 3772//1134 3769//1132
f 3776//1135 3770//1136 3773//1137
f 3773//1137 3781//1138 3776//1135
f 3785//1139 3777//1139 3782//1140
f 3782//1140 3790//1140 3785//1139
f 3795//1141 3786//1141 3791//1141
f 3791//1141 3798//1141 3795//1141
f 3801//1142 3796//1143 3799//1144
f 3799//1144 3804//1145 3801//1142
f 3807//1146 3802//1146 3805//1146
f 3805//1146 3810//1146 3807//1146
f 3813//1147 3808//1148 3811//1147
f 3811//1147 3816//1147 3813//1147
f 3820//1149 3814//1149 3817//1149
f 3818//1149 3824//1149 3821//1149
f 3829//1150 3822//1150 3825//1150
f 3826//1151 3833//1151 3830//1151
f 3836//1152 3831//1152 3834//1153
f 3834//1153 3839//1154 3836//1152
f 3842//1155 3837//1155 3840//1155
f 3840//1155 3845//1155 3842//1155
f 3848//1156 3843//1157 3846//1158
f 3846//1158 3851//1159 3848//1156
f 3854//1160 3849//1160 3852//1160
f 3852//1160 3857//1160 3854//1160
f 3860//1161 3855//1162 3858//1163
f 3858//1163 3863//1163 3860//1161
f 3868//1164 3861//1164 3865//1164
f 3864//1164 3871//1164 3867//1164
f 3874//1165 3869//1165 3872//1165
f 3872//1165 3877//1165 3874//1165
f 3880//1166 3875//1166 3878//1166
f 3878//1166 3883//1166 3880//1166
f 3886//1167 3881//1167 3884//1167
f 3884//1167 3889//1167 3886//1167
f 3892//1168 3887//1168 3890//1168
f 3890//1168 3895//1168 3892//1168
f 3898//1169 3893//1170 3896//1170
f 3896//1170 3901//1170 3898//1169
f 3906//1171 3899//1171 3903//1171
f 3902//1172 3909//1172 3905//1172
f 3912//1173 3907//1174 3910//1174
f 3910//1174 3915//1175 3912//1173
f 3919//1176 3913//1176 3916//1176
f 3917//1177 3923//1177 3920//1177
f 3927//1178 3921//1178 3924//1179
f 3924//1179 3931//1179 3927//1178
f 3935//1180 3926//1180 3930//1180
f 3929//1181 3939//1181 3934//1181
f 3943//1182 3933//1182 3937//1182
f 3938//1183 3949//1183 3944//1183
f 3953//1184 3942//1184 3948//1184
f 3948//1184 3956//1184 3953//1184
f 3959//974 3952//1185 3955//1066
f 3955//1066 3962//1186 3959//974
f 3965//1187 3958//1188 3961//1189
f 3961//1189 3968//1190 3965//1187
f 3971//1191 3964//1192 3967//1191
f 3967//1191 3975//1191 3971//1191
f 3978//1193 3970//1193 3973//1193
f 3974//1194 3982//1194 3979//1194
f 3985//1195 3977//1195 3981//1195
f 3981//1195 3988//1195 3985//1195
f 3991//1196 3984//1197 3987//1198
f 3987//1198 3994//1199 3991//1196
f 3997//1200 3990//1201 3993//1201
f 3993//1201 4000//1201 3997//1200
f 4003//1202 3996//1202 3999//1203
f 3999//1203 4006//1203 4003//1202
f 4008//1204 4002//1204 4005//1204
f 4005//1204 4011//1204 4008//1204
f 4014//1205 4009//1205 4012//1206
f 4012//1206 4017//1207 4014//1205
f 4021//1208 4015//1208 4018//1208
f 4019//1208 4025//1208 4022//1208
f 4028//1209 4023//1209 4026//1209
f 4026//1209 4031//1209 4028//1209
f 4034//1210 4029//1210 4032//1211
f 4032//1211 4037//1212 4034//1210
f 4040//1213 4035//1214 4038//1215
f 4038//1215 4043//1216 4040//1213
f 4046//1217 4041//1218 4044//1219
f 4044//1219 4049//1219 4046//1217
f 4052//1220 4047//1220 4050//1220
f 4050//1220 4055//1220 4052//1220
f 4058//1221 4053//1221 4056//1221
f 4056//1221 4061//1221 4058//1221
f 4065//1222 4059//1222 4062//1222
f 4062//1222 4068//1222 4065//1222
f 4071//1223 4064//1224 4067//1225
f 4067//1225 4074//1226 4071//1223
f 4077//1227 4070//1227 4073//1228
f 4073//1228 4080//1229 4077//1227
f 4083//1230 4076//1230 4079//1230
f 4079//1230 4086//1230 4083//1230
f 4088//1231 4082//1232 4085//1233
f 4085//1233 4091//1231 4088//1231
f 4094//1234 4089//1234 4092//1234
f 4092//1234 4097//1234 4094//1234
f 4100//1235 4095//1235 4098//1236
f 4098//1236 4103//1236 4100//1235
f 4106//1237 4101//1237 4104//1237
f 4104//1237 4109//1238 4106//1237
f 4112//1239 4107//1239 4110//1239
f 4110//1239 4115//1239 4112//1239
f 4118//1240 4113//1240 4116//1240
f 4116//1240 4121//1240 4118//1240
f 4124//1241 4119//1242 4122//1243
f 4122//1243 4127//1244 4124//1241
f 4130//1245 4125//1246 4128//1247
f 4128//1247 4133//1247 4130//1245
f 4137//1248 4131//1249 4134//1250
f 4134//1250 4141//1250 4137//1248
f 4147//1251 4138//1251 4143//1251
f 4142//1252 4151//1252 4146//1252
f 4154//1253 4148//1253 4152//1254
f 4152//1254 4157//1254 4154//1253
f 4161//1255 4155//1255 4158//1256
f 4158//1256 4165//1257 4161//1255
f 4169//1258 4160//1259 4164//1259
f 4164//1259 4173//1259 4169//1258
f 4178//1260 4168//1260 4172//1261
f 4172//1261 4181//1262 4178//1260
f 4184//1263 4177//1263 4180//1263
f 4180//1263 4188//1263 4184//1263
f 4191//1264 4183//1264 4186//1264
f 4187//1264 4195//1264 4192//1264
f 4198//1265 4190//1265 4194//1265
f 4194//1265 4201//1265 4198//1265
f 4204//1266 4197//1267 4200//1268
f 4200//1268 4207//1268 4204//1266
f 4210//1269 4203//1269 4206//1269
f 4206//1269 4213//1269 4210//1269
f 4216//1270 4209//1270 4212//1270
f 4212//1270 4219//1270 4216//1270
f 4222//1271 4215//1272 4218//1273
f 4218//1273 4225//1273 4222//1271
f 4228//1274 4221//1274 4224//1275
f 4224//1275 4231//1275 4228//1274
f 4234//1276 4227//1277 4230//1278
f 4230//1278 4237//1279 4234//1276
f 4240//1280 4233//1280 4236//1281
f 4236//1281 4243//1281 4240//1280
f 4246//1282 4239//1282 4242//1283
f 4242//1283 4249//1283 4246//1282
f 4252//1284 4245//1285 4248//1284
f 4248//1284 4255//1286 4252//1284
f 4258//1287 4251//1287 4254//1288
f 4254//1288 4261//1288 4258//1287
f 4264//1289 4257//1289 4260//1290
f 4260//1290 4267//1290 4264//1289
f 4270//1291 4263//1291 4266//1292
f 4266//1292 4273//1292 4270//1291
f 4276//1293 4269//1293 4272//1294
f 4272//1294 4279//1294 4276//1293
f 4281//1295 4275//1295 4278//1295
f 4278//1295 4284//1295 4281//1295
f 4287//1296 4282//1296 4285//1297
f 4285//1297 4290//1298 4287//1296
f 4294//1299 4288//1299 4291//1299
f 4292//1299 4298//1299 4295//1299
f 4301//1300 4296//1300 4299//1301
f 4299//1301 4304//1301 4301//1300
f 4307//1302 4302//1302 4305//1303
f 4305//1303 4310//1303 4307//1302
f 4313//1304 4308//1304 4311//1305
f 4311//1305 4316//1306 4313//1304
f 4319//1307 4314//1308 4317//1308
f 4317//1308 4322//1309 4319//1307
f 4325//1310 4320//1311 4323//1312
f 4323//1312 4328//1312 4325//1310
f 4331//1313 4326//1314 4329//1009
f 4329//1009 4334//1009 4331//1313
f 4337//1315 4332//1316 4335//1317
f 4335//1317 4340//1318 4337//1315
f 4344//1319 4338//1320 4341//1319
f 4341//1319 4347//1320 4344//1319
f 4350//1321 4343//1322 4346//1322
f 4346//1322 4354//1323 4350//1321
f 4358//1324 4349//1324 4353//1324
f 4352//1324 4361//1324 4357//1324
f 4364//1325 4356//1326 4360//1325
f 4360//1325 4368//1327 4364//1325
f 4372//1328 4363//1328 4367//1328
f 4366//1187 4375//1187 4371//1187
f 4378//1329 4370//1329 4374//1330
f 4374//1330 4381//1331 4378//1329
f 4384//1332 4377//1333 4380//1334
f 4380//1334 4387//1332 4384//1332
f 4390//1335 4383//1335 4386//1335
f 4386//1335 4393//1335 4390//1335
f 4395//1336 4389//1336 4392//1337
f 4392//1337 4398//1338 4395//1336
f 4401//1339 4396//1339 4399//1339
f 4399//1339 4404//1339 4401//1339
f 4407//1340 4402//1340 4405//1341
f 4405//1341 4410//1341 4407//1340
f 4413//1342 4408//1343 4411//1344
f 4411//1344 4416//1345 4413//1342
f 4420//1346 4414//1347 4417//1347
f 4417//1347 4423//1347 4420//1346
f 4426//1348 4419//1348 4422//1349
f 4422//1349 4429//1348 4426//1348
f 4432//1350 4425//1351 4428//1352
f 4428//1352 4435//1352 4432//1350
f 4438//1353 4431//1353 4434//1354
f 4434//1354 4441//1353 4438//1353
f 4443//1355 4437//1355 4440//1356
f 4440//1356 4446//1357 4443//1355
f 4449//1358 4444//1358 4447//1358
f 4447//1358 4452//1358 4449//1358
f 4455//1359 4450//1360 4453//1361
f 4453//1361 4458//1361 4455//1359
f 4462//1362 4456//1363 4459//1364
f 4459//1364 4465//1364 4462//1362
f 4468//1365 4461//1365 4464//1366
f 4464//1366 4471//1366 4468//1365
f 4474//1367 4467//1367 4470//1368
f 4470//1368 4477//1367 4474//1367
f 4480//1369 4473//1370 4476//1371
f 4476//1371 4483//1372 4480//1369
f 4486//1373 4479//1374 4482//1375
f 4482//1375 4489//1375 4486//1373
f 4492//1376 4485//1376 4488//1377
f 4488//1377 4495//1377 4492//1376
f 4498//1378 4491//1378 4494//1379
f 4494//1379 4501//1379 4498//1378
f 4504//1380 4497//1380 4500//1381
f 4500//1381 4507//1381 4504//1380
f 4510//1382 4503//1383 4506//1383
f 4506//1383 4513//1382 4510//1382
f 4516//1384 4509//1384 4512//1384
f 4512//1384 4519//1384 4516//1384
f 4522//1385 4515//1385 4518//1385
f 4518//1385 4525//1385 4522//1385
f 4527//1386 4521//1386 4524//1386
f 4524//1386 4530//1386 4527//1386
f 4533//1387 4528//1388 4531//1389
f 4531//1389 4536//1390 4533//1387
f 4539//1391 4534//1391 4537//1391
f 4537//1391 4542//1391 4539//1391
f 4545//1392 4540//1393 4543//1392
f 4543//1392 4548//1392 4545//1392
f 4551//1394 4546//1394 4549//1394
f 4549//1394 4554//1394 4551//1394
f 4557//1395 4552//1395 4555//1396
f 4555//1396 4560//1396 4557//1395
f 4563//1397 4558//1398 4561//1398
f 4561//1398 4566//1398 4563//1397
f 4569//1399 4564//1399 4567//1400
f 4567//1400 4572//1401 4569//1399
f 4575//1402 4570//1402 4573//1402
f 4573//1402 4578//1402 4575//1402
f 4581//1403 4576//1403 4579//1403
f 4579//1403 4584//1403 4581//1403
f 4587//1404 4582//1405 4585//1404
f 4585//1404 4590//1405 4587//1404
f 4593//1406 4588//1407 4591//1407
f 4591//1407 4596//1408 4593//1406
f 4599//1409 4594//1409 4597//1409
f 4597//1409 4602//1409 4599//1409
f 4605//1410 4600//1410 4603//1410
f 4603//1410 4608//1410 4605//1410
f 4611//1411 4606//1411 4609//1412
f 4609//1412 4614//1412 4611//1411
f 4618//1413 4612//1413 4615//1413
f 4616//1413 4622//1413 4619//1413
f 4625//1414 4620//1414 4623//1415
f 4623//1415 4628//1415 4625//1414
f 4631//1416 4626//1417 4629//1418
f 4629//1418 4634//1417 4631//1416
f 4637//1419 4632//1419 4635//1419
f 4635//1419 4640//1419 4637//1419
f 4643//1420 4638//1420 4641//1420
f 4641//1420 4646//1420 4643//1420
f 4649//1421 4644//1421 4647//1422
f 4647//1422 4652//1423 4649//1421
f 4655//1424 4650//1424 4653//1425
f 4653//1425 4658//1424 4655//1424
f 4661//1426 4656//1426 4659//1427
f 4659//1427 4664//1427 4661//1426
f 4667//1428 4662//1428 4665//1429
f 4665//1429 4670//1429 4667//1428
f 4673//1430 4668//1430 4671//1430
f 4671//1430 4676//1430 4673//1430
f 4679//1431 4674//1431 4677//1431
f 4677//1431 4682//1431 4679//1431
f 4685//1432 4680//1432 4683//1433
f 4683//1433 4688//1433 4685//1432
f 4691//1434 4686//1434 4689//1434
f 4689//1434 4694//1434 4691//1434
f 4697//1435 4692//1435 4695//1435
f 4695//1435 4700//1435 4697//1435
f 4703//1436 4698//1437 4701//1436
f 4701//1436 4706//1438 4703//1436
f 4709//1439 4704//1439 4707//1439
f 4707//1439 4712//1439 4709//1439
f 4715//1440 4710//1440 4713//1441
f 4713//1441 4718//1441 4715//1440
f 4721//1442 4716//1442 4719//1442
f 4719//1442 4724//1442 4721//1442
f 4727//554 4722//1443 4725//553
f 4725//553 4730//1444 4727//554
f 4734//1445 4728//1445 4731//1445
f 4731//1445 4738//1445 4734//1445
f 4742//1446 4735//1447 4739//1448
f 4739//1448 4746//1448 4742//1446
f 4749//1449 4743//1449 4747//1449
f 4747//1449 4752//1449 4749//1449
f 4755//1450 4750//1450 4753//1450
f 4753//1450 4758//1450 4755//1450
f 4761//1451 4756//1452 4759//409
f 4759//409 4764//1453 4761//1451
f 4767//1454 4762//1454 4765//1455
f 4765//1455 4770//1454 4767//1454
f 4773//584 4768//1456 4771//1457
f 4771//1457 4776//1458 4773//584
f 4781//1459 4774//1459 4778//1459
f 4777//1460 4784//1460 4780//1460
f 4788//1461 4782//1462 4785//1461
f 4785//1461 4791//1463 4788//1461
f 4794//1464 4787//1464 4790//1464
f 4790//1464 4798//1465 4794//1464
f 4802//1466 4793//1466 4797//1466
f 4796//1467 4805//1467 4801//1467
f 4808//1468 4800//1468 4804//1468
f 4804//1468 4811//1468 4808//1468
f 4814//1469 4807//1469 4810//1469
f 4810//1469 4817//1469 4814//1469
f 4820//1470 4813//1471 4816//1470
f 4816//1470 4823//1472 4820//1470
f 4826//1473 4819//1474 4822//1473
f 4822//1473 4829//1475 4826//1473
f 4832//1476 4825//1476 4828//1476
f 4828//1476 4835//1476 4832//1476
f 4838//1477 4831//1477 4834//1477
f 4834//1477 4842//1477 4838//1477
f 4845//1478 4837//1478 4840//1478
f 4841//1479 4849//1479 4846//1479
f 4851//1480 4844//1480 4848//1481
f 4848//1481 4854//1481 4851//1480
f 4857//1482 4852//1483 4855//1484
f 4855//1484 4860//1484 4857//1482
f 4863//1485 4858//1486 4861//1487
f 4861//1487 4866//1487 4863//1485
f 4870//1488 4864//1489 4867//1488
f 4867//1488 4873//1488 4870//1488
f 4876//1490 4869//1491 4872//1490
f 4872//1490 4879//1490 4876//1490
f 4882//1492 4875//1492 4878//1492
f 4878//1492 4885//1492 4882//1492
f 4888//1493 4881//1494 4884//1495
f 4884//1495 4891//1495 4888//1493
f 4893//1496 4887//1497 4890//1498
f 4890//1498 4896//1498 4893//1496
f 4899//1499 4894//1499 4897//1499
f 4897//1499 4902//1499 4899//1499
f 4905//1500 4900//1500 4903//1500
f 4903//1500 4908//1500 4905//1500
f 4911//1501 4906//1501 4909//1502
f 4909//1502 4914//1501 4911//1501
f 4917//1503 4912//1503 4915//1504
f 4915//1504 4920//1504 4917//1503
f 4923//1505 4918//1506 4921//1507
f 4921//1507 4926//1505 4923//1505
f 4929//1508 4924//1508 4927//1509
f 4927//1509 4932//1509 4929//1508
f 4936//1510 4930//1511 4933//1512
f 4933//1512 4940//1512 4936//1510
f 4943//1513 4937//1513 4941//1513
f 4941//1513 4946//1513 4943//1513
f 4949//1514 4944//1515 4947//1515
f 4947//1515 4952//1515 4949//1514
f 4955//1516 4950//1517 4953//1518
f 4953//1518 4958//1517 4955//1516
f 4962//1519 4956//1519 4959//1520
f 4959//1520 4968//1521 4962//1519
f 4972//1522 4963//1522 4969//1523
f 4969//1523 4976//1522 4972//1522
f 4979//1524 4971//1524 4975//1525
f 4975//1525 4982//1526 4979//1524
f 4984//1527 4978//1528 4981//1527
f 4981//1527 4987//1527 4984//1527
f 4990//1529 4985//1530 4988//1531
f 4988//1531 4993//1529 4990//1529
f 4996//1532 4991//1532 4994//1532
f 4994//1532 4999//1532 4996//1532
f 5002//1533 4997//1534 5000//1535
f 5000//1535 5005//1536 5002//1533
f 5008//1537 5003//1537 5006//1537
f 5006//1537 5011//1537 5008//1537
f 5014//1538 5009//1539 5012//1539
f 5012//1539 5017//1539 5014//1538
f 5020//1540 5015//1540 5018//1541
f 5018//1541 5023//1540 5020//1540
f 5028//1542 5021//1542 5025//1542
f 5024//1542 5031//1542 5027//1542
f 5035//1543 5029//1544 5032//1545
f 5032//1545 5038//1545 5035//1543
f 5041//1546 5034//1546 5037//1547
f 5037//1547 5044//1548 5041//1546
f 5046//1549 5040//1549 5043//1549
f 5043//1549 5049//1550 5046//1549
f 5052//1551 5047//1551 5050//1551
f 5050//1551 5055//1551 5052//1551
f 5059//1552 5053//1552 5056//1552
f 5056//1552 5062//1552 5059//1552
f 5065//414 5058//415 5061//416
f 5061//416 5068//416 5065//414
f 5071//1553 5064//1553 5067//1554
f 5067//1554 5074//1554 5071//1553
f 5077//1555 5070//1555 5073//1555
f 5073//1555 5080//1555 5077//1555
f 5083//1556 5076//1557 5079//1558
f 5079//1558 5086//1557 5083//1556
f 5089//1559 5082//1559 5085//1559
f 5085//1559 5092//1559 5089//1559
f 5095//1560 5088//1560 5091//1561
f 5091//1561 5098//1562 5095//1560
f 5101//1563 5094//1564 5097//1563
f 5097//1563 5105//1564 5101//1563
f 5108//1565 5100//1565 5104//1565
f 5104//1565 5111//1565 5108//1565
f 5114//1566 5107//1566 5110//1566
f 5110//1566 5117//1566 5114//1566
f 5120//1567 5113//1568 5116//1569
f 5116//1569 5123//1570 5120//1567
f 5126//1571 5119//1572 5122//1573
f 5122//1573 5129//1574 5126//1571
f 5132//1575 5125//1575 5128//1576
f 5128//1576 5135//1576 5132//1575
f 5138//1577 5131//1578 5134//1579
f 5134//1579 5141//1579 5138//1577
f 5143//1580 5137//1580 5140//1580
f 5140//1580 5146//1580 5143//1580
f 5149//1581 5144//1582 5147//1583
f 5147//1583 5152//1584 5149//1581
f 5155//1585 5150//1586 5153//1587
f 5153//1587 5158//1587 5155//1585
f 5161//1588 5156//1589 5159//1590
f 5159//1590 5164//1591 5161//1588
f 5167//1592 5162//1592 5165//1593
f 5165//1593 5170//1593 5167//1592
f 5173//1594 5168//1595 5171//1594
f 5171//1594 5176//1594 5173//1594
f 5179//1596 5174//1596 5177//1596
f 5177//1596 5183//1596 5179//1596
f 5187//1597 5180//1598 5184//1599
f 5184//1599 5192//1600 5187//1597
f 5196//1601 5188//1601 5193//1601
f 5193//1601 5201//1601 5196//1601
f 5205//1602 5197//1602 5202//1602
f 5202//1602 5209//1602 5205//1602
f 5214//420 5206//420 5210//419
f 5210//419 5218//419 5214//420
f 5221//1603 5213//1604 5217//1605
f 5217//1605 5224//1606 5221//1603
f 5227//1607 5220//1607 5223//1607
f 5223//1607 5230//1607 5227//1607
f 5233//1608 5226//1608 5229//1609
f 5229//1609 5236//1610 5233//1608
f 5239//1611 5232//1612 5235//1611
f 5235//1611 5243//1613 5239//1611
f 5246//1614 5238//1614 5242//1615
f 5242//1615 5250//1616 5246//1614
f 5253//1536 5245//1536 5249//1536
f 5249//1536 5256//1536 5253//1536
f 5258//1617 5252//1617 5255//1617
f 5255//1617 5261//1617 5258//1617
f 5264//1618 5259//1618 5262//1618
f 5262//1618 5267//1618 5264//1618
f 5270//1619 5265//1620 5268//1620
f 5268//1620 5273//1619 5270//1619
f 5276//1621 5271//1621 5274//1622
f 5274//1622 5279//1622 5276//1621
f 5282//1623 5277//1623 5280//1623
f 5280//1623 5285//1623 5282//1623
f 5288//1624 5283//1624 5286//1624
f 5286//1624 5291//1624 5288//1624
f 5294//1625 5289//1625 5292//1625
f 5292//1625 5297//1625 5294//1625
f 5301//1626 5295//1626 5298//1626
f 5298//1626 5305//1626 5301//1626
f 5308//1627 5300//1627 5304//1628
f 5304//1628 5311//1629 5308//1627
f 5314//1630 5307//1630 5310//1631
f 5310//1631 5317//1632 5314//1630
f 5320//1633 5313//1633 5316//1633
f 5316//1633 5323//1633 5320//1633
f 5326//1634 5319//1634 5322//1634
f 5322//1634 5329//1634 5326//1634
f 5332//1635 5325//1636 5328//1637
f 5328//1637 5335//1638 5332//1635
f 5338//1639 5331//1639 5334//1639
f 5334//1639 5341//1639 5338//1639
f 5343//1640 5337//1640 5340//1640
f 5340//1640 5346//1640 5343//1640
f 5349//1641 5344//1641 5347//1641
f 5347//1641 5352//1641 5349//1641
f 5356//1642 5350//1643 5353//1643
f 5353//1643 5361//1644 5356//1642
f 5365//1645 5357//1646 5362//1645
f 5362//1645 5369//1645 5365//1645
f 5372//1647 5366//1647 5370//1647
f 5370//1647 5375//1647 5372//1647
f 5378//1648 5373//1648 5376//1648
f 5376//1648 5381//1648 5378//1648
f 5384//1649 5379//1649 5382//1649
f 5382//1649 5387//1649 5384//1649
f 5390//1650 5385//1635 5388//1636
f 5388//1636 5394//1636 5390//1650
f 5397//1651 5391//1652 5395//1653
f 5395//1653 5400//1654 5397//1651
f 5403//1655 5398//1655 5401//1655
f 5401//1655 5406//1655 5403//1655
f 5409//783 5404//783 5407//783
f 5407//783 5412//783 5409//783
f 5415//1656 5410//1657 5413//1658
f 5413//1658 5418//1658 5415//1656
f 5421//1659 5416//1659 5419//1660
f 5419//1660 5425//1661 5421//1659
f 5429//1662 5422//1662 5426//1663
f 5426//1663 5433//1663 5429//1662
f 5438//1664 5430//1664 5434//1664
f 5434//1664 5443//1664 5438//1664
f 5447//1665 5439//1666 5444//1666
f 5444//1666 5451//1667 5447//1665
f 5454//413 5448//413 5452//413
f 5452//413 5457//413 5454//413
f 5461//1668 5455//1668 5458//1668
f 5458//1668 5464//1668 5461//1668
f 5467//1669 5460//1670 5463//1670
f 5463//1670 5470//1671 5467//1669
f 5473//1672 5466//1673 5469//1674
f 5469//1674 5476//1674 5473//1672
f 5480//1675 5472//1675 5475//1675
f 5475//1675 5484//1676 5480//1675
f 5488//1677 5479//1677 5483//1677
f 5483//1677 5493//1677 5488//1677
f 5496//1678 5487//1679 5492//1680
f 5492//1680 5500//1681 5496//1678
f 5506//1682 5495//1682 5499//1682
f 5499//1682 5511//1682 5506//1682
f 5515//1683 5505//1683 5510//1684
f 5510//1684 5520//1684 5515//1683
f 5523//1685 5514//1685 5519//1685
f 5519//1685 5527//1685 5523//1685
f 5529//1686 5522//1686 5526//1687
f 5526//1687 5532//1688 5529//1686
f 5535//1689 5530//1689 5533//1690
f 5533//1690 5540//1690 5535//1689
f 5543//1691 5536//1691 5541//1691
f 5541//1691 5546//1691 5543//1691
f 5549//1692 5544//1693 5547//696
f 5547//696 5553//696 5549//1692
f 5556//1694 5550//1695 5554//448
f 5554//448 5559//1696 5556//1694
f 5564//1697 5557//1697 5560//1698
f 5560//1698 5570//1698 5564//1697
f 5573//1699 5565//1700 5571//1701
f 5571//1701 5576//1702 5573//1699
f 5581//1703 5574//1703 5577//1703
f 5577//1703 5585//1703 5581//1703
f 5589//1704 5580//1704 5584//1704
f 5584//1704 5593//1704 5589//1704
f 5597//1705 5588//1706 5592//1707
f 5592//1707 5601//1707 5597//1705
f 5605//1708 5596//1708 5600//1708
f 5600//1708 5609//1708 5605//1708
f 5612//1709 5604//1709 5608//1710
f 5608//1710 5615//1711 5612//1709
f 5618//1712 5611//1712 5614//1712
f 5614//1712 5622//1712 5618//1712
f 5625//1713 5617//1713 5620//1713
f 5621//658 5629//658 5626//658
f 5632//1714 5624//1714 5628//1714
f 5628//1714 5635//1714 5632//1714
f 5638//1715 5631//1715 5634//1715
f 5634//1715 5641//1715 5638//1715
f 5644//1716 5637//1716 5640//1716
f 5640//1716 5647//1716 5644//1716
f 5650//1717 5643//1718 5646//1719
f 5646//1719 5654//1720 5650//1717
f 5657//1721 5649//1721 5653//1721
f 5653//1721 5661//1721 5657//1721
f 5665//1722 5656//1722 5660//1722
f 5660//1722 5669//1722 5665//1722
f 5673//1723 5664//1724 5668//1725
f 5668//1725 5677//1726 5673//1723
f 5680//1727 5672//1727 5676//1727
f 5676//1727 5683//1727 5680//1727
f 5687//1728 5679//1728 5682//1729
f 5682//1729 5691//1730 5687//1728
f 5693//1731 5686//1731 5690//1731
f 5690//1731 5696//1731 5693//1731
f 5700//1732 5694//1732 5697//1733
f 5697//1733 5704//1733 5700//1732
f 5707//1734 5701//1734 5705//1734
f 5705//1734 5710//1734 5707//1734
f 5714//1735 5708//1735 5711//1735
f 5711//1735 5718//1735 5714//1735
f 5721//1736 5715//1736 5719//1737
f 5719//1737 5724//1737 5721//1736
f 5727//1738 5722//1739 5725//1740
f 5725//1740 5730//1740 5727//1738
f 5733//1741 5728//1741 5731//1742
f 5731//1742 5736//1743 5733//1741
f 5739//1744 5734//1745 5737//1746
f 5737//1746 5742//1747 5739//1744
f 5745//1748 5740//1748 5743//1748
f 5743//1748 5748//1748 5745//1748
f 5751//1749 5746//1749 5749//1749
f 5749//1749 5754//1749 5751//1749
f 5758//1750 5752//1750 5755//1750
f 5755//1750 5761//1750 5758//1750
f 5765//1751 5757//1751 5760//1752
f 5760//1752 5770//1752 5765//1751
f 5774//1753 5764//1753 5769//1753
f 5768//1754 5777//1754 5773//1754
f 5780//1755 5772//1755 5776//1755
f 5776//1755 5783//1755 5780//1755
f 5786//1756 5779//1756 5782//1757
f 5782//1757 5789//1757 5786//1756
f 5792//1758 5785//1758 5788//1758
f 5788//1758 5795//1758 5792//1758
f 5798//1759 5791//1760 5794//1759
f 5794//1759 5801//1759 5798//1759
f 5803//1761 5797//1761 5800//1762
f 5800//1762 5806//1762 5803//1761
f 5809//1763 5804//1763 5807//1764
f 5807//1764 5812//1764 5809//1763
f 5815//1765 5810//1765 5813//1765
f 5813//1765 5818//1765 5815//1765
f 5821//1766 5816//1766 5819//1767
f 5819//1767 5824//1767 5821//1766
f 5827//1768 5822//1768 5825//1768
f 5825//1768 5831//1768 5827//1768
f 5834//1769 5828//1769 5832//1769
f 5832//1769 5837//1769 5834//1769
f 5840//1770 5835//1770 5838//1770
f 5838//1770 5843//1770 5840//1770
f 5846//1771 5841//1771 5844//1772
f 5844//1772 5849//1772 5846//1771
f 5852//1773 5847//1773 5850//1774
f 5850//1774 5855//1773 5852//1773
f 5858//1775 5853//1775 5856//1775
f 5856//1775 5861//1776 5858//1775
f 5865//1777 5859//1778 5862//1779
f 5862//1779 5869//1780 5865//1777
f 5872//1781 5866//1781 5870//1781
f 5870//1781 5875//1781 5872//1781
f 5878//1782 5873//1782 5876//357
f 5876//357 5881//745 5878//1782
f 5884//1783 5879//1783 5882//1784
f 5882//1784 5887//1784 5884//1783
f 5891//1785 5885//1786 5888//1787
f 5888//1787 5895//1787 5891//1785
f 5899//1788 5892//1788 5896//1788
f 5896//1788 5904//1788 5899//1788
f 5909//1789 5900//1789 5906//1789
f 5905//1789 5913//1789 5908//1789
f 5918//1790 5910//1791 5914//1792
f 5914//1792 5923//1791 5918//1790
f 5926//1793 5919//1793 5924//1793
f 5924//1793 5930//1793 5926//1793
f 5933//1794 5927//1794 5931//1794
f 5931//1794 5937//1794 5933//1794
f 5940//1795 5934//1795 5938//1795
f 5938//1795 5943//1795 5940//1795
f 5946//1796 5941//1796 5944//1796
f 5944//1796 5949//1796 5946//1796
f 5953//1797 5947//1797 5950//1797
f 5950//1797 5956//1797 5953//1797
f 5959//1798 5952//1798 5955//1798
f 5955//1798 5962//1798 5959//1798
f 5965//1799 5958//1799 5961//1800
f 5961//1800 5968//1800 5965//1799
f 5971//1801 5964//1801 5967//1802
f 5967//1802 5974//1803 5971//1801
f 5977//1804 5970//1804 5973//1804
f 5973//1804 5980//1804 5977//1804
f 5983//1805 5976//1805 5979//1805
f 5979//1805 5986//1805 5983//1805
f 5989//1806 5982//1806 5985//1453
f 5985//1453 5992//1453 5989//1806
f 5995//1807 5988//1807 5991//1807
f 5991//1807 5998//1807 5995//1807
f 6001//1808 5994//1808 5997//1808
f 5997//1808 6004//1808 6001//1808
f 6007//1809 6000//1810 6003//1809
f 6003//1809 6010//1810 6007//1809
f 6012//1811 6006//1811 6009//1811
f 6009//1811 6016//1563 6012//1811
f 6020//1812 6013//1812 6017//1812
f 6017//1812 6024//1812 6020//1812
f 6028//1813 6021//1813 6025//1813
f 6025//1813 6032//1813 6028//1813
f 6035//1814 6029//1815 6033//1815
f 6033//1815 6038//1814 6035//1814
f 6043//1816 6036//1817 6039//1818
f 6039//1818 6047//1818 6043//1816
f 6051//1819 6044//1819 6048//1820
f 6048//1820 6055//1821 6051//1819
f 6058//1822 6052//1822 6056//1822
f 6056//1822 6061//1822 6058//1822
f 6064//1823 6059//1823 6062//1823
f 6062//1823 6067//1823 6064//1823
f 6071//1824 6065//1824 6068//1824
f 6068//1824 6074//1824 6071//1824
f 6077//1462 6070//1462 6073//1462
f 6073//1462 6080//1462 6077//1462
f 6083//1464 6076//1464 6079//1464
f 6079//1464 6086//1464 6083//1464
f 6089//1825 6082//1825 6085//1825
f 6085//1825 6093//1825 6089//1825
f 6097//1826 6088//1826 6092//1826
f 6091//1826 6100//1826 6096//1826
f 6103//1827 6095//1827 6099//1828
f 6099//1828 6106//1829 6103//1827
f 6109//1830 6102//1830 6105//1830
f 6105//1830 6112//1830 6109//1830
f 6115//1831 6108//1831 6111//1832
f 6111//1832 6118//1833 6115//1831
f 6121//1834 6114//1834 6117//1835
f 6117//1835 6124//1836 6121//1834
f 6127//1837 6120//1837 6123//1838
f 6123//1838 6130//1838 6127//1837
f 6132//1839 6126//1839 6129//1839
f 6129//1839 6135//1839 6132//1839
f 6138//1840 6133//1840 6136//1841
f 6136//1841 6141//1842 6138//1840
f 6144//1843 6139//1844 6142//1845
f 6142//1845 6147//1845 6144//1843
f 6151//1846 6145//1846 6148//1847
f 6148//1847 6154//1848 6151//1846
f 6157//1849 6150//601 6153//1850
f 6153//1850 6160//1850 6157//1849
f 6163//1851 6156//1851 6159//1851
f 6159//1851 6166//1851 6163//1851
f 6169//1852 6162//1852 6165//1853
f 6165//1853 6172//1854 6169//1852
f 6175//1855 6168//1855 6171//1856
f 6171//1856 6178//1855 6175//1855
f 6181//1857 6174//1858 6177//1859
f 6177//1859 6184//1859 6181//1857
f 6187//1860 6180//1861 6183//1860
f 6183//1860 6190//1860 6187//1860
f 6192//1862 6186//1863 6189//1864
f 6189//1864 6195//1864 6192//1862
f 6198//1865 6193//1865 6196//1865
f 6196//1865 6201//1865 6198//1865
f 6205//1866 6199//1866 6202//1866
f 6202//1866 6209//1866 6205//1866
f 6212//1867 6206//1868 6210//1869
f 6210//1869 6215//1869 6212//1867
f 6218//1870 6213//1870 6216//1870
f 6216//1870 6221//1870 6218//1870
f 6224//1441 6219//1441 6222//1441
f 6222//1441 6229//1441 6224//1441
f 6232//1871 6225//1871 6230//1872
f 6230//1872 6235//1872 6232//1871
f 6239//1873 6233//1874 6236//1875
f 6236//1875 6243//1876 6239//1873
f 6246//1877 6240//1877 6244//1646
f 6244//1646 6249//1646 6246//1877
f 6252//1878 6247//1878 6250//1878
f 6250//1878 6255//1878 6252//1878
f 6258//1879 6253//1879 6256//1879
f 6256//1879 6261//1879 6258//1879
f 6264//1880 6259//1880 6262//1880
f 6262//1880 6267//1880 6264//1880
f 6270//1881 6265//1881 6268//1882
f 6268//1882 6273//1882 6270//1881
f 6276//1883 6271//1883 6274//1884
f 6274//1884 6279//1885 6276//1883
f 6282//1886 6277//1887 6280//1888
f 6280//1888 6285//1886 6282//1886
f 6288//1889 6283//1889 6286//1890
f 6286//1890 6291//1890 6288//1889
f 6294//1891 6289//1891 6292//1891
f 6292//1891 6297//1891 6294//1891
f 6300//1892 6295//1892 6298//1892
f 6298//1892 6303//1892 6300//1892
f 6306//1893 6301//1893 6304//1893
f 6304//1893 6309//1893 6306//1893
f 6312//1894 6307//1894 6310//1895
f 6310//1895 6315//1894 6312//1894
f 6318//1896 6313//1897 6316//1897
f 6316//1897 6321//1898 6318//1896
f 6324//1899 6319//1900 6322//1899
f 6322//1899 6327//1900 6324//1899
f 6330//1901 6325//1901 6328//1901
f 6328//1901 6333//1901 6330//1901
f 6337//1902 6331//1902 6334//1902
f 6334//1902 6340//1902 6337//1902
f 6343//1903 6336//1903 6339//1903
f 6339//1903 6346//1903 6343//1903
f 6349//1904 6342//1904 6345//1904
f 6345//1904 6352//1904 6349//1904
f 6355//1905 6348//1905 6351//1905
f 6351//1905 6358//1905 6355//1905
f 6361//1906 6354//1906 6357//1906
f 6357//1906 6364//1906 6361//1906
f 6367//1907 6360//1907 6363//1907
f 6363//1907 6370//1907 6367//1907
f 6373//1908 6366//1908 6369//1909
f 6369//1909 6376//1909 6373//1908
f 6379//1910 6372//1910 6375//1910
f 6375//1910 6382//1910 6379//1910
f 6384//1911 6378//1912 6381//1913
f 6381//1913 6387//1913 6384//1911
f 6390//1914 6385//1914 6388//1914
f 6388//1914 6393//1914 6390//1914
f 6396//1915 6391//1916 6394//1917
f 6394//1917 6399//1917 6396//1915
f 6402//1918 6397//1918 6400//1919
f 6400//1919 6405//1919 6402//1918
f 6408//1920 6403//1921 6406//1920
f 6406//1920 6411//1920 6408//1920
f 6414//1922 6409//435 6412//1923
f 6412//1923 6417//1612 6414//1922
f 6420//1924 6415//1925 6418//1926
f 6418//1926 6423//1926 6420//1924
f 6426//1927 6421//1927 6424//1927
f 6424//1927 6429//1927 6426//1927
f 6433//1928 6427//1928 6430//1928
f 6430//1928 6436//1928 6433//1928
f 6439//1929 6432//1929 6435//1930
f 6435//1930 6442//1930 6439//1929
f 6445//310 6438//1931 6441//1932
f 6441//1932 6448//309 6445//310
f 6450//1933 6444//1933 6447//1934
f 6447//1934 6453//1934 6450//1933
f 6456//1935 6451//1935 6454//1935
f 6454//1935 6459//1935 6456//1935
f 6462//1936 6457//1937 6460//1938
f 6460//1938 6465//1938 6462//1936
f 6468//1939 6463//1939 6466//1940
f 6466//1940 6471//1940 6468//1939
f 6474//1941 6469//1941 6472//1941
f 6472//1941 6477//1941 6474//1941
f 6480//1942 6475//1943 6478//1944
f 6478//1944 6483//1944 6480//1942
f 6486//1945 6481//1945 6484//1946
f 6484//1946 6489//1946 6486//1945
f 6492//1947 6487//1947 6490//1948
f 6490//1948 6495//1949 6492//1947
f 6498//1950 6493//1950 6496//1950
f 6496//1950 6501//1951 6498//1950
f 6504//1952 6499//1953 6502//1954
f 6502//1954 6507//1955 6504//1952
f 6510//1956 6505//1957 6508//1956
f 6508//1956 6513//1956 6510//1956
f 6516//1958 6511//1958 6514//1958
f 6514//1958 6519//1958 6516//1958
f 6522//1959 6517//1959 6520//1959
f 6520//1959 6525//1959 6522//1959
f 6528//1960 6523//1961 6526//1962
f 6526//1962 6531//1962 6528//1960
f 6534//1963 6529//1963 6532//1963
f 6532//1963 6537//1963 6534//1963
f 6540//1964 6535//1964 6538//1964
f 6538//1964 6543//1964 6540//1964
f 6546//1965 6541//1965 6544//996
f 6544//996 6549//1966 6546//1965
f 6552//1967 6547//1967 6550//1967
f 6550//1967 6555//1967 6552//1967
f 6558//1968 6553//1969 6556//1969
f 6556//1969 6561//1970 6558//1968
f 6564//1971 6559//1971 6562//1972
f 6562//1972 6567//1973 6564//1971
f 6570//1974 6565//1974 6568//1975
f 6568//1975 6573//1975 6570//1974
f 6576//1976 6571//1976 6574//1976
f 6574//1976 6579//1976 6576//1976
f 6582//1977 6577//1978 6580//1979
f 6580//1979 6585//1980 6582//1977
f 6588//1981 6583//1981 6586//1982
f 6586//1982 6591//1982 6588//1981
f 6594//1983 6589//1983 6592//1984
f 6592//1984 6597//1985 6594//1983
f 6600//1986 6595//1986 6598//1987
f 6598//1987 6603//1987 6600//1986
f 6606//1988 6601//1989 6604//1990
f 6604//1990 6609//1988 6606//1988
f 6612//1991 6607//1991 6610//1991
f 6610//1991 6615//1991 6612//1991
f 6618//1992 6613//1992 6616//1992
f 6616//1992 6621//1992 6618//1992
f 6624//1993 6619//1993 6622//1993
f 6622//1993 6627//1993 6624//1993
f 6630//1994 6625//1994 6628//1994
f 6628//1994 6633//1994 6630//1994
f 6636//1995 6631//1995 6634//1996
f 6634//1996 6639//1996 6636//1995
f 6642//1997 6637//1998 6640//1999
f 6640//1999 6645//1999 6642//1997
f 6648//2000 6643//2000 6646//2000
f 6646//2000 6651//2000 6648//2000
f 6655//2001 6649//2001 6652//2001
f 6652//2001 6658//2001 6655//2001
f 6661//2002 6654//2002 6657//2002
f 6657//2002 6664//2002 6661//2002
f 6667//2003 6660//2003 6663//2004
f 6663//2004 6670//2005 6667//2003
f 6673//2006 6666//2006 6669//2006
f 6669//2006 6676//2006 6673//2006
f 6680//2007 6672//2007 6675//2008
f 6675//2008 6685//2008 6680//2007
f 6689//2009 6679//2010 6684//2011
f 6684//2011 6692//2011 6689//2009
f 6695//2012 6688//2012 6691//2012
f 6691//2012 6698//2012 6695//2012
f 6701//2013 6694//2013 6697//2014
f 6697//2014 6704//2014 6701//2013
f 6707//2015 6700//2015 6703//2015
f 6703//2015 6710//2015 6707//2015
f 6712//2016 6706//2017 6709//2018
f 6709//2018 6715//2019 6712//2016
f 6718//2020 6713//2021 6716//2021
f 6716//2021 6721//2021 6718//2020
f 6724//2022 6719//2022 6722//2022
f 6722//2022 6727//2022 6724//2022
f 6730//2023 6725//2023 6728//2023
f 6728//2023 6733//2023 6730//2023
f 6736//2024 6731//2024 6734//2024
f 6734//2024 6739//2025 6736//2024
f 6742//1265 6737//1265 6740//1265
f 6740//1265 6745//1265 6742//1265
f 6748//2026 6743//2026 6746//2026
f 6746//2026 6751//2026 6748//2026
f 6755//1254 6749//2027 6752//2028
f 6752//2028 6758//2028 6755//1254
f 6761//2029 6754//2029 6757//2029
f 6757//2029 6764//2029 6761//2029
f 6767//2030 6760//2031 6763//2031
f 6763//2031 6770//2032 6767//2030
f 6773//2033 6766//1359 6769//2034
f 6769//2034 6777//2034 6773//2033
f 6781//2035 6772//2035 6776//2035
f 6775//2036 6784//2036 6780//2036
f 6787//2037 6779//2037 6783//2037
f 6783//2037 6790//2037 6787//2037
f 6793//2038 6786//2039 6789//2040
f 6789//2040 6796//2040 6793//2038
f 6799//2041 6792//2041 6795//2041
f 6795//2041 6802//2041 6799//2041
f 6805//2042 6798//2043 6801//2042
f 6801//2042 6808//2042 6805//2042
f 6811//1029 6804//2044 6807//2045
f 6807//2045 6814//2046 6811//1029
f 6816//2047 6810//2047 6813//2047
f 6813//2047 6819//2047 6816//2047
f 6822//2048 6817//2049 6820//2050
f 6820//2050 6825//2050 6822//2048
f 6828//2051 6823//2051 6826//2052
f 6826//2052 6831//2053 6828//2051
f 6834//2054 6829//2054 6832//2054
f 6832//2054 6837//2054 6834//2054
f 6840//2055 6835//2056 6838//2057
f 6838//2057 6843//2057 6840//2055
f 6846//2058 6841//2058 6844//2059
f 6844//2059 6849//2060 6846//2058
f 6852//2061 6847//2061 6850//2061
f 6850//2061 6855//2061 6852//2061
f 6858//2062 6853//2062 6856//2062
f 6856//2062 6861//2062 6858//2062
f 6864//2063 6859//2063 6862//2063
f 6862//2063 6867//2063 6864//2063
f 6872//2064 6865//2064 6868//2064
f 6868//2064 6875//2064 6872//2064
f 6879//2065 6873//2065 6876//2065
f 6876//2065 6884//2065 6879//2065
f 6888//864 6880//864 6885//2066
f 6885//2066 6892//2066 6888//864
f 6896//2067 6889//2067 6893//2067
f 6893//2067 6899//2067 6896//2067
f 6902//860 6897//860 6900//2068
f 6900//2068 6905//2069 6902//860
f 6908//2070 6903//2070 6906//2071
f 6906//2071 6911//882 6908//2070
f 6915//2072 6909//2072 6912//2072
f 6912//2072 6918//2072 6915//2072
f 6923//2073 6916//2074 6919//2075
f 6919//2075 6927//2076 6923//2073
f 6933//2077 6924//2077 6928//2077
f 6928//2077 6937//2077 6933//2077
f 6941//2078 6932//2078 6936//2078
f 6936//2078 6945//2078 6941//2078
f 6948//2079 6940//2079 6944//2079
f 6944//2079 6952//2079 6948//2079
f 6956//2080 6947//2081 6951//2082
f 6951//2082 6960//2083 6956//2080
f 6964//2084 6955//2084 6959//2085
f 6959//2085 6967//2085 6964//2084
f 6970//2086 6963//2086 6966//2086
f 6966//2086 6973//2086 6970//2086
f 6976//2087 6969//2087 6972//2087
f 6972//2087 6979//2087 6976//2087
f 6982//2088 6975//2089 6978//2090
f 6978//2090 6985//2090 6982//2088
f 6987//2091 6981//2091 6984//2092
f 6984//2092 6990//2092 6987//2091
f 6993//2093 6988//2093 6991//2093
f 6991//2093 6996//2093 6993//2093
f 6999//2094 6994//2094 6997//2094
f 6997//2094 7002//2094 6999//2094
f 7005//2095 7000//2095 7003//2095
f 7003//2095 7008//2095 7005//2095
f 7011//2096 7006//2096 7009//2096
f 7009//2096 7014//2096 7011//2096
f 7018//2097 7012//2097 7015//2097
f 7016//1318 7022//1318 7019//1318
f 7025//2098 7020//2098 7023//912
f 7023//912 7028//912 7025//2098
f 7031//2099 7026//2099 7029//2099
f 7029//2099 7034//2099 7031//2099
f 7037//2100 7032//2100 7035//2101
f 7035//2101 7040//2102 7037//2100
f 7043//2103 7038//2104 7041//2103
f 7041//2103 7046//2103 7043//2103
f 7049//2105 7044//2106 7047//2105
f 7047//2105 7052//2106 7049//2105
f 7055//2107 7050//2108 7053//2107
f 7053//2107 7058//2108 7055//2107
f 7061//2109 7056//2109 7059//2109
f 7059//2109 7064//2109 7061//2109
f 7067//2110 7062//2110 7065//2111
f 7065//2111 7070//2112 7067//2110
f 7073//2113 7068//2113 7071//2113
f 7071//2113 7076//2113 7073//2113
f 7079//2114 7074//2115 7077//2116
f 7077//2116 7083//2117 7079//2114
f 7086//2118 7080//2118 7084//2118
f 7084//2118 7089//2118 7086//2118
f 7094//2119 7087//2119 7090//2118
f 7090//2118 7100//2120 7094//2119
f 7106//2121 7093//2122 7099//2123
f 7099//2123 7112//2123 7106//2121
f 7115//2124 7105//2124 7111//2124
f 7111//2124 7118//2124 7115//2124
f 7122//2125 7116//2125 7119//2126
f 7119//2126 7126//2125 7122//2125
f 7129//2127 7123//2127 7127//2128
f 7127//2128 7132//2128 7129//2127
f 7136//2129 7130//2129 7133//2129
f 7133//2129 7140//2129 7136//2129
f 7143//2130 7137//2130 7141//2130
f 7141//2130 7146//2130 7143//2130
f 7149//2131 7144//2131 7147//2131
f 7147//2131 7152//2131 7149//2131
f 7155//2132 7150//2132 7153//2132
f 7153//2132 7158//2132 7155//2132
f 7162//2133 7156//2134 7159//2135
f 7159//2135 7165//2136 7162//2133
f 7168//2137 7163//2137 7166//2137
f 7166//2137 7171//2137 7168//2137
f 7174//2138 7169//2138 7172//2138
f 7172//2138 7177//2138 7174//2138
f 7182//2139 7175//2139 7178//2139
f 7178//2139 7185//2139 7182//2139
f 7189//2140 7181//2141 7184//2140
f 7184//2140 7193//2140 7189//2140
f 7197//2142 7188//2143 7192//2144
f 7192//2144 7201//2145 7197//2142
f 7206//2146 7196//2146 7200//2147
f 7200//2147 7210//2147 7206//2146
f 7213//2148 7205//2149 7209//2150
f 7209//2150 7216//2150 7213//2148
f 7219//2151 7212//2152 7215//2153
f 7215//2153 7222//2153 7219//2151
f 7225//2154 7218//2155 7221//2156
f 7221//2156 7228//2156 7225//2154
f 7231//2157 7224//2157 7227//2157
f 7227//2157 7234//2157 7231//2157
f 7237//2158 7230//2158 7233//2158
f 7233//2158 7240//2158 7237//2158
f 7243//2159 7236//2159 7239//2160
f 7239//2160 7246//2161 7243//2159
f 7249//2162 7242//2163 7245//2164
f 7245//2164 7253//2165 7249//2162
f 7256//2166 7248//2167 7252//2168
f 7252//2168 7260//2168 7256//2166
f 7264//2169 7255//2169 7259//2169
f 7259//2169 7269//2169 7264//2169
f 7271//2170 7263//2170 7268//2171
f 7268//2171 7275//2171 7271//2170
f 7278//2172 7272//2173 7276//2173
f 7276//2173 7282//2174 7278//2172
f 7285//2175 7279//2176 7283//2175
f 7283//2175 7288//2177 7285//2175
f 7291//2178 7286//2178 7289//2179
f 7289//2179 7294//2179 7291//2178
f 7297//2180 7292//2181 7295//2182
f 7295//2182 7300//2182 7297//2180
f 7303//2183 7298//2183 7301//2184
f 7301//2184 7306//2183 7303//2183
f 7309//2185 7304//2185 7307//2186
f 7307//2186 7312//2187 7309//2185
f 7315//2188 7310//2189 7313//2190
f 7313//2190 7320//2191 7315//2188
f 7324//1010 7316//2192 7321//2192
f 7321//2192 7327//2192 7324//1010
f 7330//2193 7325//2193 7328//1188
f 7328//1188 7333//2194 7330//2193
f 7336//2195 7331//2195 7334//2195
f 7334//2195 7339//2195 7336//2195
f 7343//2196 7337//2196 7340//2197
f 7340//2197 7346//2197 7343//2196
f 7349//2198 7342//2199 7345//2076
f 7345//2076 7352//2076 7349//2198
f 7355//2200 7348//2200 7351//2200
f 7351//2200 7358//2200 7355//2200
f 7361//2201 7354//2201 7357//2202
f 7357//2202 7364//2203 7361//2201
f 7367//2204 7360//2204 7363//2204
f 7363//2204 7370//2204 7367//2204
f 7373//2205 7366//2205 7369//2205
f 7369//2205 7376//2205 7373//2205
f 7379//2206 7372//2206 7375//2206
f 7375//2206 7382//2206 7379//2206
f 7385//2207 7378//2207 7381//2207
f 7381//2207 7388//2207 7385//2207
f 7391//2208 7384//2209 7387//2208
f 7387//2208 7394//2209 7391//2208
f 7397//2210 7390//2210 7393//2211
f 7393//2211 7400//2212 7397//2210
f 7402//2213 7396//2213 7399//2213
f 7399//2213 7405//2213 7402//2213
f 7408//2214 7403//2214 7406//2214
f 7406//2214 7412//2214 7408//2214
f 7415//2215 7409//2216 7413//2217
f 7413//2217 7418//2217 7415//2215
f 7421//2218 7416//2219 7419//2220
f 7419//2220 7424//2221 7421//2218
f 7427//2222 7422//2222 7425//2222
f 7425//2222 7430//2222 7427//2222
f 7433//2223 7428//2223 7431//2224
f 7431//2224 7436//2224 7433//2223
f 7439//2225 7434//2225 7437//2225
f 7437//2225 7442//2225 7439//2225
f 7445//2226 7440//2226 7443//2226
f 7443//2226 7448//2227 7445//2226
f 7451//2228 7446//2229 7449//2230
f 7449//2230 7454//2230 7451//2228
f 7457//2231 7452//2231 7455//2231
f 7455//2231 7460//2231 7457//2231
f 7463//2232 7458//2232 7461//2233
f 7461//2233 7466//2233 7463//2232
f 7469//2234 7464//2234 7467//2234
f 7467//2234 7472//2234 7469//2234
f 7475//2235 7470//2236 7473//2236
f 7473//2236 7478//2236 7475//2235
f 7481//2237 7476//2237 7479//2237
f 7479//2237 7484//2237 7481//2237
f 7487//2238 7482//2238 7485//2239
f 7485//2239 7490//2239 7487//2238
f 7493//1041 7488//1041 7491//2240
f 7491//2240 7496//2240 7493//1041
f 7499//2241 7494//2241 7497//2242
f 7497//2242 7502//2242 7499//2241
f 7505//2243 7500//2243 7503//2244
f 7503//2244 7508//2245 7505//2243
f 7511//2246 7506//2247 7509//2248
f 7509//2248 7514//2249 7511//2246
f 7517//2250 7512//2250 7515//2250
f 7515//2250 7522//2250 7517//2250
f 7528//2251 7518//2252 7523//2251
f 7523//2251 7532//2252 7528//2251
f 7536//2253 7527//2253 7531//2253
f 7531//2253 7539//2253 7536//2253
f 7543//2254 7535//2255 7538//2256
f 7538//2256 7547//2254 7543//2254
f 7551//2257 7542//2257 7546//2258
f 7546//2258 7554//2258 7551//2257
f 7557//1998 7550//2259 7553//2260
f 7553//2260 7560//2259 7557//1998
f 7563//2261 7556//2262 7559//2261
f 7559//2261 7566//2261 7563//2261
f 7569//2263 7562//2263 7565//2264
f 7565//2264 7572//2263 7569//2263
f 7575//2265 7568//2266 7571//2267
f 7571//2267 7578//2267 7575//2265
f 7581//2268 7574//2269 7577//2269
f 7577//2269 7584//2269 7581//2268
f 7587//2270 7580//2271 7583//2272
f 7583//2272 7590//2270 7587//2270
f 7593//2273 7586//2273 7589//2273
f 7589//2273 7596//2273 7593//2273
f 7599//2274 7592//2275 7595//2276
f 7595//2276 7602//2276 7599//2274
f 7605//2277 7598//2277 7601//2277
f 7601//2277 7609//2277 7605//2277
f 7612//2278 7604//2278 7607//2278
f 7608//2279 7616//2279 7613//2279
f 7619//2280 7611//2280 7615//2280
f 7615//2280 7622//2280 7619//2280
f 7625//2281 7618//2281 7621//2281
f 7621//2281 7628//2281 7625//2281
f 7631//2282 7624//2282 7627//2282
f 7627//2282 7634//2282 7631//2282
f 7637//2283 7630//2283 7633//2284
f 7633//2284 7640//2283 7637//2283
f 7642//2285 7636//2285 7639//2285
f 7639//2285 7645//2285 7642//2285
f 7648//2286 7643//2286 7646//2286
f 7646//2286 7651//2286 7648//2286
f 7654//2287 7649//2287 7652//2288
f 7652//2288 7657//2289 7654//2287
f 7660//2290 7655//2290 7658//2290
f 7658//2290 7663//2291 7660//2290
f 7666//2292 7661//2293 7664//2294
f 7664//2294 7669//2292 7666//2292
f 7672//2295 7667//2295 7670//2296
f 7670//2296 7675//2297 7672//2295
f 7679//2298 7673//2299 7676//2300
f 7676//2300 7682//2299 7679//2298
f 7685//2301 7678//2301 7681//2301
f 7681//2301 7688//2301 7685//2301
f 7691//2302 7684//2302 7687//2303
f 7687//2303 7694//2303 7691//2302
f 7697//2304 7690//2304 7693//2304
f 7693//2304 7700//2304 7697//2304
f 7702//2305 7696//2305 7699//2305
f 7699//2305 7705//2305 7702//2305
f 7709//2306 7703//2307 7706//873
f 7706//873 7712//2308 7709//2306
f 7715//2309 7708//2309 7711//2310
f 7711//2310 7718//2310 7715//2309
f 7721//2311 7714//2311 7717//2311
f 7717//2311 7724//2311 7721//2311
f 7727//2312 7720//2313 7723//2201
f 7723//2201 7730//2314 7727//2312
f 7733//2315 7726//2316 7729//2317
f 7729//2317 7736//2318 7733//2315
f 7739//2319 7732//2319 7735//2319
f 7735//2319 7742//2320 7739//2319
f 7745//2321 7738//2321 7741//2322
f 7741//2322 7748//2322 7745//2321
f 7751//2323 7744//2324 7747//2325
f 7747//2325 7754//2326 7751//2323
f 7757//2327 7750//2327 7753//2327
f 7753//2327 7760//2327 7757//2327
f 7763//2328 7756//2329 7759//2328
f 7759//2328 7766//2328 7763//2328
f 7769//2330 7762//2330 7765//2331
f 7765//2331 7772//2331 7769//2330
f 7775//2332 7768//2332 7771//2333
f 7771//2333 7778//2333 7775//2332
f 7781//2334 7774//2334 7777//2334
f 7777//2334 7784//2334 7781//2334
f 7787//2335 7780//2335 7783//2336
f 7783//2336 7790//2337 7787//2335
f 7792//2338 7786//2338 7789//2338
f 7789//2338 7795//2338 7792//2338
f 7798//2339 7793//2339 7796//2339
f 7796//2339 7801//2340 7798//2339
f 7804//2341 7799//2342 7802//2341
f 7802//2341 7808//2343 7804//2341
f 7812//2344 7805//2345 7809//2345
f 7809//2345 7815//2345 7812//2344
f 7818//2346 7813//2347 7816//1152
f 7816//1152 7821//1152 7818//2346
f 7825//2348 7819//2348 7822//2348
f 7822//2348 7828//2348 7825//2348
f 7831//2349 7826//2349 7829//2349
f 7829//2349 7834//2349 7831//2349
f 7837//2350 7832//2351 7835//2352
f 7835//2352 7840//2353 7837//2350
f 7843//2354 7838//2354 7841//2354
f 7841//2354 7847//2354 7843//2354
f 7850//876 7844//2240 7848//2355
f 7848//2355 7854//877 7850//876
f 7858//2356 7851//2356 7855//2356
f 7856//2356 7863//2356 7859//2356
f 7867//2028 7860//2028 7864//2028
f 7864//2028 7871//2028 7867//2028
f 7876//2357 7868//2357 7872//2357
f 7872//2357 7879//2357 7876//2357
f 7882//1322 7875//2358 7878//930
f 7878//930 7885//930 7882//1322
f 7888//2359 7881//2359 7884//2360
f 7884//2360 7891//2360 7888//2359
f 7894//2361 7887//2361 7890//2361
f 7890//2361 7897//2361 7894//2361
f 7900//2362 7893//2363 7896//2363
f 7896//2363 7903//2362 7900//2362
f 7906//2364 7899//2365 7902//2365
f 7902//2365 7909//2365 7906//2364
f 7912//2366 7905//2367 7908//1333
f 7908//1333 7915//1333 7912//2366
f 7918//2368 7911//2369 7914//1008
f 7914//1008 7921//1008 7918//2368
f 7924//2370 7917//2370 7920//2370
f 7920//2370 7927//2370 7924//2370
f 7930//2371 7923//2371 7926//2371
f 7926//2371 7933//2371 7930//2371
f 7936//2372 7929//2372 7932//2373
f 7932//2373 7939//2373 7936//2372
f 7942//2374 7935//2374 7938//2374
f 7938//2374 7945//2374 7942//2374
f 7948//2375 7941//2375 7944//2375
f 7944//2375 7951//2376 7948//2375
f 7954//1217 7947//1217 7950//2377
f 7950//2377 7957//2377 7954//1217
f 7960//2378 7953//2379 7956//2380
f 7956//2380 7963//2380 7960//2378
f 7966//2381 7959//2382 7962//2383
f 7962//2383 7969//2384 7966//2381
f 7972//2385 7965//2385 7968//2385
f 7968//2385 7975//2385 7972//2385
f 7978//2386 7971//2387 7974//2388
f 7974//2388 7981//2389 7978//2386
f 7983//2390 7977//2390 7980//2391
f 7980//2391 7986//2391 7983//2390
f 7989//2392 7984//2392 7987//2392
f 7987//2392 7992//2392 7989//2392
f 7995//2393 7990//2393 7993//2394
f 7993//2394 7998//2394 7995//2393
f 8001//2395 7996//2395 7999//2395
f 7999//2395 8004//2395 8001//2395
f 8007//2396 8002//2396 8005//2396
f 8005//2396 8010//2396 8007//2396
f 8013//2397 8008//2397 8011//2397
f 8011//2397 8016//2397 8013//2397
f 8020//2398 8014//2399 8017//2400
f 8017//2400 8023//2401 8020//2398
f 8026//2402 8019//2402 8022//2403
f 8022//2403 8029//2404 8026//2402
f 8032//2405 8025//2405 8028//2406
f 8028//2406 8035//2406 8032//2405
f 8038//2407 8031//2407 8034//2408
f 8034//2408 8041//2408 8038//2407
f 8044//2409 8037//2409 8040//2410
f 8040//2410 8047//2410 8044//2409
f 8050//2411 8043//2411 8046//2412
f 8046//2412 8053//2412 8050//2411
f 8056//2413 8049//2413 8052//2414
f 8052//2414 8059//2413 8056//2413
f 8062//2415 8055//2416 8058//2415
f 8058//2415 8065//2417 8062//2415
f 8068//2418 8061//2419 8064//2420
f 8064//2420 8071//2418 8068//2418
f 8074//2421 8067//2421 8070//2422
f 8070//2422 8077//2422 8074//2421
f 8080//2423 8073//2423 8076//2424
f 8076//2424 8083//2425 8080//2423
f 8086//2426 8079//2426 8082//2427
f 8082//2427 8089//2427 8086//2426
f 8092//2428 8085//2428 8088//2428
f 8088//2428 8095//2429 8092//2428
f 8097//2430 8091//2430 8094//2430
f 8094//2430 8100//2430 8097//2430
f 8103//2431 8098//2432 8101//2433
f 8101//2433 8106//2434 8103//2431
f 8109//2435 8104//2435 8107//2435
f 8107//2435 8112//2435 8109//2435
f 8115//2436 8110//2437 8113//2437
f 8113//2437 8118//2437 8115//2436
f 8121//2438 8116//2438 8119//2439
f 8119//2439 8124//2439 8121//2438
f 8127//2440 8122//2441 8125//2442
f 8125//2442 8130//2442 8127//2440
f 8134//2443 8128//2443 8131//2444
f 8131//2444 8137//2444 8134//2443
f 8140//2445 8133//2445 8136//2446
f 8136//2446 8143//2446 8140//2445
f 8146//2447 8139//2447 8142//2448
f 8142//2448 8149//2447 8146//2447
f 8152//2449 8145//2449 8148//2450
f 8148//2450 8155//2450 8152//2449
f 8157//2451 8151//2452 8154//2453
f 8154//2453 8160//2453 8157//2451
f 8163//2454 8158//2455 8161//2456
f 8161//2456 8166//2457 8163//2454
f 8171//2458 8164//2458 8168//2458
f 8167//2459 8174//2459 8170//2459
f 8177//2460 8172//2461 8175//2462
f 8175//2462 8180//2461 8177//2460
f 8183//2463 8178//2463 8181//2464
f 8181//2464 8186//2465 8183//2463
f 8189//2466 8184//2467 8187//2468
f 8187//2468 8192//2468 8189//2466
f 8195//2469 8190//2470 8193//2471
f 8193//2471 8198//2472 8195//2469
f 8201//2473 8196//2474 8199//2475
f 8199//2475 8204//2476 8201//2473
f 8208//2477 8202//2477 8205//2478
f 8205//2478 8212//2478 8208//2477
f 8216//2479 8207//2479 8211//2479
f 8210//2479 8219//2479 8215//2479
f 8222//2480 8214//2480 8218//2481
f 8218//2481 8225//2481 8222//2480
f 8228//2482 8221//2482 8224//2483
f 8224//2483 8231//2483 8228//2482
f 8234//2484 8227//2485 8230//2486
f 8230//2486 8237//2486 8234//2484
f 8240//2487 8233//2487 8236//2488
f 8236//2488 8243//2488 8240//2487
f 8246//2489 8239//2489 8242//2489
f 8242//2489 8249//2490 8246//2489
f 8252//2491 8245//2491 8248//2492
f 8248//2492 8255//2493 8252//2491
f 8258//2494 8251//2494 8254//2494
f 8254//2494 8261//2494 8258//2494
f 8264//2495 8257//2495 8260//2495
f 8260//2495 8267//2495 8264//2495
f 8270//2496 8263//2496 8266//2496
f 8266//2496 8273//2496 8270//2496
f 8276//2497 8269//2497 8272//2498
f 8272//2498 8279//2499 8276//2497
f 8282//2500 8275//2500 8278//2500
f 8278//2500 8285//2500 8282//2500
f 8288//2501 8281//2502 8284//2502
f 8284//2502 8291//2502 8288//2501
f 8294//2503 8287//2504 8290//2503
f 8290//2503 8297//2503 8294//2503
f 8300//2505 8293//2505 8296//2505
f 8296//2505 8303//2505 8300//2505
f 8306//2506 8299//2507 8302//2506
f 8302//2506 8309//2506 8306//2506
f 8312//2508 8305//2509 8308//2510
f 8308//2510 8315//2511 8312//2508
f 8318//2512 8311//2513 8314//2514
f 8314//2514 8321//2514 8318//2512
f 8324//2515 8317//2515 8320//2515
f 8320//2515 8327//2515 8324//2515
f 8330//2516 8323//2516 8326//2517
f 8326//2517 8333//2517 8330//2516
f 8335//2518 8329//2518 8332//2519
f 8332//2519 8338//2519 8335//2518
f 8341//2520 8336//2520 8339//2520
f 8339//2520 8344//2520 8341//2520
f 5//2521 8342//2522 8345//2523
f 8345//2523 8//2523 5//2521
f 8334//2524 8340//2525 4//2525
f 7//2526 8343//2527 8337//2528
f 96//2525 102//2525 108//2529
f 111//2526 105//2526 99//2526
f 108//2529 114//2525 120//2525
f 123//2526 117//2526 111//2526
f 120//2525 126//2525 132//2525
f 135//2526 129//2526 123//2526
f 132//2525 138//2525 144//2525
f 147//2526 141//2526 135//2526
f 144//2525 150//2525 156//2525
f 159//2526 153//2526 147//2526
f 212//2525 218//2525 224//2525
f 227//2526 221//2530 215//2526
f 224//2525 230//2525 236//2531
f 239//2532 233//2526 227//2526
f 236//2531 242//2525 248//2525
f 251//2526 245//2530 239//2532
f 248//2525 254//2533 260//2534
f 263//2526 257//2526 251//2526
f 260//2534 266//2525 272//2525
f 275//2526 269//2535 263//2526
f 272//2525 278//2525 284//2524
f 287//2536 281//2526 275//2526
f 284//2524 290//2525 296//2525
f 299//2526 293//2526 287//2536
f 296//2525 302//2525 308//2525
f 311//2526 305//2530 299//2526
f 386//2525 392//2537 398//2524
f 401//2526 395//2526 389//2526
f 398//2524 404//2525 410//2538
f 413//2539 407//2540 401//2526
f 410//2538 416//2537 422//2525
f 425//2526 419//2526 413//2539
f 422//2525 428//2525 434//2525
f 437//2526 431//2526 425//2526
f 533//2525 539//2533 546//2541
f 549//2542 543//2528 536//2526
f 688//2525 694//2525 700//2525
f 703//2535 697//2526 691//2526
f 700//2525 706//2525 712//2525
f 715//2543 709//2526 703//2535
f 712//2525 718//2525 724//2544
f 727//2526 721//2526 715//2543
f 724//2544 730//2525 736//2531
f 739//2528 733//2540 727//2526
f 736//2531 742//2525 748//2525
f 751//2526 745//2526 739//2528
f 748//2525 754//2525 760//2525
f 763//2526 757//2526 751//2526
f 790//2525 796//2525 802//2525
f 805//2526 799//2526 793//2543
f 802//2525 808//2533 814//2545
f 817//2546 811//2526 805//2526
f 814//2545 820//2525 826//2531
f 829//2526 823//2526 817//2546
f 826//2531 832//2525 838//2524
f 841//2526 835//2526 829//2526
f 838//2524 844//2525 850//2525
f 853//2536 847//2526 841//2526
f 850//2525 857//2537 865//2547
f 868//2548 861//2526 853//2536
f 865//2547 871//2525 878//2525
f 881//2548 875//2540 868//2548
f 1111//2537 1118//2525 1124//2537
f 1127//2530 1121//2526 1115//2540
f 1124//2537 1130//2537 1136//2537
f 1139//2540 1133//2530 1127//2530
f 1136//2537 1142//2537 1148//2537
f 1151//2526 1145//2530 1139//2540
f 1148//2537 1154//2525 1160//2549
f 1163//2539 1157//2526 1151//2526
f 1160//2549 1166//2525 1172//2537
f 1175//2550 1169//2530 1163//2539
f 1406//2525 1413//2525 1420//2525
f 1423//2530 1417//2540 1409//2526
f 1420//2525 1426//2537 1433//2525
f 1437//2526 1429//2530 1423//2530
f 1433//2525 1440//2551 1447//2552
f 1451//2526 1443//2526 1437//2526
f 1447//2552 1455//2537 1462//2525
f 1465//2526 1459//2530 1451//2526
f 1462//2525 1468//2553 1475//2551
f 1479//2530 1471//2526 1465//2526
f 1475//2551 1482//2537 1488//2541
f 1491//2530 1485//2530 1479//2530
f 1488//2541 1494//2525 1500//2525
f 1503//2530 1497//2554 1491//2530
f 1500//2525 1507//2551 1514//2525
f 1517//2530 1511//2527 1503//2530
f 1514//2525 1520//2537 1526//2537
f 1529//2530 1523//2540 1517//2530
f 1526//2537 1532//2537 1538//2555
f 1541//2530 1535//2530 1529//2530
f 1538//2555 1544//2537 1550//2525
f 1553//2530 1547//2554 1541//2530
f 1550//2525 1556//2525 1562//2541
f 1565//2526 1559//2530 1553//2530
f 1562//2541 1568//2556 1574//2552
f 1577//2530 1571//2530 1565//2526
f 1574//2552 1580//2557 1586//2537
f 1589//2526 1583//2558 1577//2530
f 1586//2537 1593//2525 1600//2557
f 1603//2526 1597//2526 1589//2526
f 1829//2559 1837//2559 1845//2559
f 1850//2530 1840//2530 1834//2530
f 1843//2537 1853//2537 1859//2537
f 1863//2530 1856//2530 1848//2530
f 1859//2537 1867//2537 1873//2537
f 1876//2530 1870//2530 1863//2560
f 1873//2537 1880//2533 1886//2537
f 1890//2540 1883//2540 1877//2540
f 1886//2537 1893//2551 1899//2537
f 1903//2526 1896//2526 1889//2526
f 1900//2533 1907//2533 1915//2533
f 1922//2561 1910//2561 1904//2561
f 1914//2556 1926//2556 1933//2556
f 1937//2554 1929//2554 1920//2554
f 2173//2525 2179//2525 2185//2525
f 2188//2530 2182//2526 2176//2526
f 2185//2525 2191//2525 2197//2525
f 2200//2526 2194//2530 2188//2530
f 2197//2525 2203//2537 2209//2551
f 2212//2526 2206//2526 2200//2526
f 2209//2551 2216//2537 2223//2525
f 2226//2526 2220//2530 2212//2526
f 2223//2525 2230//2552 2237//2537
f 2240//2530 2234//2530 2226//2526
f 2237//2537 2243//2537 2249//2537
f 2252//2540 2246//2530 2240//2530
f 2249//2537 2255//2533 2261//2537
f 2264//2526 2258//2530 2252//2540
f 2261//2537 2267//2549 2273//2537
f 2276//2539 2270//2526 2264//2526
f 2392//2525 2398//2525 2404//2537
f 2407//2530 2401//2530 2395//2526
f 2404//2537 2410//2525 2416//2537
f 2419//2526 2413//2530 2407//2530
f 2416//2537 2422//2533 2429//2552
f 2433//2526 2425//2526 2419//2526
f 2429//2552 2437//2556 2444//2541
f 2447//2539 2441//2540 2433//2526
f 2444//2541 2450//2525 2456//2525
f 2459//2554 2453//2526 2447//2539
f 2456//2525 2462//2525 2468//2525
f 2471//2526 2465//2530 2459//2554
f 2468//2525 2474//2525 2480//2537
f 2483//2526 2477//2530 2471//2526
f 2554//2525 2560//2525 2566//2552
f 2569//2526 2563//2526 2557//2526
f 2566//2552 2572//2562 2578//2563
f 2581//2539 2575//2530 2569//2526
f 2578//2563 2584//2525 2591//2525
f 2595//2530 2587//2530 2581//2539
f 2591//2525 2598//2545 2604//2525
f 2607//2526 2601//2530 2595//2530
f 2604//2525 2610//2537 2616//2537
f 2619//2526 2613//2526 2607//2526
f 2616//2537 2622//2537 2628//2533
f 2631//2530 2625//2526 2619//2526
f 2628//2533 2634//2525 2640//2537
f 2643//2530 2637//2526 2631//2530
f 2686//2525 2692//2525 2698//2551
f 2701//2526 2695//2564 2689//2526
f 2698//2551 2704//2537 2710//2525
f 2713//2526 2707//2530 2701//2526
f 2710//2525 2716//2525 2722//2525
f 2725//2530 2719//2526 2713//2526
f 2722//2525 2728//2557 2734//2537
f 2737//2546 2731//2530 2725//2530
f 2734//2537 2740//2533 2746//2537
f 2749//2543 2743//2530 2737//2546
f 2746//2537 2752//2537 2758//2537
f 2761//2530 2755//2526 2749//2543
f 2758//2537 2764//2537 2770//2537
f 2773//2526 2767//2530 2761//2530
f 2770//2537 2776//2537 2782//2537
f 2785//2526 2779//2526 2773//2526
f 2782//2537 2788//2524 2794//2551
f 2797//2530 2791//2558 2785//2526
f 2794//2551 2800//2552 2806//2537
f 2809//2530 2803//2530 2797//2530
f 3011//2525 3018//2565 3025//2525
f 3028//2530 3022//2526 3014//2527
f 3025//2525 3031//2525 3037//2566
f 3040//2530 3034//2554 3028//2530
f 3037//2566 3043//2537 3049//2537
f 3052//2530 3046//2530 3040//2530
f 3049//2537 3055//2537 3061//2525
f 3064//2530 3058//2530 3052//2530
f 3061//2525 3067//2537 3073//2525
f 3076//2530 3070//2530 3064//2530
f 3073//2525 3079//2525 3085//2567
f 3088//2530 3082//2530 3076//2530
f 3085//2567 3091//2537 3097//2537
f 3100//2530 3094//2530 3088//2530
f 3097//2537 3103//2525 3109//2568
f 3112//2526 3106//2554 3100//2530
f 3293//2537 3301//2525 3308//2525
f 3312//2526 3304//2530 3297//2526
f 3308//2525 3315//2525 3321//2525
f 3324//2526 3318//2526 3312//2526
f 3321//2525 3327//2524 3333//2553
f 3336//2530 3330//2540 3324//2526
f 3333//2553 3339//2525 3345//2555
f 3349//2526 3342//2530 3336//2530
f 3345//2525 3353//2551 3359//2537
f 3362//2530 3356//2554 3349//2530
f 3359//2537 3365//2533 3371//2563
f 3374//2530 3368//2530 3362//2530
f 3371//2563 3377//2537 3383//2525
f 3386//2530 3380//2530 3374//2530
f 3613//2525 3619//2525 3625//2555
f 3628//2526 3622//2526 3616//2526
f 3625//2555 3631//2537 3637//2525
f 3640//2526 3634//2526 3628//2526
f 3637//2525 3643//2525 3649//2525
f 3652//2526 3646//2530 3640//2526
f 3649//2525 3656//2533 3662//2537
f 3665//2530 3659//2540 3652//2539
f 3662//2537 3669//2537 3676//2533
f 3679//2526 3673//2526 3665//2530
f 3676//2533 3682//2525 3688//2525
f 3691//2526 3685//2526 3679//2526
f 3688//2525 3694//2525 3700//2525
f 3703//2526 3697//2526 3691//2526
f 4001//2525 4007//2525 4013//2525
f 4016//2569 4010//2526 4004//2526
f 4013//2525 4020//2525 4027//2570
f 4030//2526 4024//2530 4016//2569
f 4027//2570 4033//2533 4039//2551
f 4042//2526 4036//2526 4030//2526
f 4039//2551 4045//2537 4051//2525
f 4054//2526 4048//2530 4042//2526
f 4051//2525 4057//2533 4063//2537
f 4066//2530 4060//2530 4054//2526
f 4063//2537 4069//2551 4075//2537
f 4078//2548 4072//2540 4066//2530
f 4075//2537 4081//2537 4087//2537
f 4090//2526 4084//2526 4078//2548
f 4274//2525 4280//2525 4286//2525
f 4289//2526 4283//2526 4277//2526
f 4286//2525 4293//2525 4300//2531
f 4303//2526 4297//2526 4289//2526
f 4300//2531 4306//2562 4312//2537
f 4315//2526 4309//2526 4303//2526
f 4312//2537 4318//2533 4324//2557
f 4327//2526 4321//2530 4315//2526
f 4324//2557 4330//2525 4336//2525
f 4339//2530 4333//2530 4327//2526
f 4388//2537 4394//2537 4400//2537
f 4403//2530 4397//2535 4391//2554
f 4400//2537 4406//2537 4412//2537
f 4415//2530 4409//2540 4403//2530
f 4412//2537 4418//2533 4424//2537
f 4427//2530 4421//2540 4415//2530
f 4424//2537 4430//2551 4436//2537
f 4439//2530 4433//2530 4427//2530
f 4843//2571 4850//2525 4856//2537
f 4859//2530 4853//2540 4847//2527
f 4856//2537 4862//2537 4868//2541
f 4871//2530 4865//2530 4859//2530
f 4868//2541 4874//2533 4880//2525
f 4883//2530 4877//2540 4871//2530
f 4880//2525 4886//2525 4892//2525
f 4895//2530 4889//2526 4883//2530
f 4977//2537 4983//2537 4989//2537
f 4992//2530 4986//2530 4980//2530
f 4989//2537 4995//2537 5001//2537
f 5004//2530 4998//2540 4992//2530
f 5001//2537 5007//2551 5013//2537
f 5016//2530 5010//2530 5004//2530
f 5013//2537 5019//2533 5026//2537
f 5030//2530 5022//2530 5016//2530
f 5026//2537 5033//2537 5039//2537
f 5042//2530 5036//2540 5030//2530
f 5051//2537 5057//2533 5063//2537
f 5066//2530 5060//2530 5054//2530
f 5063//2537 5069//2537 5075//2537
f 5078//2530 5072//2530 5066//2530
f 5075//2537 5081//2557 5087//2537
f 5090//2530 5084//2561 5078//2530
f 5087//2537 5093//2553 5099//2552
f 5102//2530 5096//2530 5090//2530
f 5099//2552 5106//2525 5112//2525
f 5115//2530 5109//2554 5102//2526
f 5112//2525 5118//2537 5124//2525
f 5127//2526 5121//2554 5115//2530
f 5124//2525 5130//2537 5136//2552
f 5139//2526 5133//2530 5127//2526
f 5251//2537 5257//2525 5263//2552
f 5266//2530 5260//2526 5254//2530
f 5263//2552 5269//2525 5275//2537
f 5278//2530 5272//2530 5266//2530
f 5275//2537 5281//2551 5287//2537
f 5290//2530 5284//2527 5278//2530
f 5287//2537 5293//2533 5299//2525
f 5302//2530 5296//2530 5290//2530
f 5299//2525 5306//2552 5312//2537
f 5315//2530 5309//2530 5302//2530
f 5312//2537 5318//2556 5324//2525
f 5327//2530 5321//2527 5315//2530
f 5324//2525 5330//2525 5336//2525
f 5339//2558 5333//2554 5327//2530
f 5521//2525 5528//2525 5534//2525
f 5538//2530 5531//2530 5524//2530
f 5534//2525 5542//2549 5548//2537
f 5551//2526 5545//2526 5537//2526
f 5548//2537 5555//2537 5561//2525
f 5568//2561 5558//2561 5552//2561
f 5563//2537 5572//2537 5579//2537
f 5583//2572 5575//2572 5569//2572
f 5684//2525 5692//2525 5698//2525
f 5702//2540 5695//2540 5688//2540
f 5698//2525 5706//2525 5712//2525
f 5716//2561 5709//2561 5702//2561
f 5712//2573 5720//2525 5726//2552
f 5729//2526 5723//2526 5716//2574
f 5726//2552 5732//2524 5738//2537
f 5741//2575 5735//2530 5729//2526
f 5738//2537 5744//2525 5750//2525
f 5753//2530 5747//2576 5741//2575
f 5750//2525 5756//2525 5762//2525
f 5766//2539 5759//2530 5753//2530
f 5762//2525 5771//2537 5778//2537
f 5781//2530 5775//2530 5766//2526
f 5778//2537 5784//2557 5790//2537
f 5793//2526 5787//2561 5781//2530
f 5790//2537 5796//2557 5802//2577
f 5805//2526 5799//2526 5793//2526
f 5945//2537 5951//2551 5957//2537
f 5960//2530 5954//2530 5948//2561
f 5957//2537 5963//2525 5969//2537
f 5972//2578 5966//2530 5960//2530
f 5969//2537 5975//2553 5981//2537
f 5984//2530 5978//2530 5972//2578
f 5981//2537 5987//2552 5993//2537
f 5996//2526 5990//2530 5984//2530
f 5993//2537 5999//2533 6005//2537
f 6008//2526 6002//2526 5996//2526
f 6125//2537 6131//2557 6137//2537
f 6140//2526 6134//2526 6128//2526
f 6137//2537 6143//2533 6149//2537
f 6152//2530 6146//2530 6140//2526
f 6149//2537 6155//2537 6161//2541
f 6164//2548 6158//2530 6152//2530
f 6161//2541 6167//2525 6173//2552
f 6176//2526 6170//2526 6164//2548
f 6173//2552 6179//2533 6185//2525
f 6188//2526 6182//2526 6176//2526
f 6377//2537 6383//2525 6389//2537
f 6392//2526 6386//2526 6380//2526
f 6389//2537 6395//2551 6401//2537
f 6404//2530 6398//2530 6392//2526
f 6401//2537 6407//2537 6413//2537
f 6416//2530 6410//2540 6404//2530
f 6413//2537 6419//2537 6425//2537
f 6428//2578 6422//2530 6416//2530
f 6425//2537 6431//2537 6437//2537
f 6440//2542 6434//2530 6428//2578
f 6437//2537 6443//2537 6449//2537
f 6452//2564 6446//2526 6440//2542
f 6449//2537 6455//2525 6461//2525
f 6464//2530 6458//2530 6452//2564
f 6461//2525 6467//2545 6473//2525
f 6476//2530 6470//2543 6464//2530
f 6473//2525 6479//2525 6485//2551
f 6488//2526 6482//2530 6476//2530
f 6485//2551 6491//2525 6497//2551
f 6500//2526 6494//2526 6488//2526
f 6497//2551 6503//2525 6509//2525
f 6512//2554 6506//2530 6500//2526
f 6509//2525 6515//2556 6521//2533
f 6524//2526 6518//2530 6512//2554
f 6521//2533 6527//2571 6533//2525
f 6536//2526 6530//2526 6524//2526
f 6533//2525 6539//2525 6545//2541
f 6548//2526 6542//2526 6536//2526
f 6545//2541 6551//2525 6557//2553
f 6560//2527 6554//2530 6548//2526
f 6557//2553 6563//2524 6569//2537
f 6572//2526 6566//2530 6560//2527
f 6569//2537 6575//2525 6581//2537
f 6584//2526 6578//2526 6572//2526
f 6581//2537 6587//2537 6593//2537
f 6596//2526 6590//2526 6584//2526
f 6593//2537 6599//2525 6605//2525
f 6608//2527 6602//2526 6596//2526
f 6605//2525 6611//2525 6617//2525
f 6620//2530 6614//2530 6608//2527
f 6617//2525 6623//2579 6629//2557
f 6632//2530 6626//2526 6620//2530
f 6629//2557 6635//2553 6641//2533
f 6644//2574 6638//2530 6632//2530
f 6641//2533 6647//2557 6653//2537
f 6656//2526 6650//2530 6644//2574
f 6705//2525 6711//2525 6717//2525
f 6720//2530 6714//2530 6708//2530
f 6717//2525 6723//2537 6729//2525
f 6732//2530 6726//2561 6720//2530
f 6729//2525 6735//2537 6741//2537
f 6744//2530 6738//2554 6732//2530
f 6741//2537 6747//2537 6753//2525
f 6756//2539 6750//2530 6744//2530
f 6753//2525 6759//2551 6765//2537
f 6768//2530 6762//2530 6756//2539
f 6765//2537 6771//2533 6778//2555
f 6782//2530 6774//2527 6768//2530
f 6778//2555 6785//2525 6791//2525
f 6794//2530 6788//2561 6782//2530
f 6791//2525 6797//2533 6803//2533
f 6806//2539 6800//2580 6794//2530
f 6803//2533 6809//2525 6815//2525
f 6818//2526 6812//2526 6806//2539
f 6980//2525 6986//2525 6992//2552
f 6995//2530 6989//2530 6983//2530
f 6992//2552 6998//2537 7004//2541
f 7007//2530 7001//2558 6995//2530
f 7004//2541 7010//2552 7017//2525
f 7021//2530 7013//2530 7007//2530
f 7017//2525 7024//2525 7030//2525
f 7033//2530 7027//2540 7021//2530
f 7030//2525 7036//2551 7042//2537
f 7045//2530 7039//2526 7033//2530
f 7042//2537 7048//2537 7054//2581
f 7057//2530 7051//2558 7045//2530
f 7054//2581 7060//2533 7066//2537
f 7069//2530 7063//2530 7057//2530
f 7066//2537 7072//2551 7078//2537
f 7082//2530 7075//2530 7069//2530
f 7081//2582 7088//2582 7096//2582
f 7102//2583 7091//2583 7085//2583
f 7103//2584 7114//2525 7120//2525
f 7124//2526 7117//2526 7108//2585
f 7121//2562 7128//2562 7135//2562
f 7139//2540 7131//2540 7125//2540
f 7134//2525 7142//2525 7148//2525
f 7151//2554 7145//2526 7138//2526
f 7148//2525 7154//2525 7160//2555
f 7164//2539 7157//2530 7151//2554
f 7160//2551 7167//2533 7173//2551
f 7176//2526 7170//2530 7164//2539
f 7266//2533 7273//2533 7280//2533
f 7281//2526 7274//2526 7267//2526
f 7277//2537 7284//2537 7290//2525
f 7293//2526 7287//2530 7281//2526
f 7290//2525 7296//2525 7302//2525
f 7305//2530 7299//2542 7293//2526
f 7302//2525 7308//2537 7314//2555
f 7318//2576 7311//2530 7305//2530
f 7314//2525 7323//2537 7329//2537
f 7332//2526 7326//2540 7318//2539
f 7329//2537 7335//2537 7341//2537
f 7344//2526 7338//2526 7332//2526
f 7341//2537 7347//2537 7353//2537
f 7356//2526 7350//2526 7344//2526
f 7353//2537 7359//2537 7365//2533
f 7368//2530 7362//2564 7356//2526
f 7365//2533 7371//2525 7377//2551
f 7380//2530 7374//2576 7368//2530
f 7377//2551 7383//2537 7389//2525
f 7392//2530 7386//2526 7380//2530
f 7389//2525 7395//2525 7401//2567
f 7404//2530 7398//2527 7392//2530
f 7635//2525 7641//2525 7647//2586
f 7650//2530 7644//2558 7638//2569
f 7647//2586 7653//2551 7659//2537
f 7662//2530 7656//2530 7650//2530
f 7659//2537 7665//2537 7671//2525
f 7674//2526 7668//2530 7662//2530
f 7671//2525 7677//2551 7683//2537
f 7686//2530 7680//2530 7674//2526
f 7683//2537 7689//2537 7695//2525
f 7698//2530 7692//2530 7686//2530
f 7701//2525 7707//2525 7713//2525
f 7716//2539 7710//2554 7704//2530
f 7713//2525 7719//2538 7725//2537
f 7728//2530 7722//2543 7716//2539
f 7725//2537 7731//2537 7737//2537
f 7740//2526 7734//2527 7728//2530
f 7737//2537 7743//2524 7749//2551
f 7752//2526 7746//2526 7740//2526
f 7749//2551 7755//2537 7761//2567
f 7764//2539 7758//2526 7752//2526
f 7761//2567 7767//2556 7773//2537
f 7776//2530 7770//2576 7764//2539
f 7773//2537 7779//2537 7785//2537
f 7788//2527 7782//2530 7776//2530
f 7976//2525 7982//2525 7988//2525
f 7991//2526 7985//2526 7979//2526
f 7988//2525 7994//2537 8000//2584
f 8003//2526 7997//2530 7991//2526
f 8000//2584 8006//2557 8012//2537
f 8015//2578 8009//2526 8003//2526
f 8090//2525 8096//2525 8102//2525
f 8105//2526 8099//2526 8093//2526
f 8102//2525 8108//2525 8114//2587
f 8117//2576 8111//2530 8105//2526
f 8114//2587 8120//2568 8126//2537
f 8129//2526 8123//2526 8117//2576
f 8126//2537 8132//2533 8138//2531
f 8141//2564 8135//2526 8129//2526
f 8138//2531 8144//2525 8150//2525
f 8153//2526 8147//2526 8141//2564
f 8200//2537 8206//2525 8213//2537
f 8217//2526 8209//2526 8203//2526
f 8213//2537 8220//2556 8226//2588
f 8229//2548 8223//2561 8217//2526
f 8226//2588 8232//2525 8238//2525
f 8241//2526 8235//2527 8229//2548
f 8238//2525 8244//2525 8250//2525
f 8253//2526 8247//2526 8241//2526
f 8250//2525 8256//2537 8262//2525
f 8265//2526 8259//2530 8253//2526
f 8262//2525 8268//2525 8274//2525
f 8277//2536 8271//2526 8265//2526
f 8274//2525 8280//2525 8286//2525
f 8289//2526 8283//2526 8277//2536
f 8286//2525 8292//2525 8298//2588
f 8301//2526 8295//2526 8289//2526
f 8298//2588 8304//2537 8310//2525
f 8313//2530 8307//2530 8301//2526
f 8310//2525 8316//2525 8322//2541
f 8325//2528 8319//2540 8313//2530
f 8322//2541 8328//2556 8334//2524
f 8337//2528 8331//2526 8325//2528
f 8334//2524 4//2525 1//2589
f 10//2590 7//2526 8337//2528
f 96//2525 108//2529 120//2525
f 123//2526 111//2526 99//2526
f 120//2525 132//2525 144//2525
f 147//2526 135//2526 123//2526
f 144//2525 156//2525 162//2525
f 165//2526 159//2526 147//2526
f 212//2525 224//2525 236//2531
f 239//2532 227//2526 215//2526
f 236//2531 248//2525 260//2534
f 263//2526 251//2526 239//2532
f 260//2534 272//2525 284//2524
f 287//2536 275//2526 263//2526
f 284//2524 296//2525 308//2525
f 311//2526 299//2526 287//2536
f 386//2525 398//2524 410//2538
f 413//2539 401//2526 389//2526
f 410//2538 422//2525 434//2525
f 437//2526 425//2526 413//2539
f 526//2588 533//2525 546//2541
f 549//2542 536//2526 529//2526
f 688//2525 700//2525 712//2525
f 715//2543 703//2535 691//2526
f 712//2525 724//2544 736//2531
f 739//2528 727//2526 715//2543
f 736//2531 748//2525 760//2525
f 763//2526 751//2526 739//2528
f 790//2525 802//2525 814//2545
f 817//2546 805//2526 793//2543
f 814//2545 826//2531 838//2524
f 841//2526 829//2526 817//2546
f 838//2524 850//2525 865//2547
f 868//2548 853//2536 841//2526
f 865//2547 878//2525 884//2545
f 887//2526 881//2548 868//2548
f 1111//2537 1124//2537 1136//2537
f 1139//2540 1127//2530 1115//2540
f 1136//2537 1148//2537 1160//2549
f 1163//2539 1151//2526 1139//2540
f 1406//2525 1420//2525 1433//2525
f 1437//2526 1423//2530 1409//2526
f 1433//2525 1447//2552 1462//2525
f 1465//2526 1451//2526 1437//2526
f 1462//2525 1475//2551 1488//2541
f 1491//2530 1479//2530 1465//2526
f 1488//2541 1500//2525 1514//2525
f 1517//2530 1503//2530 1491//2530
f 1514//2525 1526//2537 1538//2555
f 1541//2530 1529//2530 1517//2530
f 1538//2555 1550//2525 1562//2541
f 1565//2526 1553//2530 1541//2530
f 1562//2541 1574//2552 1586//2537
f 1589//2526 1577//2530 1565//2526
f 1828//2537 1844//2537 1860//2537
f 1864//2530 1849//2530 1833//2530
f 1859//2537 1873//2537 1886//2537
f 1889//2526 1876//2530 1863//2560
f 1886//2537 1899//2537 1913//2537
f 1919//2591 1903//2526 1889//2526
f 1913//2537 1932//2552 1940//2537
f 1943//2592 1936//2530 1919//2592
f 2173//2525 2185//2525 2197//2525
f 2200//2526 2188//2530 2176//2526
f 2197//2525 2209//2551 2223//2525
f 2226//2526 2212//2526 2200//2526
f 2223//2525 2237//2537 2249//2537
f 2252//2540 2240//2530 2226//2526
f 2249//2537 2261//2537 2273//2537
f 2276//2539 2264//2526 2252//2540
f 2392//2525 2404//2537 2416//2537
f 2419//2526 2407//2530 2395//2526
f 2416//2537 2429//2552 2444//2541
f 2447//2539 2433//2526 2419//2526
f 2444//2541 2456//2525 2468//2525
f 2471//2526 2459//2554 2447//2539
f 2468//2525 2480//2537 2486//2525
f 2489//2526 2483//2526 2471//2526
f 2554//2525 2566//2552 2578//2563
f 2581//2539 2569//2526 2557//2526
f 2578//2563 2591//2525 2604//2525
f 2607//2526 2595//2530 2581//2539
f 2604//2525 2616//2537 2628//2533
f 2631//2530 2619//2526 2607//2526
f 2628//2533 2640//2537 2646//2525
f 2649//2526 2643//2530 2631//2530
f 2686//2525 2698//2551 2710//2525
f 2713//2526 2701//2526 2689//2526
f 2710//2525 2722//2525 2734//2537
f 2737//2546 2725//2530 2713//2526
f 2734//2537 2746//2537 2758//2537
f 2761//2530 2749//2543 2737//2546
f 2758//2537 2770//2537 2782//2537
f 2785//2526 2773//2526 2761//2530
f 2782//2537 2794//2551 2806//2537
f 2809//2530 2797//2530 2785//2526
f 3011//2525 3025//2525 3037//2566
f 3040//2530 3028//2530 3014//2527
f 3037//2566 3049//2537 3061//2525
f 3064//2530 3052//2530 3040//2530
f 3061//2525 3073//2525 3085//2567
f 3088//2530 3076//2530 3064//2530
f 3085//2567 3097//2537 3109//2568
f 3112//2526 3100//2530 3088//2530
f 3293//2537 3308//2525 3321//2525
f 3324//2526 3312//2526 3297//2526
f 3321//2525 3333//2553 3345//2555
f 3349//2526 3336//2530 3324//2526
f 3345//2525 3359//2537 3371//2563
f 3374//2530 3362//2530 3349//2530
f 3371//2563 3383//2525 3389//2552
f 3392//2530 3386//2530 3374//2530
f 3606//2525 3613//2525 3625//2555
f 3628//2526 3616//2526 3609//2526
f 3625//2555 3637//2525 3649//2525
f 3652//2526 3640//2526 3628//2526
f 3649//2525 3662//2537 3676//2533
f 3679//2526 3665//2530 3652//2539
f 3676//2533 3688//2525 3700//2525
f 3703//2526 3691//2526 3679//2526
f 4001//2525 4013//2525 4027//2570
f 4030//2526 4016//2569 4004//2526
f 4027//2570 4039//2551 4051//2525
f 4054//2526 4042//2526 4030//2526
f 4051//2525 4063//2537 4075//2537
f 4078//2548 4066//2530 4054//2526
f 4075//2537 4087//2537 4093//2525
f 4096//2593 4090//2526 4078//2548
f 4274//2525 4286//2525 4300//2531
f 4303//2526 4289//2526 4277//2526
f 4300//2531 4312//2537 4324//2557
f 4327//2526 4315//2526 4303//2526
f 4324//2557 4336//2525 4342//2525
f 4345//2530 4339//2530 4327//2526
f 4388//2537 4400//2537 4412//2537
f 4415//2530 4403//2530 4391//2554
f 4412//2537 4424//2537 4436//2537
f 4439//2530 4427//2530 4415//2530
f 4843//2571 4856//2537 4868//2541
f 4871//2530 4859//2530 4847//2527
f 4868//2541 4880//2525 4892//2525
f 4895//2530 4883//2530 4871//2530
f 4977//2537 4989//2537 5001//2537
f 5004//2530 4992//2530 4980//2530
f 5001//2537 5013//2537 5026//2537
f 5030//2530 5016//2530 5004//2530
f 5026//2537 5039//2537 5045//2537
f 5048//2554 5042//2530 5030//2530
f 5051//2537 5063//2537 5075//2537
f 5078//2530 5066//2530 5054//2530
f 5075//2537 5087//2537 5099//2552
f 5102//2530 5090//2530 5078//2530
f 5099//2552 5112//2525 5124//2525
f 5127//2526 5115//2530 5102//2526
f 5124//2525 5136//2552 5142//2594
f 5145//2526 5139//2526 5127//2526
f 5251//2537 5263//2552 5275//2537
f 5278//2530 5266//2530 5254//2530
f 5275//2537 5287//2537 5299//2525
f 5302//2530 5290//2530 5278//2530
f 5299//2525 5312//2537 5324//2525
f 5327//2530 5315//2530 5302//2530
f 5324//2525 5336//2525 5342//2525
f 5345//2530 5339//2558 5327//2530
f 5512//2525 5521//2525 5534//2525
f 5539//2530 5525//2530 5518//2530
f 5534//2525 5548//2537 5561//2525
f 5566//2526 5551//2526 5537//2526
f 5685//2525 5699//2525 5713//2525
f 5717//2564 5703//2564 5689//2564
f 5712//2573 5726//2552 5738//2537
f 5741//2575 5729//2526 5716//2574
f 5738//2537 5750//2525 5762//2525
f 5766//2539 5753//2530 5741//2575
f 5762//2525 5778//2537 5790//2537
f 5793//2526 5781//2530 5766//2526
f 5790//2537 5802//2577 5808//2552
f 5811//2526 5805//2526 5793//2526
f 5945//2537 5957//2537 5969//2537
f 5972//2578 5960//2530 5948//2561
f 5969//2537 5981//2537 5993//2537
f 5996//2526 5984//2530 5972//2578
f 5993//2537 6005//2537 6011//2525
f 6014//2530 6008//2526 5996//2526
f 6119//2537 6125//2537 6137//2537
f 6140//2526 6128//2526 6122//2540
f 6137//2537 6149//2537 6161//2541
f 6164//2548 6152//2530 6140//2526
f 6161//2541 6173//2552 6185//2525
f 6188//2526 6176//2526 6164//2548
f 6377//2537 6389//2537 6401//2537
f 6404//2530 6392//2526 6380//2526
f 6401//2537 6413//2537 6425//2537
f 6428//2578 6416//2530 6404//2530
f 6425//2537 6437//2537 6449//2537
f 6452//2564 6440//2542 6428//2578
f 6449//2537 6461//2525 6473//2525
f 6476//2530 6464//2530 6452//2564
f 6473//2525 6485//2551 6497//2551
f 6500//2526 6488//2526 6476//2530
f 6497//2551 6509//2525 6521//2533
f 6524//2526 6512//2554 6500//2526
f 6521//2533 6533//2525 6545//2541
f 6548//2526 6536//2526 6524//2526
f 6545//2541 6557//2553 6569//2537
f 6572//2526 6560//2527 6548//2526
f 6569//2537 6581//2537 6593//2537
f 6596//2526 6584//2526 6572//2526
f 6593//2537 6605//2525 6617//2525
f 6620//2530 6608//2527 6596//2526
f 6617//2525 6629//2557 6641//2533
f 6644//2574 6632//2530 6620//2530
f 6641//2533 6653//2537 6659//2556
f 6662//2540 6656//2526 6644//2574
f 6705//2525 6717//2525 6729//2525
f 6732//2530 6720//2530 6708//2530
f 6729//2525 6741//2537 6753//2525
f 6756//2539 6744//2530 6732//2530
f 6753//2525 6765//2537 6778//2555
f 6782//2530 6768//2530 6756//2539
f 6778//2555 6791//2525 6803//2533
f 6806//2539 6794//2530 6782//2530
f 6980//2525 6992//2552 7004//2541
f 7007//2530 6995//2530 6983//2530
f 7004//2541 7017//2525 7030//2525
f 7033//2530 7021//2530 7007//2530
f 7030//2525 7042//2537 7054//2581
f 7057//2530 7045//2530 7033//2530
f 7054//2581 7066//2537 7078//2537
f 7082//2530 7069//2530 7057//2530
f 7103//2584 7120//2525 7134//2525
f 7138//2526 7124//2526 7108//2585
f 7134//2525 7148//2525 7160//2555
f 7164//2539 7151//2554 7138//2526
f 7160//2551 7173//2551 7179//2551
f 7183//2526 7176//2526 7164//2539
f 7262//2525 7277//2537 7290//2525
f 7293//2526 7281//2526 7267//2526
f 7290//2525 7302//2525 7314//2555
f 7318//2576 7305//2530 7293//2526
f 7314//2525 7329//2537 7341//2537
f 7344//2526 7332//2526 7318//2539
f 7341//2537 7353//2537 7365//2533
f 7368//2530 7356//2526 7344//2526
f 7365//2533 7377//2551 7389//2525
f 7392//2530 7380//2530 7368//2530
f 7629//2551 7635//2525 7647//2586
f 7650//2530 7638//2569 7632//2530
f 7647//2586 7659//2537 7671//2525
f 7674//2526 7662//2530 7650//2530
f 7671//2525 7683//2537 7695//2525
f 7698//2530 7686//2530 7674//2526
f 7695//2525 7701//2525 7713//2525
f 7716//2539 7704//2530 7698//2530
f 7713//2525 7725//2537 7737//2537
f 7740//2526 7728//2530 7716//2539
f 7737//2537 7749//2551 7761//2567
f 7764//2539 7752//2526 7740//2526
f 7761//2567 7773//2537 7785//2537
f 7788//2527 7776//2530 7764//2539
f 7976//2525 7988//2525 8000//2584
f 8003//2526 7991//2526 7979//2526
f 8000//2584 8012//2537 8018//2525
f 8021//2526 8015//2578 8003//2526
f 8090//2525 8102//2525 8114//2587
f 8117//2576 8105//2526 8093//2526
f 8114//2587 8126//2537 8138//2531
f 8141//2564 8129//2526 8117//2576
f 8138//2531 8150//2525 8156//2524
f 8159//2539 8153//2526 8141//2564
f 8200//2537 8213//2537 8226//2588
f 8229//2548 8217//2526 8203//2526
f 8226//2588 8238//2525 8250//2525
f 8253//2526 8241//2526 8229//2548
f 8250//2525 8262//2525 8274//2525
f 8277//2536 8265//2526 8253//2526
f 8274//2525 8286//2525 8298//2588
f 8301//2526 8289//2526 8277//2536
f 8298//2588 8310//2525 8322//2541
f 8325//2528 8313//2530 8301//2526
f 8322//2541 8334//2524 1//2589
f 10//2590 8337//2528 8325//2528
f 90//2525 96//2525 120//2525
f 123//2526 99//2526 93//2526
f 120//2525 144//2525 162//2525
f 165//2526 147//2526 123//2526
f 212//2525 236//2531 260//2534
f 263//2526 239//2532 215//2526
f 260//2534 284//2524 308//2525
f 311//2526 287//2536 263//2526
f 380//2595 386//2525 410//2538
f 413//2539 389//2526 383//2535
f 410//2538 434//2525 440//2525
f 443//2526 437//2526 413//2539
f 520//2525 526//2588 546//2541
f 549//2542 529//2526 523//2526
f 688//2525 712//2525 736//2531
f 739//2528 715//2543 691//2526
f 736//2531 760//2525 766//2525
f 769//2526 763//2526 739//2528
f 784//2525 790//2525 814//2545
f 817//2546 793//2543 787//2528
f 814//2545 838//2524 865//2547
f 868//2548 841//2526 817//2546
f 865//2547 884//2545 890//2525
f 893//2526 887//2526 868//2548
f 1111//2537 1136//2537 1160//2549
f 1163//2539 1139//2540 1115//2540
f 1406//2525 1433//2525 1462//2525
f 1465//2526 1437//2526 1409//2526
f 1462//2525 1488//2541 1514//2525
f 1517//2530 1491//2530 1465//2526
f 1514//2525 1538//2555 1562//2541
f 1565//2526 1541//2530 1517//2530
f 1562//2541 1586//2537 1600//2557
f 1603//2526 1589//2526 1565//2526
f 1818//2537 1827//2537 1859//2537
f 1863//2560 1832//2530 1823//2578
f 1859//2537 1886//2537 1913//2537
f 1919//2591 1889//2526 1863//2560
f 2173//2525 2197//2525 2223//2525
f 2226//2526 2200//2526 2176//2526
f 2223//2525 2249//2537 2273//2537
f 2276//2539 2252//2540 2226//2526
f 2392//2525 2416//2537 2444//2541
f 2447//2539 2419//2526 2395//2526
f 2444//2541 2468//2525 2486//2525
f 2489//2526 2471//2526 2447//2539
f 2548//2525 2554//2525 2578//2563
f 2581//2539 2557//2526 2551//2526
f 2578//2563 2604//2525 2628//2533
f 2631//2530 2607//2526 2581//2539
f 2686//2525 2710//2525 2734//2537
f 2737//2546 2713//2526 2689//2526
f 2734//2537 2758//2537 2782//2537
f 2785//2526 2761//2530 2737//2546
f 2782//2537 2806//2537 2812//2541
f 2815//2539 2809//2530 2785//2526
f 3005//2525 3011//2525 3037//2566
f 3040//2530 3014//2527 3008//2561
f 3037//2566 3061//2525 3085//2567
f 3088//2530 3064//2530 3040//2530
f 3085//2567 3109//2568 3115//2537
f 3120//2530 3112//2526 3088//2530
f 3293//2537 3321//2525 3345//2555
f 3349//2526 3324//2526 3297//2526
f 3345//2525 3371//2563 3389//2552
f 3392//2530 3374//2530 3349//2530
f 3606//2525 3625//2555 3649//2525
f 3652//2526 3628//2526 3609//2526
f 3649//2525 3676//2533 3700//2525
f 3703//2526 3679//2526 3652//2539
f 4001//2525 4027//2570 4051//2525
f 4054//2526 4030//2526 4004//2526
f 4051//2525 4075//2537 4093//2525
f 4096//2593 4078//2548 4054//2526
f 4274//2525 4300//2531 4324//2557
f 4327//2526 4303//2526 4277//2526
f 4324//2557 4342//2525 4348//2525
f 4351//2526 4345//2530 4327//2526
f 4382//2537 4388//2537 4412//2537
f 4415//2530 4391//2554 4385//2530
f 4412//2537 4436//2537 4442//2541
f 4445//2539 4439//2530 4415//2530
f 4836//2525 4843//2571 4868//2541
f 4871//2530 4847//2527 4839//2530
f 4868//2541 4892//2525 4898//2537
f 4901//2592 4895//2530 4871//2530
f 4977//2537 5001//2537 5026//2537
f 5030//2530 5004//2530 4980//2530
f 5026//2537 5045//2537 5051//2537
f 5054//2530 5048//2554 5030//2530
f 5051//2537 5075//2537 5099//2552
f 5102//2530 5078//2530 5054//2530
f 5099//2552 5124//2525 5142//2594
f 5145//2526 5127//2526 5102//2526
f 5251//2537 5275//2537 5299//2525
f 5302//2530 5278//2530 5254//2530
f 5299//2525 5324//2525 5342//2525
f 5345//2530 5327//2530 5302//2530
f 5512//2525 5534//2525 5561//2525
f 5566//2526 5537//2526 5516//2526
f 5678//2537 5684//2525 5712//2573
f 5716//2574 5688//2526 5681//2526
f 5712//2573 5738//2537 5762//2525
f 5766//2539 5741//2575 5716//2574
f 5762//2525 5790//2537 5808//2552
f 5811//2526 5793//2526 5766//2526
f 5939//2525 5945//2537 5969//2537
f 5972//2578 5948//2561 5942//2530
f 5969//2537 5993//2537 6011//2525
f 6014//2530 5996//2526 5972//2578
f 6119//2537 6137//2537 6161//2541
f 6164//2548 6140//2526 6122//2540
f 6161//2541 6185//2525 6191//2525
f 6194//2526 6188//2526 6164//2548
f 6371//2537 6377//2537 6401//2537
f 6404//2530 6380//2526 6374//2530
f 6401//2537 6425//2537 6449//2537
f 6452//2564 6428//2578 6404//2530
f 6449//2537 6473//2525 6497//2551
f 6500//2526 6476//2530 6452//2564
f 6497//2551 6521//2533 6545//2541
f 6548//2526 6524//2526 6500//2526
f 6545//2541 6569//2537 6593//2537
f 6596//2526 6572//2526 6548//2526
f 6593//2537 6617//2525 6641//2533
f 6644//2574 6620//2530 6596//2526
f 6705//2525 6729//2525 6753//2525
f 6756//2539 6732//2530 6708//2530
f 6753//2525 6778//2555 6803//2533
f 6806//2539 6782//2530 6756//2539
f 6974//2525 6980//2525 7004//2541
f 7007//2530 6983//2530 6977//2530
f 7004//2541 7030//2525 7054//2581
f 7057//2530 7033//2530 7007//2530
f 7054//2581 7078//2537 7092//2596
f 7097//2530 7082//2530 7057//2530
f 7103//2584 7134//2525 7160//2555
f 7164//2539 7138//2526 7108//2585
f 7161//2529 7180//2529 7187//2529
f 7191//2526 7183//2526 7164//2539
f 7262//2525 7290//2525 7314//2555
f 7318//2576 7293//2526 7267//2526
f 7314//2525 7341//2537 7365//2533
f 7368//2530 7344//2526 7318//2539
f 7365//2533 7389//2525 7401//2567
f 7404//2530 7392//2530 7368//2530
f 7629//2551 7647//2586 7671//2525
f 7674//2526 7650//2530 7632//2530
f 7671//2525 7695//2525 7713//2525
f 7716//2539 7698//2530 7674//2526
f 7713//2525 7737//2537 7761//2567
f 7764//2539 7740//2526 7716//2539
f 7761//2567 7785//2537 7791//2537
f 7794//2530 7788//2527 7764//2539
f 7976//2525 8000//2584 8018//2525
f 8021//2526 8003//2526 7979//2526
f 8084//2587 8090//2525 8114//2587
f 8117//2576 8093//2526 8087//2530
f 8114//2587 8138//2531 8156//2524
f 8159//2539 8141//2564 8117//2576
f 8194//2549 8200//2537 8226//2588
f 8229//2548 8203//2526 8197//2526
f 8226//2588 8250//2525 8274//2525
f 8277//2536 8253//2526 8229//2548
f 8274//2525 8298//2588 8322//2541
f 8325//2528 8301//2526 8277//2536
f 8322//2541 1//2589 13//2562
f 16//2535 10//2590 8325//2528
f 90//2525 120//2525 162//2525
f 165//2526 123//2526 93//2526
f 205//2525 212//2525 260//2534
f 263//2526 215//2526 209//2526
f 260//2534 308//2525 314//2525
f 317//2526 311//2526 263//2526
f 380//2595 410//2538 440//2525
f 443//2526 413//2539 383//2535
f 514//2525 520//2525 546//2541
f 549//2542 523//2526 517//2526
f 682//2525 688//2525 736//2531
f 739//2528 691//2526 685//2526
f 736//2531 766//2525 772//2525
f 775//2535 769//2526 739//2528
f 784//2525 814//2545 865//2547
f 868//2548 817//2546 787//2528
f 865//2547 890//2525 896//2525
f 899//2526 893//2526 868//2548
f 1104//2537 1111//2537 1160//2549
f 1163//2539 1115//2540 1107//2530
f 1400//2525 1406//2525 1462//2525
f 1465//2526 1409//2526 1403//2526
f 1462//2525 1514//2525 1562//2541
f 1565//2526 1517//2530 1465//2526
f 1562//2541 1600//2557 1607//2525
f 1611//2526 1603//2526 1565//2526
f 1818//2537 1859//2537 1913//2537
f 1919//2591 1863//2560 1823//2578
f 2167//2525 2173//2525 2223//2525
f 2226//2526 2176//2526 2170//2526
f 2223//2525 2273//2537 2279//2537
f 2282//2550 2276//2539 2226//2526
f 2386//2525 2392//2525 2444//2541
f 2447//2539 2395//2526 2389//2526
f 2444//2541 2486//2525 2492//2525
f 2495//2526 2489//2526 2447//2539
f 2542//2525 2548//2525 2578//2563
f 2581//2539 2551//2526 2545//2526
f 2578//2563 2628//2533 2646//2525
f 2649//2526 2631//2530 2581//2539
f 2680//2525 2686//2525 2734//2537
f 2737//2546 2689//2526 2683//2526
f 2734//2537 2782//2537 2812//2541
f 2815//2539 2785//2526 2737//2546
f 2999//2537 3005//2525 3037//2566
f 3040//2530 3008//2561 3002//2530
f 3037//2566 3085//2567 3115//2537
f 3120//2530 3088//2530 3040//2530
f 3288//2555 3296//2555 3348//2555
f 3352//2530 3300//2530 3292//2530
f 3345//2525 3389//2552 3395//2552
f 3400//2530 3392//2530 3349//2530
f 3599//2537 3606//2525 3649//2525
f 3653//2526 3610//2526 3603//2526
f 3649//2525 3700//2525 3706//2552
f 3710//2530 3703//2526 3652//2539
f 3995//2537 4001//2525 4051//2525
f 4054//2526 4004//2526 3998//2539
f 4051//2525 4093//2525 4099//2531
f 4102//2530 4096//2593 4054//2526
f 4268//2525 4274//2525 4324//2557
f 4327//2526 4277//2526 4271//2526
f 4382//2537 4412//2537 4442//2541
f 4445//2539 4415//2530 4385//2530
f 4836//2525 4868//2541 4898//2537
f 4901//2592 4871//2530 4839//2530
f 4970//2537 4977//2537 5026//2537
f 5030//2530 4980//2530 4973//2530
f 5026//2537 5051//2537 5099//2552
f 5102//2530 5054//2530 5030//2530
f 5099//2552 5142//2594 5148//2525
f 5151//2526 5145//2526 5102//2526
f 5244//2524 5251//2537 5299//2525
f 5302//2530 5254//2530 5247//2530
f 5299//2525 5342//2525 5348//2525
f 5351//2530 5345//2530 5302//2530
f 5503//2537 5513//2537 5562//2537
f 5567//2540 5517//2540 5508//2540
f 5678//2537 5712//2573 5762//2525
f 5766//2539 5716//2574 5681//2526
f 5762//2525 5808//2552 5814//2525
f 5817//2526 5811//2526 5766//2526
f 5939//2525 5969//2537 6011//2525
f 6014//2530 5972//2578 5942//2530
f 6113//2537 6119//2537 6161//2541
f 6164//2548 6122//2540 6116//2526
f 6161//2541 6191//2525 6197//2525
f 6200//2526 6194//2526 6164//2548
f 6371//2537 6401//2537 6449//2537
f 6452//2564 6404//2530 6374//2530
f 6449//2537 6497//2551 6545//2541
f 6548//2526 6500//2526 6452//2564
f 6545//2541 6593//2537 6641//2533
f 6644//2574 6596//2526 6548//2526
f 6699//2525 6705//2525 6753//2525
f 6756//2539 6708//2530 6702//2530
f 6753//2525 6803//2533 6815//2525
f 6818//2526 6806//2539 6756//2539
f 6974//2525 7004//2541 7054//2581
f 7057//2530 7007//2530 6977//2530
f 7103//2584 7160//2555 7186//2525
f 7191//2526 7164//2539 7108//2585
f 7257//2525 7265//2525 7317//2525
f 7322//2539 7270//2539 7261//2539
f 7314//2525 7365//2533 7401//2567
f 7404//2530 7368//2530 7318//2539
f 7623//2525 7629//2551 7671//2525
f 7674//2526 7632//2530 7626//2530
f 7671//2525 7713//2525 7761//2567
f 7764//2539 7716//2539 7674//2526
f 7761//2567 7791//2537 7797//2567
f 7800//2592 7794//2530 7764//2539
f 7970//2525 7976//2525 8018//2525
f 8021//2526 7979//2526 7973//2526
f 8084//2587 8114//2587 8156//2524
f 8159//2539 8117//2576 8087//2530
f 8194//2549 8226//2588 8274//2525
f 8277//2536 8229//2548 8197//2526
f 8274//2525 8322//2541 13//2562
f 16//2535 8325//2528 8277//2536
f 84//2525 90//2525 162//2525
f 165//2526 93//2526 87//2526
f 198//2525 205//2525 260//2534
f 263//2526 209//2526 201//2526
f 260//2534 314//2525 320//2525
f 323//2526 317//2526 263//2526
f 380//2595 440//2525 446//2525
f 449//2526 443//2526 383//2535
f 514//2525 546//2541 552//2594
f 555//2535 549//2542 517//2526
f 676//2525 682//2525 736//2531
f 739//2528 685//2526 679//2526
f 778//2525 784//2525 865//2547
f 868//2548 787//2528 781//2526
f 865//2547 896//2525 902//2525
f 905//2526 899//2526 868//2548
f 1098//2563 1104//2537 1160//2549
f 1163//2539 1107//2530 1101//2597
f 1400//2525 1462//2525 1562//2541
f 1565//2526 1465//2526 1403//2526
f 1562//2541 1607//2525 1614//2525
f 1617//2526 1611//2526 1565//2526
f 1810//2537 1819//2537 1914//2537
f 1920//2526 1824//2526 1814//2526
f 2161//2525 2167//2525 2223//2525
f 2226//2526 2170//2526 2164//2526
f 2223//2525 2279//2537 2285//2525
f 2288//2591 2282//2550 2226//2526
f 2380//2541 2386//2525 2444//2541
f 2447//2539 2389//2526 2383//2526
f 2444//2541 2492//2525 2498//2541
f 2502//2526 2495//2526 2447//2539
f 2536//2555 2542//2525 2578//2563
f 2581//2539 2545//2526 2539//2526
f 2578//2563 2646//2525 2652//2525
f 2655//2526 2649//2526 2581//2539
f 2680//2525 2734//2537 2812//2541
f 2815//2539 2737//2546 2683//2526
f 2999//2537 3037//2566 3115//2537
f 3120//2530 3040//2530 3002//2530
f 3285//2567 3345//2525 3395//2552
f 3400//2530 3349//2530 3289//2575
f 3599//2537 3649//2525 3706//2552
f 3710//2530 3652//2539 3602//2530
f 3995//2537 4051//2525 4099//2531
f 4102//2530 4054//2526 3998//2539
f 4268//2525 4324//2557 4348//2525
f 4351//2526 4327//2526 4271//2526
f 4376//2537 4382//2537 4442//2541
f 4445//2539 4385//2530 4379//2530
f 4830//2525 4836//2525 4898//2537
f 4901//2592 4839//2530 4833//2530
f 4970//2537 5026//2537 5099//2552
f 5102//2530 5030//2530 4973//2530
f 5099//2552 5148//2525 5154//2537
f 5157//2530 5151//2526 5102//2526
f 5237//2525 5244//2524 5299//2525
f 5303//2598 5248//2598 5241//2598
f 5299//2525 5348//2525 5354//2552
f 5358//2530 5351//2530 5302//2530
f 5501//2525 5561//2555 5578//2525
f 5582//2526 5566//2599 5507//2526
f 5670//2525 5678//2537 5762//2525
f 5766//2539 5681//2526 5674//2526
f 5762//2525 5814//2525 5820//2531
f 5823//2539 5817//2526 5766//2526
f 5932//2525 5939//2525 6011//2525
f 6014//2530 5942//2530 5935//2600
f 6107//2537 6113//2537 6161//2541
f 6164//2548 6116//2526 6110//2526
f 6161//2541 6197//2525 6203//2552
f 6207//2527 6200//2526 6164//2548
f 6365//2537 6371//2537 6449//2537
f 6452//2564 6374//2530 6368//2530
f 6449//2537 6545//2541 6641//2533
f 6644//2574 6548//2526 6452//2564
f 6693//2525 6699//2525 6753//2525
f 6756//2539 6702//2530 6696//2558
f 6753//2525 6815//2525 6821//2525
f 6824//2526 6818//2526 6756//2539
f 6968//2525 6974//2525 7054//2581
f 7057//2530 6977//2530 6971//2530
f 7107//2525 7190//2525 7198//2525
f 7202//2539 7194//2539 7113//2539
f 7247//2537 7254//2525 7314//2525
f 7319//2526 7258//2526 7251//2526
f 7314//2525 7401//2567 7407//2541
f 7410//2539 7404//2530 7318//2539
f 7617//2525 7623//2525 7671//2525
f 7674//2526 7626//2530 7620//2526
f 7671//2525 7761//2567 7797//2567
f 7800//2592 7764//2539 7674//2526
f 7964//2525 7970//2525 8018//2525
f 8021//2526 7973//2526 7967//2539
f 8078//2537 8084//2587 8156//2524
f 8159//2539 8087//2530 8081//2530
f 8188//2525 8194//2549 8274//2525
f 8277//2536 8197//2526 8191//2526
f 8274//2525 13//2562 19//2525
f 22//2601 16//2535 8277//2536
f 78//2525 84//2525 162//2525
f 165//2526 87//2526 81//2526
f 198//2525 260//2534 320//2525
f 323//2526 263//2526 201//2526
f 380//2595 446//2525 452//2525
f 455//2526 449//2526 383//2535
f 507//2525 514//2525 552//2594
f 555//2535 517//2526 511//2535
f 676//2525 736//2531 772//2525
f 775//2535 739//2528 679//2526
f 772//2525 778//2525 865//2547
f 868//2548 781//2526 775//2535
f 865//2547 902//2525 909//2525
f 913//2526 905//2526 868//2548
f 1098//2563 1160//2549 1172//2537
f 1175//2550 1163//2539 1101//2597
f 1394//2602 1400//2525 1562//2541
f 1565//2526 1403//2526 1397//2526
f 1562//2541 1614//2525 1620//2537
f 1623//2530 1617//2526 1565//2526
f 1801//2537 1809//2537 1913//2537
f 1919//2526 1813//2526 1805//2526
f 2155//2537 2161//2525 2223//2525
f 2226//2526 2164//2526 2158//2539
f 2223//2525 2285//2525 2291//2525
f 2295//2530 2288//2591 2226//2526
f 2380//2541 2444//2541 2498//2541
f 2502//2526 2447//2539 2383//2526
f 2530//2533 2536//2555 2578//2563
f 2581//2539 2539//2526 2533//2526
f 2578//2563 2652//2525 2659//2541
f 2664//2526 2655//2526 2581//2539
f 2674//2541 2680//2525 2812//2541
f 2815//2539 2683//2526 2677//2539
f 2993//2537 2999//2537 3115//2537
f 3120//2530 3002//2530 2996//2530
f 3279//2525 3285//2567 3395//2552
f 3400//2530 3289//2575 3282//2526
f 3593//2537 3599//2537 3706//2552
f 3710//2530 3602//2530 3596//2592
f 3989//2537 3995//2537 4099//2531
f 4102//2530 3998//2539 3992//2585
f 4262//2525 4268//2525 4348//2525
f 4351//2526 4271//2526 4265//2526
f 4369//2537 4376//2537 4442//2541
f 4445//2539 4379//2530 4373//2530
f 4824//2537 4830//2525 4898//2537
f 4901//2592 4833//2530 4827//2530
f 4960//2525 4970//2537 5099//2552
f 5103//2530 4974//2530 4966//2530
f 5237//2525 5299//2525 5354//2552
f 5358//2530 5302//2530 5240//2530
f 5501//2525 5578//2525 5586//2525
f 5590//2526 5582//2526 5507//2526
f 5663//2537 5671//2537 5763//2537
f 5767//2526 5675//2526 5667//2526
f 5925//2525 5932//2525 6011//2525
f 6015//2526 5936//2526 5929//2526
f 6101//2541 6107//2537 6161//2541
f 6164//2548 6110//2526 6104//2530
f 6359//2537 6365//2537 6449//2537
f 6452//2564 6368//2530 6362//2530
f 6449//2537 6641//2533 6659//2556
f 6662//2540 6644//2574 6452//2564
f 6687//2537 6693//2525 6753//2525
f 6756//2539 6696//2558 6690//2539
f 6753//2525 6821//2525 6827//2537
f 6830//2592 6824//2526 6756//2539
f 6962//2581 6968//2525 7054//2581
f 7057//2530 6971//2530 6965//2530
f 7104//2537 7195//2537 7204//2537
f 7208//2578 7199//2578 7110//2578
f 7247//2537 7314//2525 7407//2541
f 7410//2539 7318//2539 7250//2530
f 7610//2537 7617//2525 7671//2525
f 7674//2526 7620//2526 7614//2528
f 7671//2525 7797//2567 7803//2537
f 7807//2530 7800//2592 7674//2526
f 8072//2537 8078//2537 8156//2524
f 8159//2539 8081//2530 8075//2526
f 8182//2525 8188//2525 8274//2525
f 8277//2536 8191//2526 8185//2526
f 8274//2525 19//2525 25//2531
f 28//2601 22//2601 8277//2536
f 72//2525 78//2525 162//2525
f 165//2526 81//2526 75//2526
f 192//2525 198//2525 320//2525
f 323//2526 201//2526 195//2526
f 380//2595 452//2525 458//2525
f 461//2526 455//2526 383//2535
f 500//2525 507//2525 552//2594
f 555//2535 511//2535 503//2526
f 670//2525 676//2525 772//2525
f 775//2535 679//2526 673//2526
f 772//2525 865//2547 909//2525
f 913//2526 868//2548 775//2535
f 1092//2525 1098//2563 1172//2537
f 1175//2550 1101//2597 1095//2526
f 1388//2525 1394//2602 1562//2541
f 1565//2526 1397//2526 1391//2539
f 1794//2537 1802//2537 1916//2537
f 1923//2539 1806//2539 1798//2539
f 2155//2537 2223//2525 2291//2525
f 2295//2530 2226//2526 2158//2539
f 2372//2525 2380//2541 2498//2541
f 2502//2526 2383//2526 2376//2526
f 2530//2533 2578//2563 2659//2541
f 2664//2526 2581//2539 2533//2526
f 2668//2541 2674//2541 2812//2541
f 2815//2539 2677//2539 2671//2539
f 2987//2537 2993//2537 3115//2537
f 3120//2530 2996//2530 2990//2530
f 3273//2525 3279//2525 3395//2552
f 3400//2530 3282//2526 3276//2603
f 3587//2537 3593//2537 3706//2552
f 3710//2530 3596//2592 3590//2592
f 3983//2537 3989//2537 4099//2531
f 4102//2530 3992//2585 3986//2585
f 4256//2525 4262//2525 4348//2525
f 4351//2526 4265//2526 4259//2604
f 4362//2537 4369//2537 4442//2541
f 4445//2539 4373//2530 4365//2530
f 4818//2537 4824//2537 4898//2537
f 4901//2592 4827//2530 4821//2530
f 4960//2525 5099//2552 5154//2537
f 5157//2530 5102//2526 4964//2539
f 5231//2537 5237//2525 5354//2552
f 5358//2530 5240//2530 5234//2530
f 5502//2541 5587//2541 5594//2541
f 5598//2540 5591//2540 5508//2540
f 5655//2525 5662//2533 5762//2525
f 5766//2526 5666//2526 5658//2526
f 5915//2525 5925//2525 6011//2525
f 6014//2526 5928//2526 5920//2526
f 6101//2541 6161//2541 6203//2552
f 6207//2527 6164//2548 6104//2530
f 6353//2537 6359//2537 6449//2537
f 6452//2564 6362//2530 6356//2530
f 6449//2537 6659//2556 6665//2533
f 6668//2576 6662//2540 6452//2564
f 6687//2537 6753//2525 6827//2537
f 6830//2592 6756//2539 6690//2539
f 6962//2581 7054//2581 7092//2596
f 7097//2530 7057//2530 6965//2530
f 7241//2537 7247//2537 7407//2541
f 7410//2539 7250//2530 7244//2530
f 7610//2537 7671//2525 7803//2537
f 7807//2530 7674//2526 7614//2528
f 8066//2555 8072//2537 8156//2524
f 8159//2539 8075//2526 8069//2585
f 8182//2525 8274//2525 25//2531
f 28//2601 8277//2536 8185//2526
f 61//2605 72//2525 162//2525
f 165//2526 75//2526 66//2546
f 186//2525 192//2525 320//2525
f 323//2526 195//2526 189//2526
f 380//2595 458//2525 464//2587
f 467//2526 461//2526 383//2535
f 494//2525 500//2525 552//2594
f 555//2535 503//2526 497//2526
f 664//2525 670//2525 772//2525
f 775//2535 673//2526 667//2526
f 772//2525 909//2525 916//2555
f 919//2539 913//2526 775//2535
f 1092//2525 1172//2537 1178//2606
f 1181//2539 1175//2550 1095//2526
f 1382//2525 1388//2525 1562//2541
f 1565//2526 1391//2539 1385//2526
f 1785//2537 1793//2537 1913//2537
f 1921//2540 1797//2540 1790//2540
f 2149//2537 2155//2537 2291//2525
f 2295//2530 2158//2539 2152//2592
f 2365//2559 2373//2559 2499//2559
f 2503//2530 2377//2530 2369//2530
f 2524//2555 2530//2533 2659//2541
f 2664//2526 2533//2526 2527//2526
f 2659//2541 2668//2541 2812//2541
f 2815//2539 2671//2539 2664//2539
f 2981//2537 2987//2537 3115//2537
f 3120//2530 2990//2530 2984//2530
f 3266//2533 3273//2525 3395//2552
f 3400//2530 3276//2603 3270//2539
f 3581//2537 3587//2537 3706//2552
f 3710//2530 3590//2592 3584//2592
f 3976//2537 3983//2537 4099//2531
f 4102//2530 3986//2585 3980//2574
f 4256//2525 4348//2525 4355//2525
f 4359//2526 4351//2526 4259//2604
f 4355//2525 4362//2537 4442//2541
f 4445//2539 4365//2530 4359//2526
f 4812//2537 4818//2537 4898//2537
f 4901//2592 4821//2530 4815//2530
f 4960//2525 5154//2537 5160//2567
f 5163//2592 5157//2530 4964//2539
f 5225//2537 5231//2537 5354//2552
f 5358//2530 5234//2530 5228//2530
f 5504//2607 5595//2607 5603//2607
f 5607//2608 5599//2608 5509//2608
f 5648//2525 5655//2525 5762//2525
f 5767//2539 5659//2539 5652//2539
f 5915//2525 6011//2525 6018//2525
f 6022//2526 6014//2526 5920//2526
f 6094//2525 6101//2541 6203//2552
f 6207//2527 6104//2530 6098//2530
f 6347//2537 6353//2537 6449//2537
f 6452//2564 6356//2530 6350//2530
f 6449//2537 6665//2533 6671//2556
f 6674//2609 6668//2576 6452//2564
f 6677//2541 6687//2537 6827//2537
f 6830//2592 6690//2539 6682//2539
f 6954//2525 6962//2581 7092//2596
f 7097//2530 6965//2530 6958//2530
f 7235//2567 7241//2537 7407//2541
f 7410//2539 7244//2530 7238//2526
f 7603//2537 7610//2537 7803//2537
f 7807//2530 7614//2528 7606//2530
f 8060//2541 8066//2555 8156//2524
f 8159//2539 8069//2585 8063//2585
f 8176//2525 8182//2525 25//2531
f 28//2601 8185//2526 8179//2526
f 61//2605 162//2525 168//2525
f 171//2526 165//2526 66//2546
f 180//2525 186//2525 320//2525
f 323//2526 189//2526 183//2526
f 488//2525 494//2525 552//2594
f 555//2535 497//2526 491//2526
f 658//2525 664//2525 772//2525
f 775//2535 667//2526 661//2526
f 772//2525 916//2555 922//2555
f 925//2539 919//2539 775//2535
f 1092//2525 1178//2606 1184//2606
f 1187//2548 1181//2539 1095//2526
f 1375//2537 1382//2525 1562//2541
f 1565//2526 1385//2526 1379//2592
f 1785//2537 1913//2537 1940//2537
f 1943//2592 1919//2592 1788//2592
f 2143//2537 2149//2537 2291//2525
f 2295//2530 2152//2592 2146//2592
f 2364//2525 2498//2525 2506//2555
f 2509//2526 2502//2530 2368//2526
f 2518//2525 2524//2555 2659//2541
f 2664//2526 2527//2526 2521//2526
f 2659//2541 2812//2541 2818//2541
f 2821//2539 2815//2539 2664//2539
f 2975//2537 2981//2537 3115//2537
f 3120//2530 2984//2530 2978//2530
f 3262//2525 3269//2525 3399//2525
f 3400//2530 3270//2539 3263//2530
f 3575//2537 3581//2537 3706//2552
f 3710//2530 3584//2592 3578//2592
f 3969//2537 3976//2537 4099//2531
f 4102//2530 3980//2574 3972//2539
f 4256//2525 4355//2525 4442//2541
f 4445//2539 4359//2526 4259//2604
f 4806//2537 4812//2537 4898//2537
f 4901//2592 4815//2530 4809//2530
f 4960//2525 5160//2567 5166//2525
f 5169//2592 5163//2592 4964//2539
f 5219//2537 5225//2537 5354//2552
f 5358//2530 5228//2530 5222//2530
f 5642//2567 5648//2525 5762//2525
f 5766//2526 5651//2526 5645//2592
f 5917//2525 6019//2525 6027//2525
f 6031//2540 6023//2540 5922//2540
f 6087//2525 6094//2525 6203//2552
f 6207//2527 6098//2530 6090//2530
f 6341//2525 6347//2537 6449//2537
f 6452//2564 6350//2530 6344//2526
f 6449//2537 6671//2556 6677//2525
f 6682//2526 6674//2609 6452//2564
f 6677//2541 6827//2537 6833//2525
f 6836//2592 6830//2592 6682//2539
f 6949//2541 6957//2541 7095//2541
f 7101//2530 6961//2530 6953//2530
f 7229//2567 7235//2567 7407//2541
f 7410//2539 7238//2526 7232//2539
f 7597//2537 7603//2537 7803//2537
f 7807//2530 7606//2530 7600//2530
f 8054//2610 8060//2541 8156//2524
f 8159//2539 8063//2585 8057//2526
f 8169//2525 8176//2525 25//2531
f 28//2601 8179//2526 8173//2526
f 61//2605 168//2525 174//2525
f 177//2526 171//2526 66//2546
f 180//2525 320//2525 326//2525
f 329//2526 323//2526 183//2526
f 488//2525 552//2594 558//2562
f 561//2526 555//2535 491//2526
f 652//2611 658//2525 772//2525
f 775//2535 661//2526 655//2526
f 772//2525 922//2555 928//2525
f 931//2536 925//2539 775//2535
f 1092//2525 1184//2606 1190//2606
f 1193//2550 1187//2548 1095//2526
f 1375//2537 1562//2541 1620//2537
f 1623//2530 1565//2526 1379//2592
f 1779//2537 1785//2537 1940//2537
f 1944//2578 1789//2526 1782//2526
f 2137//2525 2143//2537 2291//2525
f 2295//2530 2146//2592 2140//2592
f 2364//2525 2506//2555 2512//2541
f 2515//2540 2509//2526 2368//2526
f 2512//2541 2518//2525 2659//2541
f 2664//2526 2521//2526 2515//2540
f 2659//2541 2818//2541 2824//2525
f 2827//2539 2821//2539 2664//2539
f 2968//2537 2975//2537 3115//2537
f 3120//2530 2978//2530 2971//2530
f 3251//2525 3259//2525 3395//2525
f 3400//2530 3263//2530 3255//2526
f 3569//2537 3575//2537 3706//2552
f 3710//2530 3578//2592 3572//2574
f 3963//2537 3969//2537 4099//2531
f 4102//2530 3972//2539 3966//2526
f 4250//2525 4256//2525 4442//2541
f 4445//2539 4259//2604 4253//2526
f 4799//2537 4806//2537 4898//2537
f 4901//2592 4809//2530 4803//2530
f 4960//2525 5166//2525 5172//2525
f 5175//2526 5169//2592 4964//2539
f 5211//2537 5219//2537 5354//2552
f 5358//2530 5222//2530 5215//2530
f 5642//2567 5762//2525 5820//2531
f 5823//2539 5766//2526 5645//2592
f 5916//2525 6026//2541 6034//2541
f 6037//2526 6030//2526 5920//2539
f 6081//2525 6087//2525 6203//2552
f 6207//2527 6090//2530 6084//2530
f 6341//2525 6449//2537 6677//2525
f 6682//2526 6452//2564 6344//2526
f 6677//2541 6833//2525 6839//2541
f 6842//2592 6836//2592 6682//2539
f 7223//2567 7229//2567 7407//2541
f 7410//2539 7232//2539 7226//2585
f 7591//2537 7597//2537 7803//2537
f 7807//2530 7600//2530 7594//2530
f 8048//2610 8054//2610 8156//2524
f 8159//2539 8057//2526 8051//2554
f 8169//2525 25//2531 31//2562
f 34//2612 28//2601 8173//2526
f 61//2605 174//2525 180//2525
f 183//2526 177//2526 66//2546
f 180//2525 326//2525 332//2525
f 335//2526 329//2526 183//2526
f 482//2525 488//2525 558//2562
f 561//2526 491//2526 485//2526
f 652//2611 772//2525 928//2525
f 931//2536 775//2535 655//2526
f 1092//2525 1190//2606 1197//2525
f 1201//2613 1193//2550 1095//2526
f 1367//2537 1375//2537 1620//2537
f 1623//2530 1379//2592 1371//2526
f 1770//2537 1779//2537 1940//2537
f 1944//2578 1782//2526 1775//2526
f 2131//2541 2137//2525 2291//2525
f 2295//2530 2140//2592 2134//2592
f 2364//2525 2512//2541 2659//2541
f 2664//2526 2515//2540 2368//2526
f 2659//2541 2824//2525 2830//2541
f 2833//2526 2827//2539 2664//2539
f 2960//2537 2968//2537 3115//2537
f 3124//2530 2974//2530 2967//2530
f 3244//2567 3252//2567 3396//2567
f 3401//2540 3256//2540 3248//2540
f 3561//2537 3569//2537 3706//2552
f 3710//2530 3572//2574 3565//2578
f 3957//2525 3963//2537 4099//2531
f 4102//2530 3966//2526 3960//2526
f 4244//2525 4250//2525 4442//2541
f 4445//2539 4253//2526 4247//2526
f 4792//2537 4799//2537 4898//2537
f 4901//2592 4803//2530 4795//2530
f 4960//2525 5172//2525 5178//2541
f 5181//2526 5175//2526 4964//2539
f 5204//2537 5212//2537 5355//2537
f 5359//2530 5216//2530 5207//2530
f 5636//2567 5642//2567 5820//2531
f 5823//2539 5645//2592 5639//2592
f 5916//2525 6034//2541 6041//2541
f 6045//2526 6037//2526 5920//2539
f 6075//2533 6081//2525 6203//2552
f 6207//2527 6084//2530 6078//2530
f 6335//2525 6341//2525 6677//2525
f 6682//2526 6344//2526 6338//2526
f 6677//2541 6839//2541 6845//2525
f 6848//2526 6842//2592 6682//2539
f 7217//2610 7223//2567 7407//2541
f 7410//2539 7226//2585 7220//2585
f 7585//2537 7591//2537 7803//2537
f 7807//2530 7594//2530 7588//2530
f 8042//2610 8048//2610 8156//2524
f 8159//2539 8051//2554 8045//2614
f 8169//2525 31//2562 37//2562
f 40//2526 34//2612 8173//2526
f 180//2525 332//2525 338//2525
f 341//2526 335//2526 183//2526
f 482//2525 558//2562 564//2562
f 567//2601 561//2526 485//2526
f 646//2615 652//2611 928//2525
f 931//2536 655//2526 649//2543
f 1086//2531 1092//2525 1197//2525
f 1201//2613 1095//2526 1089//2536
f 1360//2537 1367//2537 1620//2537
f 1623//2530 1371//2526 1363//2526
f 1770//2537 1940//2537 1947//2537
f 1951//2592 1943//2592 1774//2592
f 2125//2610 2131//2541 2291//2525
f 2295//2530 2134//2592 2128//2592
f 2356//2525 2364//2525 2659//2541
f 2664//2526 2368//2526 2360//2526
f 2659//2541 2830//2541 2836//2541
f 2839//2526 2833//2526 2664//2539
f 2953//2537 2961//2537 3116//2537
f 3121//2530 2964//2530 2957//2530
f 3236//2525 3243//2541 3395//2537
f 3400//2526 3247//2526 3239//2526
f 3554//2537 3562//2537 3707//2537
f 3711//2539 3566//2539 3558//2539
f 3957//2525 4099//2531 4105//2537
f 4108//2530 4102//2530 3960//2526
f 4238//2541 4244//2525 4442//2541
f 4445//2539 4247//2526 4241//2539
f 4786//2537 4792//2537 4898//2537
f 4901//2592 4795//2530 4789//2530
f 5194//2537 5203//2537 5354//2537
f 5360//2530 5208//2530 5199//2530
f 5630//2567 5636//2567 5820//2531
f 5823//2539 5639//2592 5633//2526
f 6069//2533 6075//2533 6203//2552
f 6207//2527 6078//2530 6072//2530
f 6329//2525 6335//2525 6677//2525
f 6682//2526 6338//2526 6332//2526
f 6677//2541 6845//2525 6851//2596
f 6854//2616 6848//2526 6682//2539
f 7211//2525 7217//2610 7407//2541
f 7410//2539 7220//2585 7214//2526
f 7579//2537 7585//2537 7803//2537
f 7807//2530 7588//2530 7582//2530
f 8036//2525 8042//2610 8156//2524
f 8159//2539 8045//2614 8039//2614
f 8169//2525 37//2562 43//2617
f 46//2601 40//2526 8173//2526
f 180//2525 338//2525 344//2531
f 347//2528 341//2526 183//2526
f 476//2525 482//2525 564//2562
f 567//2601 485//2526 479//2526
f 640//2525 646//2615 928//2525
f 931//2536 649//2543 643//2618
f 1086//2531 1197//2525 1204//2606
f 1207//2526 1201//2613 1089//2536
f 1354//2537 1360//2537 1620//2537
f 1623//2530 1363//2526 1357//2539
f 1760//2619 1771//2619 1948//2619
f 1952//2620 1776//2620 1767//2620
f 2119//2525 2125//2610 2291//2525
f 2295//2530 2128//2592 2122//2526
f 2349//2619 2357//2619 2660//2619
f 2665//2608 2361//2608 2353//2608
f 2659//2541 2836//2541 2842//2541
f 2846//2526 2839//2526 2664//2539
f 2944//2537 2952//2537 3115//2537
f 3120//2540 2956//2540 2948//2540
f 3227//2525 3236//2525 3395//2537
f 3405//2530 3242//2530 3234//2530
f 3553//2525 3706//2537 3714//2537
f 3717//2526 3710//2530 3557//2526
f 3957//2525 4105//2537 4111//2541
f 4114//2526 4108//2530 3960//2526
f 4238//2541 4442//2541 4448//2541
f 4451//2539 4445//2539 4241//2539
f 4779//2537 4786//2537 4898//2537
f 4901//2592 4789//2530 4783//2530
f 5194//2537 5354//2537 5363//2537
f 5367//2530 5358//2530 5198//2530
f 5623//2567 5630//2567 5820//2531
f 5823//2539 5633//2526 5627//2530
f 6063//2581 6069//2533 6203//2552
f 6207//2527 6072//2530 6066//2530
f 6323//2531 6329//2525 6677//2525
f 6682//2526 6332//2526 6326//2526
f 6677//2541 6851//2596 6857//2621
f 6860//2526 6854//2616 6682//2539
f 7203//2533 7211//2525 7407//2541
f 7410//2539 7214//2526 7207//2526
f 7573//2525 7579//2537 7803//2537
f 7807//2530 7582//2530 7576//2530
f 8030//2610 8036//2525 8156//2524
f 8159//2539 8039//2614 8033//2561
f 8169//2525 43//2617 49//2525
f 52//2601 46//2601 8173//2526
f 476//2525 564//2562 570//2545
f 573//2536 567//2601 479//2526
f 634//2571 640//2525 928//2525
f 931//2536 643//2618 637//2526
f 1086//2531 1204//2606 1210//2567
f 1213//2539 1207//2526 1089//2536
f 1348//2537 1354//2537 1620//2537
f 1623//2530 1357//2539 1351//2526
f 1757//2525 1947//2525 1955//2541
f 1958//2592 1951//2592 1764//2526
f 2112//2525 2119//2525 2291//2525
f 2295//2530 2122//2526 2116//2526
f 2348//2555 2659//2541 2842//2541
f 2846//2526 2664//2539 2352//2578
f 2939//2537 2947//2537 3119//2537
f 3124//2530 2951//2530 2943//2530
f 3227//2525 3395//2537 3406//2537
f 3410//2539 3400//2530 3231//2622
f 3545//2525 3553//2525 3714//2537
f 3717//2526 3557//2526 3549//2530
f 3951//2525 3957//2525 4111//2541
f 4114//2526 3960//2526 3954//2527
f 4238//2541 4448//2541 4454//2525
f 4457//2539 4451//2539 4241//2539
f 4772//2552 4779//2537 4898//2537
f 4901//2592 4783//2530 4775//2530
f 5186//2607 5195//2607 5364//2607
f 5368//2561 5200//2561 5190//2561
f 5616//2567 5623//2567 5820//2531
f 5823//2539 5627//2530 5619//2526
f 6057//2566 6063//2581 6203//2552
f 6207//2527 6066//2530 6060//2530
f 6317//2525 6323//2531 6677//2525
f 6682//2526 6326//2526 6320//2526
f 6677//2541 6857//2621 6863//2541
f 6866//2526 6860//2526 6682//2539
f 7103//2525 7203//2533 7407//2541
f 7410//2539 7207//2526 7108//2526
f 7567//2525 7573//2525 7803//2537
f 7807//2530 7576//2530 7570//2530
f 8024//2525 8030//2610 8156//2524
f 8159//2539 8033//2561 8027//2526
f 8169//2525 49//2525 55//2562
f 58//2536 52//2601 8173//2526
f 470//2525 476//2525 570//2545
f 573//2536 479//2526 473//2526
f 628//2525 634//2571 928//2525
f 931//2536 637//2526 631//2526
f 1086//2531 1210//2567 1216//2525
f 1219//2526 1213//2539 1089//2536
f 1342//2537 1348//2537 1620//2537
f 1623//2530 1351//2526 1345//2526
f 1757//2525 1955//2541 1961//2525
f 1964//2526 1958//2592 1764//2526
f 2106//2525 2113//2525 2292//2525
f 2295//2530 2116//2526 2109//2526
f 2340//2525 2348//2555 2842//2541
f 2846//2526 2352//2578 2344//2526
f 2929//2537 2936//2533 3115//2537
f 3121//2530 2940//2530 2933//2530
f 3227//2525 3406//2537 3413//2537
f 3417//2526 3410//2539 3231//2622
f 3545//2525 3714//2537 3721//2537
f 3726//2526 3717//2526 3549//2530
f 3951//2525 4111//2541 4117//2541
f 4120//2526 4114//2526 3954//2527
f 4238//2541 4454//2525 4460//2570
f 4463//2609 4457//2539 4241//2539
f 4766//2552 4772//2552 4898//2537
f 4901//2592 4775//2530 4769//2526
f 5185//2537 5363//2537 5371//2537
f 5374//2526 5367//2526 5189//2575
f 5610//2525 5616//2567 5820//2531
f 5823//2539 5619//2526 5613//2623
f 6049//2541 6057//2566 6203//2552
f 6207//2527 6060//2530 6053//2530
f 6311//2525 6317//2525 6677//2525
f 6682//2526 6320//2526 6314//2526
f 6677//2541 6863//2541 6870//2581
f 6877//2624 6869//2624 6686//2624
f 7092//2525 7103//2525 7407//2541
f 7411//2526 7109//2526 7098//2526
f 7561//2567 7567//2525 7803//2537
f 7807//2530 7570//2530 7564//2530
f 8018//2525 8024//2525 8156//2524
f 8159//2539 8027//2526 8021//2526
f 8169//2525 55//2562 61//2594
f 66//2536 58//2536 8173//2526
f 470//2525 570//2545 577//2587
f 581//2601 573//2536 473//2526
f 622//2525 628//2525 928//2525
f 931//2536 631//2526 625//2526
f 1086//2531 1216//2525 1222//2525
f 1225//2527 1219//2526 1089//2536
f 1334//2537 1342//2537 1620//2537
f 1623//2530 1345//2526 1338//2526
f 1757//2525 1961//2525 1967//2596
f 1970//2526 1964//2526 1764//2526
f 2097//2541 2105//2525 2291//2537
f 2295//2530 2109//2526 2101//2539
f 2333//2525 2341//2525 2845//2525
f 2849//2539 2345//2539 2337//2539
f 2923//2537 2929//2537 3115//2537
f 3120//2530 2932//2530 2926//2530
f 3221//2625 3230//2625 3416//2625
f 3421//2626 3235//2626 3226//2626
f 3536//2627 3546//2627 3722//2627
f 3727//2575 3550//2575 3542//2575
f 3951//2525 4117//2541 4123//2541
f 4126//2530 4120//2526 3954//2527
f 4238//2541 4460//2570 4466//2545
f 4469//2535 4463//2609 4241//2539
f 4766//2552 4898//2537 4904//2537
f 4907//2539 4901//2592 4769//2526
f 5185//2537 5371//2537 5377//2537
f 5380//2592 5374//2526 5189//2575
f 5602//2525 5610//2525 5820//2531
f 5823//2539 5613//2623 5606//2530
f 6042//2525 6050//2525 6204//2525
f 6208//2530 6054//2530 6046//2530
f 6305//2525 6311//2525 6677//2525
f 6682//2526 6314//2526 6308//2526
f 6678//2541 6871//2541 6878//2541
f 6883//2530 6874//2530 6683//2530
f 7092//2525 7407//2541 7414//2541
f 7417//2539 7410//2539 7097//2539
f 7555//2567 7561//2567 7803//2537
f 7807//2530 7564//2530 7558//2530
f 8018//2525 8156//2524 8162//2534
f 8165//2527 8159//2539 8021//2526
f 8162//2534 8169//2525 61//2594
f 66//2536 8173//2526 8165//2527
f 470//2525 577//2587 584//2525
f 587//2526 581//2601 473//2526
f 616//2525 622//2525 928//2525
f 931//2536 625//2526 619//2526
f 1334//2537 1620//2537 1626//2537
f 1630//2530 1623//2530 1338//2526
f 1757//2525 1967//2596 1973//2596
f 1977//2628 1970//2526 1764//2526
f 2097//2541 2291//2537 2298//2537
f 2302//2530 2295//2530 2101//2539
f 2332//2525 2842//2525 2850//2525
f 2853//2526 2846//2526 2336//2526
f 2923//2537 3115//2537 3125//2537
f 3128//2530 3120//2530 2926//2530
f 3217//2541 3413//2541 3422//2541
f 3426//2530 3417//2530 3222//2530
f 3534//2537 3721//2537 3730//2537
f 3733//2530 3726//2540 3540//2530
f 3940//2541 3951//2525 4123//2541
f 4126//2530 3954//2527 3946//2530
f 4760//2537 4766//2552 4904//2537
f 4907//2539 4769//2526 4763//2526
f 5185//2537 5377//2537 5383//2537
f 5386//2592 5380//2592 5189//2575
f 5501//2537 5602//2525 5820//2531
f 5823//2539 5606//2530 5507//2539
f 5915//2525 6040//2537 6203//2537
f 6207//2526 6045//2526 5920//2539
f 6299//2541 6305//2525 6677//2525
f 6682//2526 6308//2526 6302//2539
f 6681//2525 6881//2525 6890//2525
f 6891//2578 6882//2526 6682//2629
f 7092//2525 7414//2541 7420//2541
f 7423//2526 7417//2539 7097//2539
f 7549//2567 7555//2567 7803//2537
f 7807//2530 7558//2530 7552//2530
f 8018//2525 8162//2534 61//2594
f 66//2536 8165//2527 8021//2526
f 464//2587 470//2525 584//2525
f 587//2526 473//2526 467//2526
f 610//2525 616//2525 928//2525
f 931//2536 619//2526 613//2526
f 1325//2559 1335//2559 1627//2559
f 1631//2592 1339//2592 1331//2592
f 1759//2525 1974//2541 1981//2525
f 1984//2539 1978//2539 1766//2540
f 2087//2630 2098//2630 2299//2630
f 2303//2631 2102//2631 2093//2631
f 2326//2525 2332//2525 2850//2525
f 2853//2526 2336//2526 2329//2578
f 2923//2537 3125//2537 3131//2537
f 3134//2530 3128//2530 2926//2530
f 3217//2541 3422//2541 3429//2541
f 3432//2530 3426//2530 3222//2530
f 3534//2537 3730//2537 3737//2537
f 3741//2530 3733//2530 3540//2530
f 3940//2541 4123//2541 4129//2525
f 4132//2530 4126//2530 3946//2530
f 4754//2537 4760//2537 4904//2537
f 4907//2539 4763//2526 4757//2526
f 5185//2537 5383//2537 5389//2525
f 5392//2540 5386//2592 5189//2575
f 5494//2525 5501//2537 5820//2531
f 5823//2539 5507//2539 5497//2526
f 5915//2525 6203//2537 6211//2537
f 6214//2526 6207//2526 5920//2539
f 6293//2541 6299//2541 6677//2525
f 6682//2526 6302//2539 6296//2539
f 7092//2525 7420//2541 7426//2541
f 7429//2540 7423//2526 7097//2539
f 7541//2567 7549//2567 7803//2537
f 7807//2530 7552//2530 7545//2530
f 7964//2525 8018//2525 61//2594
f 66//2536 8021//2526 7967//2539
f 380//2595 464//2587 584//2525
f 587//2526 467//2526 383//2535
f 604//2525 610//2525 928//2525
f 931//2536 613//2526 607//2526
f 1324//2537 1626//2537 1634//2537
f 1637//2575 1630//2530 1329//2539
f 1759//2525 1981//2525 1988//2533
f 1992//2540 1984//2539 1766//2540
f 2086//2537 2298//2537 2306//2537
f 2309//2530 2302//2530 2092//2530
f 2326//2525 2850//2525 2856//2525
f 2859//2526 2853//2526 2329//2578
f 2914//2537 2923//2537 3131//2537
f 3134//2530 2926//2530 2920//2526
f 3217//2541 3429//2541 3435//2541
f 3438//2530 3432//2530 3222//2530
f 3534//2537 3737//2537 3744//2537
f 3748//2530 3741//2530 3540//2530
f 3940//2541 4129//2525 4135//2525
f 4139//2530 4132//2530 3946//2530
f 4748//2525 4754//2537 4904//2537
f 4907//2539 4757//2526 4751//2526
f 5178//2541 5185//2537 5389//2525
f 5393//2632 5191//2632 5182//2632
f 5494//2525 5820//2531 5826//2541
f 5829//2530 5823//2539 5497//2526
f 5915//2525 6211//2537 6217//2537
f 6220//2530 6214//2526 5920//2539
f 6287//2541 6293//2541 6677//2525
f 6682//2526 6296//2539 6290//2539
f 7092//2525 7426//2541 7432//2541
f 7435//2539 7429//2540 7097//2539
f 7537//2533 7544//2555 7806//2525
f 7810//2530 7548//2530 7540//2530
f 7958//2541 7964//2525 61//2594
f 66//2536 7967//2539 7961//2539
f 380//2595 584//2525 590//2525
f 593//2526 587//2526 383//2535
f 597//2545 604//2525 928//2525
f 931//2536 607//2526 601//2539
f 1324//2537 1634//2537 1640//2537
f 1643//2530 1637//2575 1329//2539
f 1758//2541 1987//2541 1996//2541
f 2000//2540 1991//2540 1765//2540
f 2086//2537 2306//2537 2312//2537
f 2315//2530 2309//2530 2092//2530
f 2326//2525 2856//2525 2862//2525
f 2865//2526 2859//2526 2329//2578
f 2914//2537 3131//2537 3137//2537
f 3140//2526 3134//2530 2920//2526
f 3217//2541 3435//2541 3441//2541
f 3445//2539 3438//2530 3222//2530
f 3524//2541 3535//2541 3745//2541
f 3749//2530 3541//2530 3529//2530
f 3941//2567 4136//2567 4145//2567
f 4150//2530 4140//2530 3947//2530
f 4748//2525 4904//2537 4910//2525
f 4913//2530 4907//2539 4751//2526
f 5178//2541 5389//2525 5396//2541
f 5399//2592 5392//2592 5181//2526
f 5485//2525 5494//2525 5826//2541
f 5830//2526 5498//2526 5490//2526
f 5915//2525 6217//2537 6223//2537
f 6226//2530 6220//2530 5920//2539
f 6281//2541 6287//2541 6677//2525
f 6682//2526 6290//2539 6284//2526
f 7092//2525 7432//2541 7438//2541
f 7441//2539 7435//2539 7097//2539
f 7529//2525 7537//2533 7806//2525
f 7810//2530 7540//2530 7533//2530
f 7952//2541 7958//2541 61//2594
f 66//2536 7961//2539 7955//2526
f 380//2595 590//2525 597//2545
f 601//2539 593//2526 383//2535
f 597//2545 928//2525 934//2525
f 937//2633 931//2536 601//2539
f 1316//2537 1324//2537 1640//2537
f 1645//2530 1330//2530 1320//2530
f 2086//2537 2312//2537 2318//2537
f 2322//2530 2315//2530 2092//2530
f 2326//2525 2862//2525 2868//2525
f 2871//2526 2865//2526 2329//2578
f 2914//2537 3137//2537 3143//2537
f 3146//2530 3140//2526 2920//2526
f 3208//2537 3218//2537 3442//2537
f 3446//2526 3223//2526 3214//2526
f 3523//2525 3744//2525 3752//2525
f 3756//2530 3748//2530 3528//2530
f 3940//2555 4144//2533 4153//2559
f 4156//2530 4149//2540 3946//2530
f 4748//2525 4910//2525 4916//2525
f 4919//2530 4913//2530 4751//2526
f 4960//2525 5178//2541 5396//2541
f 5399//2592 5181//2526 4964//2539
f 5485//2525 5826//2541 5833//2541
f 5836//2539 5829//2539 5489//2540
f 5907//2525 5915//2525 6223//2537
f 6227//2526 5921//2526 5911//2526
f 6275//2541 6281//2541 6677//2525
f 6682//2526 6284//2526 6278//2634
f 7092//2525 7438//2541 7444//2541
f 7447//2539 7441//2539 7097//2539
f 7526//2537 7803//2533 7811//2525
f 7814//2530 7807//2540 7530//2530
f 7946//2541 7952//2541 61//2594
f 66//2536 7955//2526 7949//2564
f 380//2595 597//2545 934//2525
f 937//2633 601//2539 383//2535
f 1309//2537 1316//2537 1640//2537
f 1643//2530 1319//2530 1312//2530
f 2078//2635 2088//2635 2319//2635
f 2323//2636 2094//2636 2082//2636
f 2326//2525 2868//2525 2874//2525
f 2877//2526 2871//2526 2329//2578
f 2914//2537 3143//2537 3149//2537
f 3153//2530 3146//2530 2920//2526
f 3207//2541 3441//2541 3449//2541
f 3452//2539 3445//2539 3212//2539
f 3514//2637 3525//2637 3753//2637
f 3757//2638 3530//2638 3519//2638
f 3940//2555 4153//2559 4159//2559
f 4163//2530 4156//2530 3946//2530
f 4740//2555 4748//2525 4916//2525
f 4919//2530 4751//2526 4744//2575
f 4960//2525 5396//2541 5402//2567
f 5405//2592 5399//2592 4964//2539
f 5485//2525 5833//2541 5839//2541
f 5842//2539 5836//2539 5489//2540
f 5897//2525 5907//2525 6223//2537
f 6228//2628 5912//2628 5902//2628
f 6269//2541 6275//2541 6677//2525
f 6682//2526 6278//2634 6272//2536
f 7092//2525 7444//2541 7450//2541
f 7453//2539 7447//2539 7097//2539
f 7526//2537 7811//2525 7817//2537
f 7820//2540 7814//2530 7530//2530
f 7940//2541 7946//2541 61//2594
f 66//2536 7949//2564 7943//2539
f 374//2525 380//2595 934//2525
f 937//2633 383//2535 377//2526
f 1302//2566 1309//2537 1640//2537
f 1644//2530 1313//2530 1306//2530
f 2077//2541 2318//2537 2326//2525
f 2329//2578 2322//2526 2081//2526
f 2326//2525 2874//2525 2880//2525
f 2883//2526 2877//2526 2329//2578
f 2919//2537 3152//2537 3159//2537
f 3160//2526 3153//2530 2920//2526
f 3207//2541 3449//2541 3455//2541
f 3458//2539 3452//2539 3212//2539
f 3513//2537 3752//2537 3760//2537
f 3764//2530 3756//2530 3518//2530
f 3945//2525 4162//2525 4170//2525
f 4174//2530 4166//2530 3950//2530
f 4740//2555 4916//2525 4922//2537
f 4925//2530 4919//2530 4744//2575
f 4960//2525 5402//2567 5408//2525
f 5411//2592 5405//2592 4964//2539
f 5485//2525 5839//2541 5845//2541
f 5848//2526 5842//2539 5489//2540
f 5897//2525 6223//2537 6231//2525
f 6234//2530 6226//2530 5901//2530
f 6263//2541 6269//2541 6677//2525
f 6682//2526 6272//2536 6266//2526
f 7092//2525 7450//2541 7456//2525
f 7459//2539 7453//2539 7097//2539
f 7516//2537 7526//2537 7817//2537
f 7823//2530 7534//2530 7525//2530
f 7934//2541 7940//2541 61//2594
f 66//2536 7943//2539 7937//2539
f 368//2525 374//2525 934//2525
f 937//2633 377//2526 371//2526
f 1302//2566 1640//2537 1648//2525
f 1651//2530 1643//2530 1305//2530
f 2077//2541 2326//2525 2880//2525
f 2883//2526 2329//2578 2081//2526
f 2915//2552 3156//2552 3164//2552
f 3168//2539 3160//2526 2920//2526
f 3207//2541 3455//2541 3461//2541
f 3464//2539 3458//2539 3212//2539
f 3507//2537 3517//2537 3763//2537
f 3767//2530 3522//2530 3512//2530
f 3941//2541 4167//2541 4176//2541
f 4179//2526 4171//2530 3946//2526
f 4740//2555 4922//2537 4928//2537
f 4931//2526 4925//2530 4744//2575
f 4960//2525 5408//2525 5414//2596
f 5417//2592 5411//2592 4964//2539
f 5485//2525 5845//2541 5851//2541
f 5854//2540 5848//2526 5489//2540
f 5897//2525 6231//2525 6237//2537
f 6241//2540 6234//2530 5901//2530
f 6257//2541 6263//2541 6677//2525
f 6682//2526 6266//2526 6260//2526
f 7092//2525 7456//2525 7462//2533
f 7465//2539 7459//2539 7097//2539
f 7516//2537 7817//2537 7824//2537
f 7827//2530 7820//2530 7520//2530
f 7928//2541 7934//2541 61//2594
f 66//2536 7937//2539 7931//2539
f 362//2525 368//2525 934//2525
f 937//2633 371//2526 365//2526
f 1302//2566 1648//2525 1654//2541
f 1657//2530 1651//2530 1305//2530
f 2071//2541 2077//2541 2880//2525
f 2883//2526 2081//2526 2074//2540
f 3207//2541 3461//2541 3467//2541
f 3471//2539 3464//2539 3212//2539
f 3503//2537 3760//2537 3768//2537
f 3771//2526 3764//2530 3508//2575
f 4740//2555 4928//2537 4934//2537
f 4938//2526 4931//2526 4744//2575
f 4960//2525 5414//2596 5420//2541
f 5423//2592 5417//2592 4964//2539
f 5485//2525 5851//2541 5857//2541
f 5860//2539 5854//2540 5489//2540
f 5890//2639 5898//2639 6238//2639
f 6242//2640 5903//2640 5894//2640
f 6251//2541 6257//2541 6677//2525
f 6682//2526 6260//2526 6254//2526
f 7092//2525 7462//2533 7468//2541
f 7471//2539 7465//2539 7097//2539
f 7516//2537 7824//2537 7830//2537
f 7833//2530 7827//2530 7520//2530
f 7922//2541 7928//2541 61//2594
f 66//2536 7931//2539 7925//2539
f 362//2525 934//2525 940//2547
f 943//2526 937//2633 365//2526
f 1295//2525 1302//2566 1654//2541
f 1657//2530 1305//2530 1298//2530
f 2065//2541 2071//2541 2880//2525
f 2883//2526 2074//2540 2068//2539
f 3197//2537 3208//2537 3468//2537
f 3472//2540 3213//2540 3202//2540
f 3503//2537 3768//2537 3774//2537
f 3779//2641 3771//2526 3508//2575
f 4733//2642 4741//2642 4935//2642
f 4939//2643 4745//2643 4737//2643
f 4960//2525 5420//2541 5427//2525
f 5431//2526 5424//2526 4965//2526
f 5485//2525 5857//2541 5863//2541
f 5867//2539 5860//2539 5489//2540
f 5889//2533 6237//2525 6245//2541
f 6248//2526 6241//2592 5893//2540
f 6245//2541 6251//2541 6677//2525
f 6682//2526 6254//2526 6248//2526
f 7092//2525 7468//2541 7474//2541
f 7477//2539 7471//2539 7097//2539
f 7516//2537 7830//2537 7836//2537
f 7839//2530 7833//2530 7520//2530
f 7916//2644 7922//2541 61//2594
f 66//2536 7925//2539 7919//2539
f 362//2525 940//2547 946//2645
f 949//2543 943//2526 365//2526
f 1295//2525 1654//2541 1660//2537
f 1663//2530 1657//2530 1298//2530
f 2059//2541 2065//2541 2880//2525
f 2883//2526 2068//2539 2062//2539
f 3196//2525 3467//2541 3475//2525
f 3478//2539 3471//2539 3201//2526
f 3495//2551 3504//2551 3775//2551
f 3780//2526 3509//2526 3499//2526
f 4732//2541 4934//2537 4942//2567
f 4945//2592 4938//2550 4736//2526
f 4961//2525 5428//2525 5437//2525
f 5442//2530 5432//2530 4967//2530
f 5478//2581 5486//2581 5864//2581
f 5868//2600 5491//2600 5482//2600
f 5889//2533 6245//2541 6677//2525
f 6682//2526 6248//2526 5893//2540
f 7092//2525 7474//2541 7480//2541
f 7483//2539 7477//2539 7097//2539
f 7516//2537 7836//2537 7842//2537
f 7845//2530 7839//2530 7520//2530
f 7910//2549 7916//2644 61//2594
f 66//2536 7919//2539 7913//2539
f 362//2525 946//2645 952//2525
f 955//2646 949//2543 365//2526
f 1288//2525 1295//2525 1660//2537
f 1664//2575 1299//2575 1292//2575
f 2053//2525 2059//2541 2880//2525
f 2883//2526 2062//2539 2056//2526
f 3196//2525 3475//2525 3481//2525
f 3484//2539 3478//2539 3201//2526
f 3490//2559 3498//2559 3778//2559
f 3783//2530 3502//2530 3494//2530
f 4732//2541 4942//2567 4948//2567
f 4951//2526 4945//2592 4736//2526
f 5477//2541 5863//2541 5871//2541
f 5874//2539 5867//2539 5481//2539
f 5883//2533 5889//2533 6677//2525
f 6682//2526 5893//2540 5886//2540
f 7092//2525 7480//2541 7486//2541
f 7489//2539 7483//2539 7097//2539
f 7516//2537 7842//2537 7849//2537
f 7853//2540 7846//2540 7521//2540
f 7904//2541 7910//2549 61//2594
f 66//2536 7913//2539 7907//2539
f 362//2525 952//2525 958//2587
f 961//2528 955//2646 365//2526
f 1288//2525 1660//2537 1667//2537
f 1670//2530 1663//2540 1291//2558
f 2047//2525 2053//2525 2880//2525
f 2883//2526 2056//2526 2050//2526
f 3196//2525 3481//2525 3487//2541
f 3491//2526 3484//2539 3201//2526
f 3487//2541 3774//2533 3784//2537
f 3788//2530 3779//2540 3491//2526
f 4732//2541 4948//2567 4954//2541
f 4957//2539 4951//2526 4736//2526
f 5477//2541 5871//2541 5877//2525
f 5880//2526 5874//2539 5481//2539
f 5877//2525 5883//2533 6677//2525
f 6682//2526 5886//2540 5880//2526
f 7092//2525 7486//2541 7492//2541
f 7495//2539 7489//2539 7097//2539
f 7516//2537 7849//2537 7857//2533
f 7862//2530 7852//2530 7520//2530
f 7898//2541 7904//2541 61//2594
f 66//2536 7907//2539 7901//2539
f 356//2525 362//2525 958//2587
f 961//2528 365//2526 359//2526
f 1288//2525 1667//2537 1673//2537
f 1676//2526 1670//2530 1291//2558
f 2041//2531 2047//2525 2880//2525
f 2883//2526 2050//2526 2044//2526
f 3196//2525 3487//2541 3784//2537
f 3788//2530 3491//2526 3201//2526
f 5477//2541 5877//2525 6677//2525
f 6682//2526 5880//2526 5481//2539
f 7092//2525 7492//2541 7498//2541
f 7501//2539 7495//2539 7097//2539
f 7519//2533 7861//2533 7869//2533
f 7873//2530 7865//2530 7524//2530
f 7892//2541 7898//2541 61//2594
f 66//2536 7901//2539 7895//2539
f 356//2525 958//2587 964//2545
f 967//2526 961//2528 359//2526
f 1280//2559 1288//2525 1673//2537
f 1676//2526 1291//2558 1284//2616
f 2035//2587 2041//2531 2880//2525
f 2883//2526 2044//2526 2038//2526
f 3191//2567 3200//2567 3787//2567
f 3792//2592 3206//2592 3195//2592
f 5471//2541 5477//2541 6677//2525
f 6682//2526 5481//2539 5474//2539
f 7092//2525 7498//2541 7504//2541
f 7507//2526 7501//2539 7097//2539
f 7886//2541 7892//2541 61//2594
f 66//2536 7895//2539 7889//2526
f 356//2525 964//2545 970//2589
f 973//2647 967//2526 359//2526
f 1280//2559 1673//2537 1680//2537
f 1685//2526 1676//2526 1284//2616
f 2029//2533 2035//2587 2880//2525
f 2883//2526 2038//2526 2032//2526
f 3181//2525 3188//2525 3784//2537
f 3789//2526 3192//2526 3184//2526
f 5465//2541 5471//2541 6677//2525
f 6682//2526 5474//2539 5468//2539
f 7092//2525 7504//2541 7510//2541
f 7513//2526 7507//2526 7097//2539
f 7880//2541 7886//2541 61//2594
f 66//2536 7889//2526 7883//2526
f 356//2525 970//2589 976//2534
f 979//2633 973//2647 359//2526
f 1272//2566 1281//2566 1681//2566
f 1686//2592 1285//2592 1277//2592
f 2022//2533 2029//2533 2880//2525
f 2883//2526 2032//2526 2026//2526
f 3173//2537 3181//2525 3784//2537
f 3793//2530 3187//2530 3179//2530
f 5459//2525 5465//2541 6677//2525
f 6682//2526 5468//2539 5462//2526
f 7092//2525 7510//2541 7516//2541
f 7520//2526 7513//2526 7097//2539
f 7874//2525 7880//2541 61//2594
f 66//2536 7883//2526 7877//2526
f 356//2525 976//2534 982//2525
f 985//2526 979//2633 359//2526
f 1271//2525 1680//2537 1689//2525
f 1692//2530 1685//2530 1275//2530
f 2015//2533 2022//2533 2880//2525
f 2883//2526 2026//2526 2018//2597
f 3173//2537 3784//2537 3794//2537
f 3797//2530 3788//2530 3176//2530
f 5453//2525 5459//2525 6677//2525
f 6682//2526 5462//2526 5456//2540
f 7092//2525 7516//2541 7866//2525
f 7870//2526 7520//2526 7097//2539
f 7866//2525 7874//2525 61//2594
f 66//2536 7877//2526 7870//2526
f 356//2525 982//2525 988//2525
f 991//2528 985//2526 359//2526
f 1271//2525 1689//2525 1695//2541
f 1698//2530 1692//2530 1275//2530
f 2009//2555 2015//2533 2880//2525
f 2883//2526 2018//2597 2012//2575
f 3173//2537 3794//2537 3800//2525
f 3803//2530 3797//2530 3176//2530
f 5445//2525 5453//2525 6677//2525
f 6682//2526 5456//2540 5449//2540
f 7092//2525 7866//2525 61//2594
f 66//2536 7870//2526 7097//2539
f 356//2525 988//2525 994//2531
f 997//2535 991//2528 359//2526
f 1271//2525 1695//2541 1701//2567
f 1704//2530 1698//2530 1275//2530
f 2003//2525 2009//2555 2880//2525
f 2883//2526 2012//2575 2006//2530
f 3173//2537 3800//2525 3806//2541
f 3809//2530 3803//2530 3176//2530
f 5436//2573 5446//2573 6678//2573
f 6683//2526 5450//2526 5441//2526
f 6946//2541 7092//2525 61//2594
f 66//2536 7097//2539 6950//2539
f 350//2525 356//2525 994//2531
f 997//2535 359//2526 353//2526
f 1271//2525 1701//2567 1707//2567
f 1710//2530 1704//2530 1275//2530
f 1995//2525 2003//2525 2880//2525
f 2883//2526 2006//2530 1999//2578
f 3173//2537 3806//2541 3812//2537
f 3815//2530 3809//2530 3176//2530
f 5435//2525 6677//2525 6886//2525
f 6891//2578 6682//2629 5440//2575
f 6938//2541 6946//2541 61//2594
f 66//2536 6950//2539 6942//2539
f 350//2525 994//2531 1000//2587
f 1003//2532 997//2535 353//2526
f 1264//2525 1271//2525 1707//2567
f 1711//2539 1276//2539 1268//2539
f 1757//2525 1995//2525 2880//2525
f 2883//2526 1999//2578 1764//2526
f 3173//2537 3812//2537 3819//2537
f 3823//2530 3815//2530 3176//2530
f 5436//2541 6887//2541 6895//2541
f 6898//2526 6891//2578 5440//2575
f 6931//2594 6939//2594 62//2594
f 67//2526 6943//2526 6935//2526
f 350//2525 1000//2587 1006//2525
f 1009//2535 1003//2532 353//2526
f 1264//2525 1707//2567 1714//2567
f 1717//2578 1710//2530 1267//2526
f 1750//2525 1757//2525 2880//2525
f 2883//2526 1764//2526 1753//2526
f 3163//2525 3173//2537 3819//2537
f 3827//2616 3180//2616 3172//2616
f 4960//2525 5435//2567 6894//2566
f 6898//2526 5440//2575 4964//2526
f 6922//2525 6930//2525 61//2525
f 66//2526 6934//2526 6926//2526
f 350//2525 1006//2525 1012//2525
f 1015//2528 1009//2535 353//2526
f 1264//2525 1714//2567 1720//2567
f 1723//2530 1717//2578 1267//2526
f 1750//2525 2880//2525 2886//2525
f 2889//2526 2883//2526 1753//2526
f 3163//2525 3819//2537 3828//2537
f 3832//2526 3823//2530 3168//2526
f 4960//2525 6894//2566 6901//2541
f 6904//2526 6898//2526 4964//2526
f 6917//2555 6925//2555 63//2555
f 68//2575 6929//2575 6920//2575
f 350//2525 1012//2525 1018//2525
f 1021//2532 1015//2528 353//2526
f 1264//2525 1720//2567 1726//2567
f 1729//2592 1723//2530 1267//2526
f 1750//2525 2886//2525 2892//2525
f 2895//2526 2889//2526 1753//2526
f 3163//2525 3828//2537 3835//2537
f 3838//2539 3832//2526 3168//2526
f 4960//2525 6901//2541 6907//2525
f 6910//2575 6904//2526 4964//2526
f 6907//2525 6914//2525 61//2605
f 69//2592 6921//2592 6913//2592
f 350//2525 1018//2525 1024//2587
f 1027//2532 1021//2532 353//2526
f 1264//2525 1726//2567 1732//2567
f 1735//2592 1729//2592 1267//2526
f 1744//2525 1750//2525 2892//2525
f 2895//2526 1753//2526 1747//2526
f 3163//2525 3835//2537 3841//2537
f 3844//2530 3838//2539 3168//2526
f 4960//2525 6907//2525 61//2605
f 66//2546 6910//2575 4964//2526
f 344//2531 350//2525 1024//2587
f 1027//2532 353//2526 347//2528
f 1264//2525 1732//2567 1738//2567
f 1741//2592 1735//2592 1267//2526
f 1744//2525 2892//2525 2898//2525
f 2901//2526 2895//2526 1747//2526
f 3163//2525 3841//2537 3847//2537
f 3850//2530 3844//2530 3168//2526
f 4954//2541 4960//2525 61//2605
f 66//2546 4964//2526 4957//2539
f 344//2531 1024//2587 1030//2529
f 1033//2526 1027//2532 347//2528
f 1264//2525 1738//2567 1744//2525
f 1747//2526 1741//2592 1267//2526
f 1744//2525 2898//2525 2905//2525
f 2909//2526 2901//2526 1747//2526
f 3163//2525 3847//2537 3853//2537
f 3856//2530 3850//2530 3168//2526
f 4732//2541 4954//2541 61//2605
f 66//2546 4957//2539 4736//2526
f 344//2531 1030//2529 1036//2529
f 1039//2526 1033//2526 347//2528
f 1264//2525 1744//2525 2905//2525
f 2909//2526 1747//2526 1267//2526
f 3163//2525 3853//2537 3859//2537
f 3862//2530 3856//2530 3168//2526
f 4726//2556 4732//2541 61//2605
f 66//2546 4736//2526 4729//2539
f 180//2525 344//2531 1036//2529
f 1039//2526 347//2528 183//2526
f 1257//2525 1264//2525 2905//2525
f 2909//2526 1267//2526 1260//2648
f 3163//2525 3859//2537 3866//2537
f 3870//2530 3862//2530 3168//2526
f 4720//2570 4726//2556 61//2605
f 66//2546 4729//2539 4723//2539
f 180//2525 1036//2529 1042//2525
f 1045//2532 1039//2526 183//2526
f 1248//2649 1257//2525 2905//2525
f 2913//2650 1261//2651 1254//2651
f 3163//2525 3866//2537 3873//2537
f 3876//2530 3870//2530 3168//2526
f 4714//2541 4720//2570 61//2605
f 66//2546 4723//2539 4717//2539
f 61//2605 180//2525 1042//2525
f 1045//2532 183//2526 66//2546
f 1248//2649 2905//2525 2914//2525
f 2920//2526 2909//2526 1252//2539
f 3163//2525 3873//2537 3879//2537
f 3882//2530 3876//2530 3168//2526
f 4708//2541 4714//2541 61//2605
f 66//2546 4717//2539 4711//2539
f 61//2605 1042//2525 1048//2524
f 1051//2532 1045//2532 66//2546
f 1248//2649 2914//2525 3163//2525
f 3168//2539 2920//2526 1252//2539
f 3163//2525 3879//2537 3885//2537
f 3888//2530 3882//2530 3168//2526
f 4702//2541 4708//2541 61//2605
f 66//2546 4711//2539 4705//2576
f 61//2605 1048//2524 1054//2529
f 1057//2528 1051//2532 66//2546
f 1241//2652 1249//2652 3165//2652
f 3169//2653 1253//2653 1245//2653
f 3163//2525 3885//2537 3891//2525
f 3894//2526 3888//2530 3168//2526
f 4696//2534 4702//2541 61//2605
f 66//2546 4705//2576 4699//2526
f 61//2605 1054//2529 1060//2534
f 1063//2654 1057//2528 66//2546
f 1240//2549 3163//2525 3891//2525
f 3894//2526 3168//2526 1244//2526
f 4690//2534 4696//2534 61//2605
f 66//2546 4699//2526 4693//2546
f 61//2605 1060//2534 1067//2534
f 1071//2546 1063//2654 66//2546
f 1234//2549 1240//2549 3891//2525
f 3894//2526 1244//2526 1237//2564
f 4684//2534 4690//2534 61//2605
f 66//2546 4693//2546 4687//2546
f 61//2605 1067//2534 1074//2587
f 1077//2546 1071//2546 66//2546
f 1228//2563 1234//2549 3891//2525
f 3894//2526 1237//2564 1231//2526
f 4678//2556 4684//2534 61//2605
f 66//2546 4687//2546 4681//2546
f 61//2605 1074//2587 1080//2589
f 1083//2546 1077//2546 66//2546
f 1222//2525 1228//2563 3891//2525
f 3894//2526 1231//2526 1225//2527
f 4672//2570 4678//2556 61//2605
f 66//2546 4681//2546 4675//2546
f 61//2605 1080//2589 1086//2531
f 1089//2536 1083//2546 66//2546
f 1086//2531 1222//2525 3891//2525
f 3894//2526 1225//2527 1089//2536
f 4666//2534 4672//2570 61//2605
f 66//2546 4675//2546 4669//2546
f 1086//2531 3891//2525 3897//2552
f 3900//2526 3894//2526 1089//2536
f 4660//2534 4666//2534 61//2605
f 66//2546 4669//2546 4663//2576
f 1086//2531 3897//2552 3904//2525
f 3908//2526 3900//2526 1089//2536
f 4654//2534 4660//2534 61//2605
f 66//2546 4663//2576 4657//2609
f 1086//2531 3904//2525 3911//2525
f 3914//2526 3908//2526 1089//2536
f 4648//2556 4654//2534 61//2605
f 66//2546 4657//2609 4651//2546
f 1086//2531 3911//2525 3918//2525
f 3922//2526 3914//2526 1089//2536
f 4642//2556 4648//2556 61//2605
f 66//2546 4651//2546 4645//2546
f 1086//2531 3918//2525 3925//2525
f 3928//2526 3922//2526 1089//2536
f 4636//2534 4642//2556 61//2605
f 66//2546 4645//2546 4639//2546
f 1086//2531 3925//2525 3932//2525
f 3936//2526 3928//2526 1089//2536
f 4630//2534 4636//2534 61//2605
f 66//2546 4639//2546 4633//2634
f 1086//2531 3932//2525 3940//2525
f 3946//2526 3936//2526 1089//2536
f 4624//2534 4630//2534 61//2605
f 66//2546 4633//2634 4627//2576
f 1086//2531 3940//2525 4175//2525
f 4179//2526 3946//2526 1089//2536
f 4617//2655 4624//2534 61//2605
f 66//2546 4627//2576 4621//2554
f 1086//2531 4175//2525 4182//2525
f 4185//2526 4179//2526 1089//2536
f 4610//2587 4617//2655 61//2605
f 66//2546 4621//2554 4613//2554
f 1086//2531 4182//2525 4189//2525
f 4193//2526 4185//2526 1089//2536
f 4604//2551 4610//2587 61//2605
f 66//2546 4613//2554 4607//2546
f 1086//2531 4189//2525 4196//2525
f 4199//2526 4193//2526 1089//2536
f 4598//2557 4604//2551 61//2605
f 66//2546 4607//2546 4601//2526
f 1086//2531 4196//2525 4202//2525
f 4205//2526 4199//2526 1089//2536
f 4592//2534 4598//2557 61//2605
f 66//2546 4601//2526 4595//2561
f 1086//2531 4202//2525 4208//2525
f 4211//2542 4205//2526 1089//2536
f 4586//2525 4592//2534 61//2605
f 66//2546 4595//2561 4589//2561
f 1086//2531 4208//2525 4214//2525
f 4217//2656 4211//2542 1089//2536
f 4580//2557 4586//2525 61//2605
f 66//2546 4589//2561 4583//2657
f 1086//2531 4214//2525 4220//2525
f 4223//2526 4217//2656 1089//2536
f 4574//2557 4580//2557 61//2605
f 66//2546 4583//2657 4577//2526
f 1086//2531 4220//2525 4226//2541
f 4229//2528 4223//2526 1089//2536
f 4568//2658 4574//2557 61//2605
f 66//2546 4577//2526 4571//2561
f 1086//2531 4226//2541 4232//2594
f 4235//2528 4229//2528 1089//2536
f 4562//2531 4568//2658 61//2605
f 66//2546 4571//2561 4565//2657
f 1086//2531 4232//2594 4238//2541
f 4241//2539 4235//2528 1089//2536
f 4556//2525 4562//2531 61//2605
f 66//2546 4565//2657 4559//2546
f 1086//2531 4238//2541 4466//2545
f 4469//2535 4241//2539 1089//2536
f 4550//2556 4556//2525 61//2605
f 66//2546 4559//2546 4553//2561
f 1086//2531 4466//2545 4472//2525
f 4475//2526 4469//2535 1089//2536
f 4544//2529 4550//2556 61//2605
f 66//2546 4553//2561 4547//2526
f 1086//2531 4472//2525 4478//2534
f 4481//2546 4475//2526 1089//2536
f 4538//2534 4544//2529 61//2605
f 66//2546 4547//2526 4541//2576
f 61//2605 1086//2531 4478//2534
f 4481//2546 1089//2536 66//2546
f 4532//2557 4538//2534 61//2605
f 66//2546 4541//2576 4535//2561
f 61//2605 4478//2534 4484//2525
f 4487//2526 4481//2546 66//2546
f 4526//2525 4532//2557 61//2605
f 66//2546 4535//2561 4529//2526
f 61//2605 4484//2525 4490//2525
f 4493//2532 4487//2526 66//2546
f 4520//2557 4526//2525 61//2605
f 66//2546 4529//2526 4523//2561
f 61//2605 4490//2525 4496//2659
f 4499//2580 4493//2532 66//2546
f 4514//2660 4520//2557 61//2605
f 66//2546 4523//2561 4517//2569
f 61//2605 4496//2659 4502//2595
f 4505//2535 4499//2580 66//2546
f 4508//2529 4514//2660 61//2605
f 66//2546 4517//2569 4511//2580
f 61//2605 4502//2595 4508//2529
f 4511//2580 4505//2535 66//2546
f 8348//2661 8350//2661 8353//2662
f 8353//2662 8357//2663 8348//2661
f 8360//2664 8347//2664 8356//2664
f 8356//2664 8363//2665 8360//2664
f 8366//2666 8359//2667 8362//2668
f 8362//2668 8369//2668 8366//2666
f 8372//2669 8365//2669 8368//2670
f 8368//2670 8375//2671 8372//2669
f 8378//2672 8371//2673 8374//2674
f 8374//2674 8381//2674 8378//2672
f 8384//2675 8377//2675 8380//2676
f 8380//2676 8387//2676 8384//2675
f 8390//2677 8383//2678 8386//2679
f 8386//2679 8393//2680 8390//2677
f 8396//2681 8389//2682 8392//2683
f 8392//2683 8399//2683 8396//2681
f 8401//125 8395//2684 8398//124
f 8398//124 8404//2685 8401//125
f 8407//2686 8402//2687 8405//2688
f 8405//2688 8410//2689 8407//2686
f 8413//2690 8408//2691 8411//2692
f 8411//2692 8416//2693 8413//2690
f 8419//2694 8414//2694 8417//2695
f 8417//2695 8422//2695 8419//2694
f 8427//2696 8420//2696 8424//2696
f 8423//2697 8430//2697 8426//2697
f 8435//2698 8428//2698 8431//2698
f 8432//2699 8439//2699 8436//2699
f 8442//2700 8434//2700 8438//2700
f 8438//2700 8445//2700 8442//2700
f 8448//2701 8441//2701 8444//2702
f 8444//2702 8451//2703 8448//2701
f 8454//2704 8447//2704 8450//2704
f 8450//2704 8457//2704 8454//2704
f 8460//2705 8453//2705 8456//2706
f 8456//2706 8463//2706 8460//2705
f 8466//2707 8459//2707 8462//2707
f 8462//2707 8469//2707 8466//2707
f 8472//2708 8465//2708 8468//2709
f 8468//2709 8475//2709 8472//2708
f 8478//2710 8471//2710 8474//2711
f 8474//2711 8481//2712 8478//2710
f 8484//2713 8477//2713 8480//2713
f 8480//2713 8487//2713 8484//2713
f 8490//2714 8483//2714 8486//2715
f 8486//2715 8493//2715 8490//2714
f 8496//2716 8489//2716 8492//2717
f 8492//2717 8499//2717 8496//2716
f 8502//2718 8495//2719 8498//2718
f 8498//2718 8505//2718 8502//2718
f 8508//2720 8501//2721 8504//2720
f 8504//2720 8511//2720 8508//2720
f 8514//2722 8507//2722 8510//2723
f 8510//2723 8517//2724 8514//2722
f 8520//209 8513//2725 8516//209
f 8516//209 8523//2726 8520//209
f 8526//2727 8519//2727 8522//2728
f 8522//2728 8529//2729 8526//2727
f 8532//2730 8525//2731 8528//2732
f 8528//2732 8535//2733 8532//2730
f 8538//2734 8531//2734 8534//2734
f 8534//2734 8541//2734 8538//2734
f 8544//2735 8537//2735 8540//2736
f 8540//2736 8547//2737 8544//2735
f 8550//2738 8543//2738 8546//2739
f 8546//2739 8553//2739 8550//2738
f 8556//2740 8549//2740 8552//2741
f 8552//2741 8559//2742 8556//2740
f 8562//2743 8555//2744 8558//2745
f 8558//2745 8565//2745 8562//2743
f 8568//2746 8561//2747 8564//2748
f 8564//2748 8571//2749 8568//2746
f 8573//2750 8567//2750 8570//2751
f 8570//2751 8576//2751 8573//2750
f 8579//2752 8574//2753 8577//2752
f 8577//2752 8582//2754 8579//2752
f 8585//2755 8580//2755 8583//2756
f 8583//2756 8588//2756 8585//2755
f 8591//2757 8586//2757 8589//2758
f 8589//2758 8594//2759 8591//2757
f 8597//45 8592//45 8595//45
f 8595//45 8600//45 8597//45
f 8603//2760 8598//2761 8601//2762
f 8601//2762 8606//126 8603//2760
f 8609//2763 8604//2763 8607//2764
f 8607//2764 8612//2764 8609//2763
f 8615//2765 8610//2766 8613//2767
f 8613//2767 8618//2767 8615//2765
f 8621//2768 8616//2769 8619//2770
f 8619//2770 8624//2768 8621//2768
f 8627//2771 8622//2771 8625//2772
f 8625//2772 8630//2772 8627//2771
f 8633//2773 8628//2773 8631//2774
f 8631//2774 8636//2775 8633//2773
f 8639//2776 8634//2776 8637//2777
f 8637//2777 8642//2778 8639//2776
f 8645//2779 8640//2779 8643//2780
f 8643//2780 8648//2780 8645//2779
f 8651//2781 8646//2782 8649//2783
f 8649//2783 8654//2783 8651//2781
f 8657//2784 8652//2784 8655//2785
f 8655//2785 8660//2786 8657//2784
f 8663//2787 8658//2787 8661//2788
f 8661//2788 8666//2788 8663//2787
f 8669//2789 8664//2789 8667//2790
f 8667//2790 8672//2790 8669//2789
f 8675//2791 8670//2791 8673//2791
f 8673//2791 8678//2791 8675//2791
f 8681//2792 8676//2792 8679//2792
f 8679//2792 8684//2792 8681//2792
f 8687//2793 8682//2793 8685//2794
f 8685//2794 8690//2794 8687//2793
f 8693//2795 8688//2795 8691//2796
f 8691//2796 8696//2796 8693//2795
f 8700//1646 8694//1646 8697//1646
f 8697//1646 8703//1646 8700//1646
f 8706//2797 8699//2797 8702//2798
f 8702//2798 8709//2798 8706//2797
f 8712//2799 8705//2799 8708//2799
f 8708//2799 8715//2799 8712//2799
f 8718//2800 8711//2800 8714//2801
f 8714//2801 8721//2801 8718//2800
f 8724//2802 8717//2803 8720//2804
f 8720//2804 8727//2803 8724//2802
f 8729//2805 8723//2805 8726//2805
f 8726//2805 8732//2805 8729//2805
f 8735//2806 8730//2806 8733//2807
f 8733//2807 8738//2807 8735//2806
f 8741//2808 8736//2809 8739//2808
f 8739//2808 8744//2809 8741//2808
f 8747//2810 8742//2811 8745//2810
f 8745//2810 8750//2812 8747//2810
f 8753//2813 8748//2813 8751//2813
f 8751//2813 8756//2813 8753//2813
f 8759//2814 8754//2815 8757//2816
f 8757//2816 8762//2816 8759//2814
f 8765//2817 8760//2817 8763//2817
f 8763//2817 8768//2817 8765//2817
f 8771//2818 8766//2818 8769//2819
f 8769//2819 8774//2820 8771//2818
f 8777//2821 8772//2821 8775//2822
f 8775//2822 8780//2822 8777//2821
f 8783//2823 8778//2823 8781//2823
f 8781//2823 8786//2823 8783//2823
f 8789//2824 8784//2824 8787//2824
f 8787//2824 8792//2824 8789//2824
f 8796//2825 8790//2825 8793//2826
f 8793//2826 8799//2826 8796//2825
f 8802//2827 8795//2827 8798//2827
f 8798//2827 8805//2827 8802//2827
f 8808//2828 8801//2828 8804//2829
f 8804//2829 8811//2829 8808//2828
f 8814//2830 8807//2830 8810//2831
f 8810//2831 8817//2831 8814//2830
f 8820//2832 8813//2833 8816//2834
f 8816//2834 8823//2834 8820//2832
f 8826//2835 8819//2835 8822//2835
f 8822//2835 8829//2835 8826//2835
f 8832//2836 8825//2836 8828//2837
f 8828//2837 8835//2837 8832//2836
f 8838//2838 8831//2838 8834//2839
f 8834//2839 8841//2838 8838//2838
f 8844//2840 8837//2840 8840//2841
f 8840//2841 8847//2841 8844//2840
f 8850//2842 8843//2842 8846//2842
f 8846//2842 8853//2842 8850//2842
f 8856//2843 8849//2843 8852//2843
f 8852//2843 8859//2843 8856//2843
f 8862//2844 8855//2845 8858//307
f 8858//307 8865//306 8862//2844
f 8868//2846 8861//2846 8864//2846
f 8864//2846 8871//2846 8868//2846
f 8874//2847 8867//2847 8870//2848
f 8870//2848 8877//2848 8874//2847
f 8879//2849 8873//2850 8876//2851
f 8876//2851 8882//2849 8879//2849
f 8885//2852 8880//2853 8883//2854
f 8883//2854 8888//2852 8885//2852
f 8891//2855 8886//2855 8889//2856
f 8889//2856 8894//2857 8891//2855
f 8897//2858 8892//2858 8895//2858
f 8895//2858 8900//2858 8897//2858
f 8903//2859 8898//2859 8901//2860
f 8901//2860 8906//2860 8903//2859
f 8910//2861 8904//2861 8907//2861
f 8908//2862 8914//2862 8911//2862
f 8917//2863 8912//2863 8915//2864
f 8915//2864 8920//2865 8917//2863
f 8923//2866 8918//2866 8921//2867
f 8921//2867 8926//2867 8923//2866
f 8929//2868 8924//2868 8927//2869
f 8927//2869 8932//2869 8929//2868
f 8935//2870 8930//2870 8933//2870
f 8933//2870 8938//2870 8935//2870
f 8941//2871 8936//2871 8939//2871
f 8939//2871 8944//2871 8941//2871
f 8948//2872 8942//2872 8945//2872
f 8946//2873 8952//2873 8949//2873
f 8955//2874 8950//2874 8953//2875
f 8953//2875 8958//2875 8955//2874
f 8961//2876 8956//2876 8959//2876
f 8959//2876 8964//2876 8961//2876
f 8967//2877 8962//2877 8965//2877
f 8965//2877 8970//2877 8967//2877
f 8975//2878 8968//2878 8971//2878
f 8972//2879 8980//2879 8976//2879
f 8984//2880 8977//2881 8981//2882
f 8981//2882 8988//2882 8984//2880
f 8991//2883 8985//2883 8989//2883
f 8989//2883 8994//2883 8991//2883
f 8997//2884 8992//2884 8995//2884
f 8995//2884 9000//2884 8997//2884
f 9005//2885 8998//2885 9001//2885
f 9001//2885 9009//2885 9005//2885
f 9013//1632 9006//2886 9010//1632
f 9010//1632 9017//2887 9013//1632
f 9022//2888 9014//2888 9018//2889
f 9018//2889 9027//2889 9022//2888
f 9031//594 9023//594 9028//591
f 9028//591 9036//592 9031//594
f 9039//2890 9032//2890 9037//2890
f 9037//2890 9043//2890 9039//2890
f 9046//2891 9040//2891 9044//2891
f 9044//2891 9049//2891 9046//2891
f 9053//2892 9047//2892 9050//2892
f 9051//2892 9057//2892 9054//2892
f 9060//2893 9055//2893 9058//2893
f 9058//2893 9063//2893 9060//2893
f 9066//1551 9061//2894 9064//1823
f 9064//1823 9069//1823 9066//1551
f 9072//2895 9067//2896 9070//2897
f 9070//2897 9075//2898 9072//2895
f 9079//2899 9073//2899 9076//2899
f 9076//2899 9082//2899 9079//2899
f 9085//2900 9078//2900 9081//2901
f 9081//2901 9088//2902 9085//2900
f 9091//2903 9084//2903 9087//1461
f 9087//1461 9095//1463 9091//2903
f 9098//2904 9090//2904 9093//2904
f 9094//2904 9103//2904 9099//2904
f 9107//425 9097//425 9102//425
f 9101//425 9110//425 9106//425
f 9113//2905 9105//2906 9109//2907
f 9109//2907 9116//2908 9113//2905
f 9119//2909 9112//2909 9115//2909
f 9115//2909 9122//2909 9119//2909
f 9125//2910 9118//2911 9121//2912
f 9121//2912 9128//2912 9125//2910
f 9131//2913 9124//2914 9127//2915
f 9127//2915 9134//2913 9131//2913
f 9137//2916 9130//2916 9133//2916
f 9133//2916 9140//2916 9137//2916
f 9143//2917 9136//2917 9139//2917
f 9139//2917 9146//2917 9143//2917
f 9149//2918 9142//2918 9145//2918
f 9145//2918 9152//2919 9149//2918
f 9155//2920 9148//2921 9151//2920
f 9151//2920 9158//2920 9155//2920
f 9161//1470 9154//1470 9157//2922
f 9157//2922 9164//2922 9161//1470
f 9167//1830 9160//1830 9163//2923
f 9163//2923 9170//2923 9167//1830
f 9173//2924 9166//2925 9169//1528
f 9169//1528 9177//479 9173//2924
f 9181//2926 9172//2926 9176//2926
f 9175//2927 9184//2927 9180//2927
f 9187//2928 9179//2929 9183//2930
f 9183//2930 9190//2929 9187//2928
f 9193//2931 9186//2931 9189//2932
f 9189//2932 9196//2932 9193//2931
f 9199//2933 9192//2934 9195//2935
f 9195//2935 9202//2936 9199//2933
f 9205//2937 9198//2937 9201//2937
f 9201//2937 9208//2937 9205//2937
f 9211//2938 9204//2938 9207//2939
f 9207//2939 9214//2940 9211//2938
f 9217//2941 9210//2941 9213//2942
f 9213//2942 9220//2942 9217//2941
f 9222//2943 9216//2943 9219//2943
f 9219//2943 9225//2943 9222//2943
f 9228//2944 9223//2945 9226//2946
f 9226//2946 9231//2946 9228//2944
f 9234//2947 9229//2948 9232//2949
f 9232//2949 9237//2950 9234//2947
f 9240//2951 9235//2951 9238//2951
f 9238//2951 9243//2951 9240//2951
f 9246//2952 9241//2952 9244//2953
f 9244//2953 9249//2954 9246//2952
f 9252//2955 9247//2956 9250//2957
f 9250//2957 9255//2957 9252//2955
f 9261//2958 9253//2958 9257//2958
f 9256//2959 9264//2959 9260//2959
f 9267//554 9259//554 9263//554
f 9263//554 9270//554 9267//554
f 9273//2960 9266//2960 9269//2961
f 9269//2961 9276//2962 9273//2960
f 9279//2963 9272//2963 9275//2964
f 9275//2964 9282//2965 9279//2963
f 9284//2966 9278//2966 9281//2966
f 9281//2966 9287//2966 9284//2966
f 9290//2967 9285//2967 9288//2967
f 9288//2967 9293//2967 9290//2967
f 9298//2968 9291//2968 9295//2968
f 9294//2968 9301//2968 9297//2968
f 9304//2969 9299//2970 9302//2971
f 9302//2971 9307//2972 9304//2969
f 9310//2973 9305//2973 9308//755
f 9308//755 9313//755 9310//2973
f 9316//2974 9311//2974 9314//2974
f 9314//2974 9319//2974 9316//2974
f 9322//2975 9317//2975 9320//2976
f 9320//2976 9325//2977 9322//2975
f 9328//2978 9323//2978 9326//2978
f 9326//2978 9331//2978 9328//2978
f 9334//2979 9329//2979 9332//2980
f 9332//2980 9337//2981 9334//2979
f 9340//2982 9335//2983 9338//2983
f 9338//2983 9343//2984 9340//2982
f 9346//2985 9341//2985 9344//2986
f 9344//2986 9349//1549 9346//2985
f 9352//2987 9347//2987 9350//2987
f 9350//2987 9355//2987 9352//2987
f 9359//2988 9353//2989 9356//417
f 9356//417 9363//417 9359//2988
f 9367//359 9360//359 9364//359
f 9364//359 9371//359 9367//359
f 9375//2990 9368//360 9372//359
f 9372//359 9378//359 9375//2990
f 9383//2991 9374//2992 9377//2894
f 9377//2894 9388//2894 9383//2991
f 9390//2993 9382//2994 9387//2995
f 9387//2995 9392//2996 9390//2993
f 9395//2997 9390//2993 9392//2996
f 9392//2996 9399//2998 9395//2997
f 9406//2999 9396//2999 9400//2999
f 9401//3000 9414//3000 9407//3000
f 9417//3001 9408//3001 9415//3001
f 9415//3001 9420//3002 9417//3001
f 9425//3003 9418//3003 9421//3004
f 9421//3004 9430//3005 9425//3003
f 9433//1544 9426//1544 9431//1544
f 9431//1544 9436//1544 9433//1544
f 9441//3006 9434//3006 9437//3006
f 9437//3006 9445//3006 9441//3006
f 9448//3007 9440//3007 9444//3008
f 9444//3008 9451//3008 9448//3007
f 9455//2896 9447//2896 9450//2896
f 9450//2896 9459//2896 9455//2896
f 9462//3009 9454//3009 9458//3010
f 9458//3010 9466//3010 9462//3009
f 9471//3011 9461//3011 9465//3011
f 9464//3012 9475//3012 9470//3012
f 9478//1632 9469//1632 9474//1631
f 9474//1631 9481//1631 9478//1632
f 9484//3013 9477//3014 9480//3015
f 9480//3015 9487//3016 9484//3013
f 9490//3017 9483//3018 9486//3017
f 9486//3017 9493//3017 9490//3017
f 9497//3019 9489//3019 9492//3019
f 9492//3019 9501//3019 9497//3019
f 9504//3020 9496//3021 9500//3022
f 9500//3022 9507//3023 9504//3020
f 9512//3024 9503//3025 9506//3026
f 9506//3026 9517//3027 9512//3024
f 9520//3028 9511//3028 9516//3029
f 9516//3029 9523//3030 9520//3028
f 9526//3031 9519//3031 9522//3031
f 9522//3031 9530//3031 9526//3031
f 9534//3032 9527//3032 9531//3032
f 9532//3032 9538//3032 9535//3032
f 9541//3033 9536//3034 9539//3035
f 9539//3035 9544//3033 9541//3033
f 9547//3036 9542//3036 9545//3036
f 9545//3036 9550//3037 9547//3036
f 9553//3038 9548//3039 9551//3040
f 9551//3040 9556//3041 9553//3038
f 9559//704 9554//704 9557//704
f 9557//704 9562//704 9559//704
f 9565//3042 9560//3042 9563//3042
f 9563//3042 9568//3042 9565//3042
f 9571//3043 9566//3043 9569//3043
f 9569//3043 9574//3043 9571//3043
f 9578//3044 9572//3044 9575//3044
f 9575//3044 9582//3044 9578//3044
f 9588//3045 9579//3045 9583//3045
f 9583//3045 9594//3045 9588//3045
f 9598//3046 9589//3046 9595//3046
f 9595//3046 9602//3046 9598//3046
f 9605//3047 9599//3047 9603//3047
f 9603//3047 9608//3047 9605//3047
f 9611//3048 9606//3048 9609//3048
f 9609//3048 9614//3048 9611//3048
f 9617//3049 9612//3049 9615//3049
f 9615//3049 9620//3049 9617//3049
f 9623//1554 9618//1554 9621//1554
f 9621//1554 9626//1554 9623//1554
f 9629//3050 9624//3050 9627//3050
f 9627//3050 9632//3050 9629//3050
f 9635//3051 9630//3051 9633//3051
f 9633//3051 9638//3051 9635//3051
f 9641//3052 9636//3053 9639//2895
f 9639//2895 9644//3054 9641//3052
f 9648//2988 9642//2988 9645//3055
f 9645//3055 9651//3055 9648//2988
f 9654//3056 9647//3056 9650//3057
f 9650//3057 9657//3058 9654//3056
f 9660//3059 9653//3060 9656//3061
f 9656//3061 9663//3059 9660//3059
f 9666//3062 9659//3062 9662//3062
f 9662//3062 9669//3063 9666//3062
f 9672//3064 9665//3065 9668//3066
f 9668//3066 9676//3067 9672//3064
f 9679//3068 9671//3068 9674//3068
f 9675//3069 9683//3069 9680//3069
f 9686//3070 9678//3070 9682//642
f 9682//642 9689//642 9686//3070
f 9692//3071 9685//3071 9688//3072
f 9688//3072 9695//3073 9692//3071
f 9698//3074 9691//3075 9694//3074
f 9694//3074 9701//3075 9698//3074
f 9704//3076 9697//3076 9700//3077
f 9700//3077 9707//3077 9704//3076
f 9711//3078 9703//3078 9706//3078
f 9706//3078 9715//3078 9711//3078
f 9720//3079 9710//3079 9714//3079
f 9714//3079 9725//3079 9720//3079
f 9729//3080 9719//3080 9724//3080
f 9724//3080 9733//3080 9729//3080
f 9736//3081 9728//3081 9732//3081
f 9732//3081 9740//3081 9736//3081
f 9743//3082 9735//3082 9739//3083
f 9739//3083 9747//3083 9743//3082
f 9750//3084 9742//3085 9746//3085
f 9746//3085 9753//3086 9750//3084
f 9756//3087 9749//3087 9752//3087
f 9752//3087 9759//3087 9756//3087
f 9762//3088 9755//3088 9758//3088
f 9758//3088 9765//3088 9762//3088
f 9768//3089 9761//3089 9764//3089
f 9764//3089 9771//3089 9768//3089
f 9774//3090 9767//3091 9770//3092
f 9770//3092 9777//3092 9774//3090
f 9780//3093 9773//2930 9776//3094
f 9776//3094 9783//3095 9780//3093
f 9786//3096 9779//3097 9782//3098
f 9782//3098 9789//3098 9786//3096
f 9792//3099 9785//3099 9788//3099
f 9788//3099 9795//3099 9792//3099
f 9797//3100 9791//3100 9794//3100
f 9794//3100 9800//3100 9797//3100
f 9805//3101 9798//3101 9802//3101
f 9801//3102 9808//3102 9804//3102
f 9811//3103 9806//3103 9809//3104
f 9809//3104 9814//3105 9811//3103
f 9817//3106 9812//3107 9815//3108
f 9815//3108 9820//3109 9817//3106
f 9823//3110 9818//3110 9821//3111
f 9821//3111 9826//3111 9823//3110
f 9829//3112 9824//3113 9827//3113
f 9827//3113 9832//3114 9829//3112
f 9836//3115 9830//3116 9833//3115
f 9833//3115 9839//3117 9836//3115
f 9842//3118 9835//3118 9838//3118
f 9838//3118 9845//3118 9842//3118
f 9848//3119 9841//3119 9844//3119
f 9844//3119 9851//3119 9848//3119
f 9854//3120 9847//3120 9850//3120
f 9850//3120 9857//3120 9854//3120
f 9859//3121 9853//3121 9856//3121
f 9856//3121 9862//3121 9859//3121
f 9865//3122 9860//3122 9863//3122
f 9863//3122 9869//3122 9865//3122
f 9873//3123 9866//3124 9870//3125
f 9870//3125 9877//3125 9873//3123
f 9880//3126 9874//3127 9878//3126
f 9878//3126 9883//3126 9880//3126
f 9887//3128 9881//3129 9884//3129
f 9884//3129 9891//3128 9887//3128
f 9894//3130 9888//3130 9892//3130
f 9892//3130 9897//3130 9894//3130
f 9901//701 9895//701 9898//701
f 9898//701 9904//701 9901//701
f 9907//1537 9900//2917 9903//3131
f 9903//3131 9910//3131 9907//1537
f 9913//3132 9906//3132 9909//3133
f 9909//3133 9916//3133 9913//3132
f 9919//3134 9912//3134 9915//3134
f 9915//3134 9922//3134 9919//3134
f 9925//3135 9918//3135 9921//3135
f 9921//3135 9928//3135 9925//3135
f 9931//3136 9924//3136 9927//3136
f 9927//3136 9934//3136 9931//3136
f 9937//3137 9930//3137 9933//3138
f 9933//3138 9940//3139 9937//3137
f 9943//3140 9936//3140 9939//3141
f 9939//3141 9947//3141 9943//3140
f 9951//3142 9942//3142 9946//3142
f 9945//3143 9954//3143 9950//3143
f 9957//3144 9949//3144 9953//3145
f 9953//3145 9960//3145 9957//3144
f 9963//3146 9956//3146 9959//3146
f 9959//3146 9966//3146 9963//3146
f 9969//3147 9962//3148 9965//3148
f 9965//3148 9972//3148 9969//3147
f 9975//3149 9968//3149 9971//3150
f 9971//3150 9978//3151 9975//3149
f 9981//3152 9974//3152 9977//3152
f 9977//3152 9985//3152 9981//3152
f 9988//3153 9980//3153 9983//3153
f 9984//3153 9992//3153 9989//3153
f 9995//3154 9987//3154 9991//3154
f 9991//3154 9998//3154 9995//3154
f 10000//3155 9994//3156 9997//3157
f 9997//3157 10003//3157 10000//3155
f 10006//3158 10001//3158 10004//3158
f 10004//3158 10009//3158 10006//3158
f 10012//3159 10007//3159 10010//3159
f 10010//3159 10015//3159 10012//3159
f 10018//3160 10013//3161 10016//3162
f 10016//3162 10021//3163 10018//3160
f 10024//3164 10019//3165 10022//3166
f 10022//3166 10027//3166 10024//3164
f 10031//3167 10025//3167 10028//3167
f 10028//3167 10034//3167 10031//3167
f 10037//3168 10030//3168 10033//3168
f 10033//3168 10040//3169 10037//3168
f 10043//3170 10036//3171 10039//3172
f 10039//3172 10046//3172 10043//3170
f 10049//3173 10042//3173 10045//3173
f 10045//3173 10052//3173 10049//3173
f 10054//3174 10048//3174 10051//3174
f 10051//3174 10057//3174 10054//3174
f 10060//3175 10055//3176 10058//3176
f 10058//3176 10063//3177 10060//3175
f 10066//3178 10061//3178 10064//3179
f 10064//3179 10069//3179 10066//3178
f 10072//3180 10067//3180 10070//3180
f 10070//3180 10076//3180 10072//3180
f 10080//3181 10073//3181 10077//3181
f 10078//3181 10085//3181 10081//3181
f 10089//3182 10082//3182 10086//3182
f 10086//3182 10093//3182 10089//3182
f 10097//3183 10090//3183 10094//3184
f 10094//3184 10101//3184 10097//3183
f 10104//3185 10098//3185 10102//3185
f 10102//3185 10107//3185 10104//3185
f 10110//3186 10105//3186 10108//3186
f 10108//3186 10113//3186 10110//3186
f 10116//1453 10111//1453 10114//1453
f 10114//1453 10119//1453 10116//1453
f 10122//3187 10117//3187 10120//3187
f 10120//3187 10125//3187 10122//3187
f 10128//3188 10123//3188 10126//3189
f 10126//3189 10131//1796 10128//3188
f 10134//3190 10129//3190 10132//3190
f 10132//3190 10137//3190 10134//3190
f 10141//3191 10135//3191 10138//3191
f 10139//3192 10145//3192 10142//3192
f 10148//1628 10143//1628 10146//1628
f 10146//1628 10151//1628 10148//1628
f 10155//3193 10149//3193 10152//3193
f 10152//3193 10159//3193 10155//3193
f 10163//3194 10154//3194 10158//3194
f 10157//3195 10166//3195 10162//3195
f 10169//3196 10161//3197 10165//3198
f 10165//3198 10172//3198 10169//3196
f 10175//583 10168//583 10171//2981
f 10171//2981 10178//3199 10175//583
f 10181//580 10174//3200 10177//581
f 10177//581 10184//581 10181//580
f 10187//3201 10180//3201 10183//3201
f 10183//3201 10190//3201 10187//3201
f 10193//1561 10186//1561 10189//1561
f 10189//1561 10196//1561 10193//1561
f 10199//3202 10192//3203 10195//3203
f 10195//3203 10202//3204 10199//3202
f 10205//3205 10198//3205 10201//3205
f 10201//3205 10208//3205 10205//3205
f 10211//3206 10204//3206 10207//3207
f 10207//3207 10214//3207 10211//3206
f 10217//3208 10210//3209 10213//3209
f 10213//3209 10220//3209 10217//3208
f 10223//1446 10216//3210 10219//1446
f 10219//1446 10226//1446 10223//1446
f 10229//3211 10222//3212 10225//3213
f 10225//3213 10232//3214 10229//3211
f 10235//3215 10228//3215 10231//3215
f 10231//3215 10239//3215 10235//3215
f 10242//3216 10234//3216 10237//3216
f 10238//3217 10246//3217 10243//3217
f 10249//3218 10241//3219 10245//3220
f 10245//3220 10252//3221 10249//3218
f 10255//3222 10248//3223 10251//3222
f 10251//3222 10258//3222 10255//3222
f 10260//3224 10254//3225 10257//3226
f 10257//3226 10263//3227 10260//3224
f 10266//3228 10261//3229 10264//3230
f 10264//3230 10269//3231 10266//3228
f 10272//3232 10267//3232 10270//3232
f 10270//3232 10275//3232 10272//3232
f 10278//3233 10273//3233 10276//3233
f 10276//3233 10281//3233 10278//3233
f 10284//3234 10279//3235 10282//3234
f 10282//3234 10287//3234 10284//3234
f 10290//3236 10285//3237 10288//3238
f 10288//3238 10293//3238 10290//3236
f 10297//3239 10291//3239 10294//3239
f 10294//3239 10300//3239 10297//3239
f 10303//3240 10296//3241 10299//3242
f 10299//3242 10306//3243 10303//3240
f 10309//3244 10302//3244 10305//3244
f 10305//3244 10315//3244 10309//3244
f 10321//3245 10308//3245 10314//3245
f 10313//3245 10325//3245 10320//3245
f 10328//3246 10319//3246 10324//3247
f 10324//3247 10333//3248 10328//3246
f 10336//3249 10327//3249 10332//3250
f 10332//3250 10340//3251 10336//3249
f 10343//3252 10335//3252 10339//3252
f 10339//3252 10346//3252 10343//3252
f 10349//3253 10342//3253 10345//3253
f 10345//3253 10352//3253 10349//3253
f 10355//3254 10348//3254 10351//3255
f 10351//3255 10358//3255 10355//3254
f 10361//3256 10354//3256 10357//3256
f 10357//3256 10364//3256 10361//3256
f 10367//3257 10360//3257 10363//3258
f 10363//3258 10370//3259 10367//3257
f 10373//3260 10366//3260 10369//3261
f 10369//3261 10377//3261 10373//3260
f 10380//3262 10372//3262 10375//3262
f 10376//3262 10384//3262 10381//3262
f 10386//3263 10379//3263 10383//3264
f 10383//3264 10389//3264 10386//3263
f 10392//3265 10387//3265 10390//3266
f 10390//3266 10395//3267 10392//3265
f 10398//3268 10393//3269 10396//3270
f 10396//3270 10401//3270 10398//3268
f 10404//3271 10399//3271 10402//3271
f 10402//3271 10407//3271 10404//3271
f 10410//3272 10405//3272 10408//3272
f 10408//3272 10413//3272 10410//3272
f 10416//3273 10411//3274 10414//3275
f 10414//3275 10419//3276 10416//3273
f 10422//3277 10417//3278 10420//3277
f 10420//3277 10425//3278 10422//3277
f 10428//3279 10423//3279 10426//3279
f 10426//3279 10431//3279 10428//3279
f 10434//3280 10429//3280 10432//3280
f 10432//3280 10437//3280 10434//3280
f 10440//3281 10435//3281 10438//3282
f 10438//3282 10443//3282 10440//3281
f 10448//3283 10441//3283 10445//3283
f 10444//3283 10451//3283 10447//3283
f 10455//3284 10449//3284 10452//3284
f 10453//3285 10459//3285 10456//3285
f 10462//3286 10457//3287 10460//3288
f 10460//3288 10465//3288 10462//3286
f 10469//3289 10463//3289 10466//3289
f 10467//3289 10473//3289 10470//3289
f 10476//3290 10471//3290 10474//3290
f 10474//3290 10479//3291 10476//3290
f 10482//3292 10477//3292 10480//3292
f 10480//3292 10485//3292 10482//3292
f 10490//3293 10483//3293 10487//3293
f 10486//3294 10493//3294 10489//3294
f 10496//3295 10491//3295 10494//3295
f 10494//3295 10499//3295 10496//3295
f 10502//3296 10497//3296 10500//3297
f 10500//3297 10505//3297 10502//3296
f 10508//3298 10503//3298 10506//3299
f 10506//3299 10511//3300 10508//3298
f 10514//3301 10509//3301 10512//3302
f 10512//3302 10517//3302 10514//3301
f 10520//3303 10515//3303 10518//3303
f 10518//3303 10523//3303 10520//3303
f 10526//3304 10521//3304 10524//3304
f 10524//3304 10529//3304 10526//3304
f 10532//3305 10527//3305 10530//3305
f 10530//3305 10535//3305 10532//3305
f 10538//3306 10533//3307 10536//3307
f 10536//3307 10541//3308 10538//3306
f 10544//3309 10539//3310 10542//3310
f 10542//3310 10547//3311 10544//3309
f 10550//3312 10545//3312 10548//3313
f 10548//3313 10553//3313 10550//3312
f 10556//3314 10551//3314 10554//3314
f 10554//3314 10559//3315 10556//3314
f 10562//3316 10557//3316 10560//3317
f 10560//3317 10565//3318 10562//3316
f 10568//3319 10563//3319 10566//3319
f 10566//3319 10571//3319 10568//3319
f 10574//3320 10569//3320 10572//3321
f 10572//3321 10577//3322 10574//3320
f 10581//3323 10575//3323 10578//3323
f 10579//3323 10585//3323 10582//3323
f 10588//3324 10583//3324 10586//3324
f 10586//3324 10591//3324 10588//3324
f 10594//3325 10589//3325 10592//3325
f 10592//3325 10597//3326 10594//3325
f 10600//3327 10595//3328 10598//3327
f 10598//3327 10603//3327 10600//3327
f 10607//3329 10601//3329 10604//3329
f 10604//3329 10610//3329 10607//3329
f 10613//3330 10606//3331 10609//3332
f 10609//3332 10616//3332 10613//3330
f 10619//3333 10612//962 10615//895
f 10615//895 10622//963 10619//3333
f 10625//3334 10618//3334 10621//3334
f 10621//3334 10628//3334 10625//3334
f 10632//3335 10624//3335 10627//3335
f 10627//3335 10637//3335 10632//3335
f 10640//3336 10631//3336 10636//1047
f 10636//1047 10643//1047 10640//3336
f 10646//3337 10639//3337 10642//3337
f 10642//3337 10649//3337 10646//3337
f 10652//3338 10645//3339 10648//3340
f 10648//3340 10656//3341 10652//3338
f 10659//3342 10651//3342 10654//3342
f 10655//3343 10663//3343 10660//3343
f 10666//3344 10658//3344 10662//2311
f 10662//2311 10669//951 10666//3344
f 10672//3345 10665//3346 10668//3347
f 10668//3347 10675//948 10672//3345
f 10677//3348 10671//3348 10674//3349
f 10674//3349 10680//3350 10677//3348
f 10683//3351 10678//3352 10681//3353
f 10681//3353 10686//3353 10683//3351
f 10689//3354 10684//3354 10687//3354
f 10687//3354 10692//3354 10689//3354
f 10695//3355 10690//3355 10693//3355
f 10693//3355 10698//3355 10695//3355
f 10702//3356 10696//3356 10699//3357
f 10699//3357 10706//3357 10702//3356
f 10711//3358 10703//3358 10707//3358
f 10707//3358 10714//3358 10711//3358
f 10718//3359 10712//3360 10715//3359
f 10715//3359 10722//3359 10718//3359
f 10727//3361 10719//3361 10723//3361
f 10723//3361 10732//3361 10727//3361
f 10737//3362 10726//3362 10731//3362
f 10730//3362 10741//3362 10736//3362
f 10745//1341 10735//1341 10739//1341
f 10740//3363 10750//3363 10746//3363
f 10753//3364 10744//3365 10749//3366
f 10749//3366 10757//3367 10753//3364
f 10760//3368 10752//3368 10756//3368
f 10756//3368 10763//3368 10760//3368
f 10766//1198 10759//3369 10762//3370
f 10762//3370 10769//3371 10766//1198
f 10772//3372 10765//3373 10768//3374
f 10768//3374 10775//3375 10772//3372
f 10778//3376 10771//3377 10774//3377
f 10774//3377 10781//3377 10778//3376
f 10784//3378 10777//3378 10780//3378
f 10780//3378 10787//3378 10784//3378
f 10789//3379 10783//3380 10786//3381
f 10786//3381 10791//3382 10789//3379
f 10793//3383 10789//3379 10791//3382
f 10791//3382 10795//3382 10793//3383
f 10797//3384 10793//3383 10795//3382
f 10795//3382 10800//3384 10797//3384
f 10803//3385 10798//3385 10801//3386
f 10801//3386 10806//3385 10803//3385
f 10809//3387 10804//3388 10807//3389
f 10807//3389 10811//3389 10809//3387
f 10813//3389 10809//3387 10811//3389
f 10811//3389 10817//3388 10813//3389
f 10820//3390 10814//3390 10818//3390
f 10818//3390 10823//3390 10820//3390
f 10826//3391 10821//3391 10824//3391
f 10824//3391 10829//3391 10826//3391
f 10832//3392 10827//3393 10830//3394
f 10830//3394 10835//3394 10832//3392
f 10838//3395 10833//3395 10836//3395
f 10836//3395 10841//3395 10838//3395
f 10844//3396 10839//3397 10842//3398
f 10842//3398 10847//3398 10844//3396
f 10850//3399 10845//3399 10848//3399
f 10848//3399 10853//3399 10850//3399
f 10856//3400 10851//3400 10854//3400
f 10854//3400 10859//3400 10856//3400
f 10862//3401 10857//3402 10860//3403
f 10860//3403 10865//3404 10862//3401
f 10868//2315 10863//2315 10866//3405
f 10866//3405 10871//2315 10868//2315
f 10875//3406 10869//3406 10872//3406
f 10872//3406 10878//3406 10875//3406
f 10881//3407 10876//3407 10879//3407
f 10879//3407 10885//3407 10881//3407
f 10888//3408 10882//3409 10886//3408
f 10886//3408 10893//3409 10888//3408
f 10898//3410 10889//3411 10894//3412
f 10894//3412 10903//3413 10898//3410
f 10907//2026 10897//2026 10901//2026
f 10902//2026 10911//2026 10908//2026
f 10914//3414 10906//3414 10910//3414
f 10910//3414 10918//3414 10914//3414
f 10922//3415 10913//3415 10917//3415
f 10916//3415 10925//3415 10921//3415
f 10928//3416 10920//3416 10924//3417
f 10924//3417 10931//3417 10928//3416
f 10934//3418 10927//3418 10930//3418
f 10930//3418 10938//3418 10934//3418
f 10942//3419 10933//3419 10937//3420
f 10937//3420 10946//3421 10942//3419
f 10950//3422 10941//3422 10945//3422
f 10945//3422 10953//3422 10950//3422
f 10956//3423 10949//3424 10952//3425
f 10952//3425 10959//3425 10956//3423
f 10962//3252 10955//3252 10958//3426
f 10958//3426 10966//3426 10962//3252
f 10969//3427 10961//3427 10965//3427
f 10965//3427 10974//3427 10969//3427
f 10976//3428 10968//3428 10973//3429
f 10973//3429 10979//3429 10976//3428
f 10986//3430 10977//3430 10981//3430
f 10980//3431 10990//3431 10985//3431
f 10994//3432 10987//3432 10991//3432
f 10991//3432 10997//3432 10994//3432
f 11004//3433 10995//3433 10999//3433
f 10998//3433 11008//3433 11003//3433
f 11011//3434 11005//3434 11009//3435
f 11009//3435 11014//3435 11011//3434
f 11018//3436 11012//3436 11015//3437
f 11015//3437 11022//3438 11018//3436
f 11025//3439 11019//3439 11023//3439
f 11023//3439 11028//3439 11025//3439
f 11031//3440 11026//3441 11029//3442
f 11029//3442 11036//3443 11031//3440
f 11038//986 11032//986 11037//3444
f 11037//3444 11042//3444 11038//986
f 11045//3445 11039//3446 11043//3447
f 11043//3447 11049//3448 11045//3445
f 11052//3449 11046//3449 11050//3450
f 11050//3450 11055//1331 11052//3449
f 11058//3451 11053//3451 11056//3451
f 11056//3451 11062//3451 11058//3451
f 11065//3452 11059//3453 11063//3454
f 11063//3454 11068//1995 11065//3452
f 11072//3455 11066//3456 11069//3457
f 11069//3457 11076//3458 11072//3455
f 11080//3459 11073//3459 11077//3460
f 11077//3460 11083//3461 11080//3459
f 11087//3462 11081//3462 11084//3462
f 11085//3462 11091//3462 11088//3462
f 11095//3463 11089//3463 11092//3463
f 11093//3464 11099//3464 11096//3464
f 11103//3465 11097//3465 11100//3465
f 11100//3465 11106//3465 11103//3465
f 11109//3466 11102//3467 11105//3468
f 11105//3468 11112//3468 11109//3466
f 11115//3469 11108//3470 11111//3471
f 11111//3471 11118//3471 11115//3469
f 11121//3472 11114//3473 11117//3474
f 11117//3474 11124//3475 11121//3472
f 11127//3476 11120//3477 11123//3477
f 11123//3477 11130//3478 11127//3476
f 11133//3479 11126//3479 11129//3479
f 11129//3479 11136//3479 11133//3479
f 11139//3480 11132//3481 11135//3482
f 11135//3482 11143//3482 11139//3480
f 11148//3483 11138//3484 11142//3484
f 11142//3484 11151//3484 11148//3483
f 11154//2057 11147//2057 11150//2057
f 11150//2057 11157//2057 11154//2057
f 11160//3485 11153//3485 11156//3486
f 11156//3486 11163//3485 11160//3485
f 11166//3487 11159//3487 11162//3487
f 11162//3487 11169//3487 11166//3487
f 11172//3488 11165//3488 11168//3489
f 11168//3489 11176//3489 11172//3488
f 11179//3490 11171//3490 11174//3490
f 11175//3491 11183//3491 11180//3491
f 11186//3492 11178//3493 11182//3493
f 11182//3493 11189//3492 11186//3492
f 11192//3494 11185//3495 11188//3495
f 11188//3495 11195//3495 11192//3494
f 11198//3496 11191//3496 11194//3497
f 11194//3497 11201//3497 11198//3496
f 11204//3498 11197//3498 11200//3498
f 11200//3498 11207//3498 11204//3498
f 11210//3499 11203//3499 11206//3500
f 11206//3500 11213//3501 11210//3499
f 11216//3502 11209//3502 11212//3502
f 11212//3502 11219//3502 11216//3502
f 11221//3503 11215//3503 11218//3504
f 11218//3504 11224//3504 11221//3503
f 11227//3505 11222//3505 11225//3506
f 11225//3506 11230//3507 11227//3505
f 11233//3508 11228//3508 11231//3508
f 11231//3508 11236//3508 11233//3508
f 11240//3509 11234//3509 11237//3509
f 11238//3510 11244//3510 11241//3510
f 11249//3511 11242//3511 11246//3511
f 11245//3512 11253//3512 11248//3512
f 11257//3513 11250//3513 11254//3514
f 11254//3514 11262//3514 11257//3513
f 11267//3515 11258//3515 11263//3516
f 11263//3516 11270//3517 11267//3515
f 11273//3518 11268//3518 11271//3518
f 11271//3518 11276//3518 11273//3518
f 11279//3519 11274//3519 11277//3520
f 11277//3520 11282//3521 11279//3519
f 11285//3522 11280//3523 11283//3524
f 11283//3524 11288//3523 11285//3522
f 11291//3525 11286//3526 11289//3527
f 11289//3527 11295//3527 11291//3525
f 11299//3348 11292//3348 11296//3348
f 11296//3348 11303//3348 11299//3348
f 11306//3528 11300//3528 11304//3528
f 11304//3528 11309//3528 11306//3528
f 11313//3529 11307//3529 11310//3529
f 11311//3529 11317//3529 11314//3529
f 11320//3530 11315//3530 11318//3530
f 11318//3530 11324//3530 11320//3530
f 11330//3531 11321//904 11325//3532
f 11325//3532 11333//3532 11330//3531
f 11336//3533 11329//3533 11332//3533
f 11332//3533 11339//3533 11336//3533
f 11342//3534 11335//3534 11338//3535
f 11338//3535 11345//3534 11342//3534
f 11348//1270 11341//1270 11344//1270
f 11344//1270 11351//1270 11348//1270
f 11354//3536 11347//3536 11350//3536
f 11350//3536 11357//3536 11354//3536
f 11360//3537 11353//3537 11356//3537
f 11356//3537 11363//3537 11360//3537
f 11366//3538 11359//3538 11362//3539
f 11362//3539 11369//3539 11366//3538
f 11372//3540 11365//3541 11368//3540
f 11368//3540 11375//3540 11372//3540
f 11378//3542 11371//3543 11374//3542
f 11374//3542 11382//3544 11378//3542
f 11384//3545 11377//3545 11380//3545
f 11381//3545 11388//3545 11385//3545
f 11391//3546 11386//3546 11389//3543
f 11389//3543 11394//3547 11391//3546
f 11397//3548 11392//3549 11395//3550
f 11395//3550 11400//3551 11397//3548
f 11405//3552 11398//3552 11402//3552
f 11401//3553 11408//3553 11404//3553
f 11412//3554 11406//3554 11409//3554
f 11409//3554 11415//3554 11412//3554
f 11418//3555 11411//3555 11414//3556
f 11414//3556 11421//3557 11418//3555
f 11424//3558 11417//3558 11420//3559
f 11420//3559 11427//3558 11424//3558
f 11430//3560 11423//3560 11426//3561
f 11426//3561 11433//3561 11430//3560
f 11436//3498 11429//3498 11432//3498
f 11432//3498 11440//3498 11436//3498
f 11443//3562 11435//3562 11439//3562
f 11438//3563 11446//3563 11442//3563
f 11450//3564 11444//3564 11447//3564
f 11448//3565 11454//3565 11451//3565
f 11457//3566 11452//3567 11455//3568
f 11455//3568 11460//3568 11457//3566
f 11465//3569 11458//3569 11462//3569
f 11461//3570 11468//3570 11464//3570
f 11471//3571 11466//3571 11469//3572
f 11469//3572 11474//3572 11471//3571
f 11477//3573 11472//3573 11475//3574
f 11475//3574 11480//3575 11477//3573
f 11485//3576 11478//3576 11482//3576
f 11481//3577 11488//3577 11484//3577
f 11491//3578 11486//3579 11489//3580
f 11489//3580 11495//3580 11491//3578
f 11499//3581 11492//3582 11496//3581
f 11496//3581 11503//3581 11499//3581
f 11507//3583 11500//3583 11504//3583
f 11504//3583 11510//3583 11507//3583
f 11514//3584 11508//3584 11511//3584
f 11512//3584 11518//3584 11515//3584
f 11521//3585 11516//3585 11519//3586
f 11519//3586 11525//3587 11521//3585
f 11530//3588 11522//3588 11526//3588
f 11527//3589 11535//3589 11531//3589
f 11540//897 11532//897 11536//897
f 11536//897 11543//897 11540//897
f 11546//3590 11539//934 11542//933
f 11542//933 11549//3591 11546//3590
f 11552//3592 11545//3593 11548//3594
f 11548//3594 11556//3594 11552//3592
f 11559//3595 11551//3595 11554//3595
f 11555//3595 11563//3595 11560//3595
f 11566//3596 11558//3596 11562//3597
f 11562//3597 11569//3597 11566//3596
f 11572//3598 11565//3599 11568//3316
f 11568//3316 11575//3600 11572//3598
f 11578//3601 11571//3601 11574//3602
f 11574//3602 11581//3602 11578//3601
f 11584//3603 11577//3603 11580//3603
f 11580//3603 11587//3603 11584//3603
f 11590//3604 11583//3605 11586//3606
f 11586//3606 11594//3606 11590//3604
f 11597//3607 11589//3607 11592//3607
f 11593//3607 11601//3607 11598//3607
f 11604//3608 11596//3608 11600//3609
f 11600//3609 11609//3609 11604//3608
f 11614//3610 11603//3610 11608//3610
f 11608//3610 11619//3610 11614//3610
f 11624//3611 11613//3611 11618//3611
f 11617//3612 11627//3612 11623//3612
f 11630//3613 11622//3614 11626//3615
f 11626//3615 11634//3616 11630//3613
f 11637//3617 11629//3617 11632//3617
f 11633//3617 11641//3617 11638//3617
f 11644//3618 11636//3619 11640//3620
f 11640//3620 11647//3621 11644//3618
f 11650//3622 11643//3622 11646//3622
f 11646//3622 11653//3622 11650//3622
f 11656//3623 11649//3623 11652//3623
f 11652//3623 11659//3623 11656//3623
f 11662//3624 11655//3625 11658//3626
f 11658//3626 11665//3625 11662//3624
f 11668//3627 11661//3628 11664//3629
f 11664//3629 11671//3629 11668//3627
f 11674//3630 11667//3631 11670//3632
f 11670//3632 11677//3632 11674//3630
f 11680//3633 11673//3633 11676//3633
f 11676//3633 11683//3633 11680//3633
f 11686//3634 11679//3634 11682//3634
f 11682//3634 11690//3634 11686//3634
f 11693//3635 11685//3635 11688//3635
f 11689//3635 11697//3635 11694//3635
f 11700//3636 11692//3636 11696//3636
f 11696//3636 11703//3636 11700//3636
f 11706//3637 11699//3638 11702//3639
f 11702//3639 11709//3639 11706//3637
f 11712//3640 11705//3640 11708//3641
f 11708//3641 11715//3641 11712//3640
f 11718//3642 11711//3643 11714//3643
f 11714//3643 11721//3643 11718//3642
f 11724//3644 11717//3644 11720//3644
f 11720//3644 11727//3644 11724//3644
f 11730//3645 11723//3646 11726//3647
f 11726//3647 11733//3648 11730//3645
f 11736//3649 11729//3649 11732//3650
f 11732//3650 11739//3650 11736//3649
f 11742//3651 11735//3651 11738//3651
f 11738//3651 11745//3651 11742//3651
f 11748//3652 11741//3653 11744//3654
f 11744//3654 11752//3654 11748//3652
f 11755//3655 11747//3655 11751//3655
f 11750//3656 11758//3656 11754//3656
f 11761//3657 11756//3658 11759//3659
f 11759//3659 11764//3659 11761//3657
f 11767//3660 11762//3660 11765//3660
f 11765//3660 11770//3660 11767//3660
f 11773//3661 11768//3662 11771//3661
f 11771//3661 11776//3663 11773//3661
f 11779//3664 11774//3665 11777//3664
f 11777//3664 11782//3664 11779//3664
f 11785//3666 11780//3666 11783//3666
f 11783//3666 11788//3666 11785//3666
f 11792//3667 11786//3667 11789//3668
f 11789//3668 11795//3668 11792//3667
f 11798//3669 11791//3669 11794//3670
f 11794//3670 11801//3670 11798//3669
f 11804//3671 11797//3672 11800//3673
f 11800//3673 11807//3674 11804//3671
f 11810//3675 11803//3675 11806//3675
f 11806//3675 11813//3676 11810//3675
f 11816//3677 11809//3677 11812//3677
f 11812//3677 11819//3677 11816//3677
f 11822//3678 11815//3679 11818//3680
f 11818//3680 11825//3680 11822//3678
f 11827//3681 11821//3681 11824//3682
f 11824//3682 11830//3682 11827//3681
f 11833//3683 11828//3684 11831//3685
f 11831//3685 11836//3685 11833//3683
f 11839//3686 11834//3686 11837//3686
f 11837//3686 11842//3686 11839//3686
f 11847//3687 11840//3687 11844//3687
f 11843//3687 11850//3687 11846//3687
f 11853//3688 11848//3689 11851//3690
f 11851//3690 11856//3691 11853//3688
f 11860//3692 11854//3692 11857//3692
f 11858//3693 11864//3693 11861//3693
f 11867//3605 11862//3605 11865//3605
f 11865//3605 11870//3605 11867//3605
f 11874//3694 11868//3694 11871//3694
f 11871//3694 11877//3694 11874//3694
f 11880//3695 11873//3695 11876//3696
f 11876//3696 11883//3696 11880//3695
f 11885//1156 11879//1156 11882//3697
f 11882//3697 11888//1157 11885//1156
f 11891//3698 11886//3698 11889//3699
f 11889//3699 11894//3700 11891//3698
f 11897//3701 11892//3702 11895//3703
f 11895//3703 11900//3702 11897//3701
f 11903//3704 11898//3704 11901//3705
f 11901//3705 11906//3705 11903//3704
f 11909//3706 11904//3706 11907//3707
f 11907//3707 11912//3708 11909//3706
f 11916//880 11910//880 11913//3709
f 11913//3709 11919//3709 11916//880
f 11922//3710 11915//3711 11918//3712
f 11918//3712 11926//3713 11922//3710
f 11930//3714 11921//3714 11925//3714
f 11924//3714 11933//3714 11929//3714
f 11936//3715 11928//3716 11932//3717
f 11932//3717 11939//3717 11936//3715
f 11942//3718 11935//3718 11938//3719
f 11938//3719 11945//3719 11942//3718
f 11948//3720 11941//3721 11944//3722
f 11944//3722 11952//3723 11948//3720
f 11956//3724 11947//3724 11951//3724
f 11950//3725 11960//3725 11955//3725
f 11964//3726 11954//3726 11959//3726
f 11958//3726 11967//3726 11963//3726
f 11970//3727 11962//3727 11966//3728
f 11966//3728 11973//3728 11970//3727
f 11975//3729 11969//3729 11972//3730
f 11972//3730 11978//3730 11975//3729
f 11981//3731 11976//3731 11979//3732
f 11979//3732 11985//3731 11981//3731
f 11989//3733 11982//3733 11986//3733
f 11986//3733 11992//3733 11989//3733
f 11995//3734 11990//3735 11993//3502
f 11993//3502 11998//3502 11995//3734
f 12001//3736 11996//3737 11999//3738
f 11999//3738 12004//3738 12001//3736
f 12007//3739 12002//3740 12005//3741
f 12005//3741 12010//3742 12007//3739
f 12014//3743 12008//3743 12011//3743
f 12012//3744 12018//3744 12015//3744
f 12021//3745 12016//3745 12019//3745
f 12019//3745 12024//3746 12021//3745
f 12028//3747 12022//3747 12025//3748
f 12025//3748 12032//3749 12028//3747
f 12036//3750 12027//3750 12031//3750
f 12030//3750 12040//3750 12035//3750
f 12043//3751 12034//3751 12038//3751
f 12039//3752 12047//3752 12044//3752
f 12050//3753 12042//3754 12046//3755
f 12046//3755 12053//3755 12050//3753
f 12056//3756 12049//3756 12052//3757
f 12052//3757 12059//3757 12056//3756
f 12062//3758 12055//3758 12058//3759
f 12058//3759 12065//3760 12062//3758
f 12068//3761 12061//3761 12064//3762
f 12064//3762 12071//3763 12068//3761
f 12074//3764 12067//3764 12070//3765
f 12070//3765 12077//3766 12074//3764
f 12080//3767 12073//3768 12076//3769
f 12076//3769 12083//3767 12080//3767
f 12086//3770 12079//3770 12082//3770
f 12082//3770 12089//3770 12086//3770
f 12092//3771 12085//3771 12088//3772
f 12088//3772 12096//3772 12092//3771
f 12100//3773 12091//3773 12095//3773
f 12094//3773 12103//3773 12099//3773
f 12106//3774 12098//3774 12102//3774
f 12102//3774 12109//3774 12106//3774
f 12112//3775 12105//3775 12108//3775
f 12108//3775 12116//3775 12112//3775
f 12119//3776 12111//3776 12114//3776
f 12115//3777 12123//3777 12120//3777
f 12126//3778 12118//3779 12122//3778
f 12122//3778 12129//3780 12126//3778
f 12132//3781 12125//3782 12128//3783
f 12128//3783 12135//3784 12132//3781
f 12138//3785 12131//3785 12134//3786
f 12134//3786 12141//3786 12138//3785
f 12144//3787 12137//3787 12140//3788
f 12140//3788 12147//3788 12144//3787
f 12150//3789 12143//3789 12146//3789
f 12146//3789 12153//3789 12150//3789
f 12156//3790 12149//3791 12152//3792
f 12152//3792 12159//3793 12156//3790
f 12162//3794 12155//3794 12158//3795
f 12158//3795 12165//3795 12162//3794
f 12168//3796 12161//3796 12164//3797
f 12164//3797 12171//3797 12168//3796
f 12174//3798 12167//3798 12170//3799
f 12170//3799 12177//3799 12174//3798
f 12179//3800 12173//3801 12176//3802
f 12176//3802 12182//3800 12179//3800
f 12185//3803 12180//3803 12183//3804
f 12183//3804 12188//3804 12185//3803
f 12191//3805 12186//3805 12189//3806
f 12189//3806 12194//3806 12191//3805
f 12197//3807 12192//3807 12195//3808
f 12195//3808 12200//3808 12197//3807
f 12203//3809 12198//3809 12201//3810
f 12201//3810 12206//3810 12203//3809
f 12209//3811 12204//3812 12207//3813
f 12207//3813 12212//3814 12209//3811
f 12215//3815 12210//3816 12213//3816
f 12213//3816 12218//3816 12215//3815
f 12222//3817 12216//3818 12219//3817
f 12219//3817 12225//3818 12222//3817
f 12228//3819 12221//3819 12224//3819
f 12224//3819 12231//3819 12228//3819
f 12234//3820 12227//3820 12230//3821
f 12230//3821 12237//3822 12234//3820
f 12240//3823 12233//3823 12236//3824
f 12236//3824 12243//3825 12240//3823
f 12246//3826 12239//3826 12242//3826
f 12242//3826 12249//3826 12246//3826
f 12251//3827 12245//3827 12248//3827
f 12248//3827 12254//3827 12251//3827
f 12257//3828 12252//3828 12255//3829
f 12255//3829 12260//3829 12257//3828
f 12263//3830 12258//3830 12261//3830
f 12261//3830 12266//3830 12263//3830
f 12269//3831 12264//3832 12267//3833
f 12267//3833 12272//3833 12269//3831
f 12275//3834 12270//3834 12273//3834
f 12273//3834 12278//3834 12275//3834
f 8351//3835 12276//3836 12279//3837
f 12279//3837 8354//3838 8351//3835
f 12268//2525 12274//2525 8349//2525
f 8352//2526 12277//2526 12271//2526
f 8394//2525 8400//2533 8406//2534
f 8409//2546 8403//2526 8397//2526
f 8406//2534 8412//2549 8418//2525
f 8421//2530 8415//2530 8409//2546
f 8418//2525 8425//2525 8433//2525
f 8437//2526 8429//2526 8421//2530
f 8566//2525 8572//2525 8578//2525
f 8581//2526 8575//2540 8569//2526
f 8578//2525 8584//2537 8590//2534
f 8593//2528 8587//2526 8581//2526
f 8590//2534 8596//2525 8602//2525
f 8605//2526 8599//2526 8593//2528
f 8602//2525 8608//2525 8614//2545
f 8617//2539 8611//2526 8605//2526
f 8614//2545 8620//2525 8626//2525
f 8629//2526 8623//2530 8617//2539
f 8626//2525 8632//2537 8638//2525
f 8641//2526 8635//2526 8629//2526
f 8638//2525 8644//2525 8650//2525
f 8653//2526 8647//2536 8641//2526
f 8650//2525 8656//2525 8662//2529
f 8665//2546 8659//2526 8653//2526
f 8662//2529 8668//2525 8674//2525
f 8677//2526 8671//2530 8665//2546
f 8674//2525 8680//2571 8686//2541
f 8689//2528 8683//2526 8677//2526
f 8686//2541 8692//2537 8698//2537
f 8701//2564 8695//2530 8689//2528
f 8698//2537 8704//2533 8710//2524
f 8713//2601 8707//2526 8701//2564
f 8710//2524 8716//2525 8722//2525
f 8725//2535 8719//2526 8713//2601
f 8788//2525 8794//2525 8800//2525
f 8803//2526 8797//2526 8791//2526
f 8800//2525 8806//2525 8812//2525
f 8815//2543 8809//2540 8803//2526
f 8812//2525 8818//2525 8824//2525
f 8827//2526 8821//2526 8815//2543
f 8824//2525 8830//2525 8836//2587
f 8839//2536 8833//2526 8827//2526
f 8836//2587 8842//2537 8848//2525
f 8851//2526 8845//2526 8839//2536
f 8848//2525 8854//2525 8860//2525
f 8863//2526 8857//2526 8851//2526
f 8860//2525 8866//2537 8872//2525
f 8875//2526 8869//2526 8863//2526
f 9215//2525 9221//2525 9227//2525
f 9230//2526 9224//2530 9218//2554
f 9227//2525 9233//2551 9239//2525
f 9242//2554 9236//2526 9230//2526
f 9239//2525 9245//2533 9251//2537
f 9254//2530 9248//2540 9242//2554
f 9251//2537 9258//2537 9265//2541
f 9268//2540 9262//2530 9254//2530
f 9265//2541 9271//2533 9277//2552
f 9280//2526 9274//2526 9268//2540
f 9365//2537 9373//2537 9379//2537
f 9385//2530 9376//2530 9369//2530
f 9380//2548 9389//2526 9394//2526
f 9397//2555 9391//2525 9384//2525
f 9405//3839 9416//3839 9424//3839
f 9429//3840 9419//3840 9413//3840
f 9422//2537 9432//2537 9438//2537
f 9442//2530 9435//2530 9427//2530
f 9438//2551 9446//2551 9452//2551
f 9456//2527 9449//2527 9442//2527
f 9452//2537 9460//2537 9467//2537
f 9472//2530 9463//2530 9456//2530
f 9467//2537 9476//2537 9482//2537
f 9485//2526 9479//2526 9472//2578
f 9482//2537 9488//2557 9494//2537
f 9498//2540 9491//2540 9485//2526
f 9495//2537 9502//2537 9509//2537
f 9514//2530 9505//2530 9499//2530
f 9510//2537 9518//2537 9525//2537
f 9529//2530 9521//2530 9515//2530
f 9790//2537 9796//2529 9803//2525
f 9807//2530 9799//3841 9793//2526
f 9803//2525 9810//2525 9816//2534
f 9819//2530 9813//2540 9807//2530
f 9816//2534 9822//2537 9828//2537
f 9831//2530 9825//2530 9819//2530
f 9828//2537 9834//2537 9840//2555
f 9843//2539 9837//2530 9831//2530
f 9840//2555 9846//2525 9852//2525
f 9855//2554 9849//2526 9843//2539
f 9993//2525 9999//2525 10005//2525
f 10008//2530 10002//2530 9996//2530
f 10005//2525 10011//2552 10017//2533
f 10020//2530 10014//2540 10008//2530
f 10017//2533 10023//2537 10029//2537
f 10032//2530 10026//2530 10020//2530
f 10029//2537 10035//2551 10041//2533
f 10044//2539 10038//2540 10032//2530
f 10041//2533 10047//2525 10053//2541
f 10056//2539 10050//2558 10044//2539
f 10147//2525 10153//2537 10160//2537
f 10164//2530 10156//2576 10150//2530
f 10160//2537 10167//2552 10173//2525
f 10176//2530 10170//2530 10164//2530
f 10173//2525 10179//2537 10185//2525
f 10188//2530 10182//2561 10176//2530
f 10185//2525 10191//2525 10197//2555
f 10200//2539 10194//2530 10188//2530
f 10197//2555 10203//2525 10209//2552
f 10212//2530 10206//2540 10200//2539
f 10209//2552 10215//2537 10221//2537
f 10224//2530 10218//2530 10212//2530
f 10221//2537 10227//2537 10233//2537
f 10236//2530 10230//2564 10224//2530
f 10233//2537 10240//2552 10247//2534
f 10250//2609 10244//2530 10236//2530
f 10247//2534 10253//2537 10259//2557
f 10262//3842 10256//3843 10250//2609
f 10259//2557 10265//2525 10271//2525
f 10274//2609 10268//2540 10262//3842
f 10271//2525 10277//2533 10283//2537
f 10286//2530 10280//2530 10274//2609
f 10283//2537 10289//2551 10295//2525
f 10298//2526 10292//2530 10286//2530
f 10378//2525 10385//2525 10391//2525
f 10394//2526 10388//2526 10382//2526
f 10391//2525 10397//2537 10403//2525
f 10406//2526 10400//2526 10394//2526
f 10403//2525 10409//2525 10415//2525
f 10418//2526 10412//2526 10406//2526
f 10415//2525 10421//2525 10427//2525
f 10430//2526 10424//2526 10418//2526
f 10427//2525 10433//2537 10439//2595
f 10442//2530 10436//2535 10430//2526
f 10439//2595 10446//2525 10454//2552
f 10458//2526 10450//2526 10442//2530
f 10454//2552 10461//2533 10468//2537
f 10472//2526 10464//2526 10458//2526
f 10468//2537 10475//2553 10481//2525
f 10484//2609 10478//2530 10472//2526
f 10481//2525 10488//2533 10495//2525
f 10498//2527 10492//2540 10484//2609
f 10495//2525 10501//2525 10507//2525
f 10510//2530 10504//2558 10498//2527
f 10507//2525 10513//2533 10519//2537
f 10522//2530 10516//2530 10510//2530
f 10519//2537 10525//2537 10531//2525
f 10534//2526 10528//2530 10522//2530
f 10531//2525 10537//2588 10543//2551
f 10546//2527 10540//2569 10534//2526
f 10543//2551 10549//2552 10555//2537
f 10558//2530 10552//2530 10546//2527
f 10555//2537 10561//2551 10567//2537
f 10570//2530 10564//2527 10558//2530
f 10567//2537 10573//2537 10580//2537
f 10584//2530 10576//2540 10570//2530
f 10580//2537 10587//2537 10593//2537
f 10596//2530 10590//2527 10584//2530
f 10593//2537 10599//2537 10605//2537
f 10608//2530 10602//2530 10596//2530
f 10605//2537 10611//2533 10617//2537
f 10620//2530 10614//2530 10608//2530
f 10617//2537 10623//2537 10629//2525
f 10634//2539 10626//2530 10620//2530
f 10629//2525 10638//2553 10644//2551
f 10647//2530 10641//2561 10634//2539
f 10644//2551 10650//2537 10657//2537
f 10661//2530 10653//2554 10647//2530
f 10657//2537 10664//2537 10670//2537
f 10673//2530 10667//2527 10661//2530
f 10792//2551 10796//2537 10802//2541
f 10805//2528 10799//2526 10794//2526
f 10802//2541 10808//2525 10812//2541
f 10816//2539 10810//2526 10805//2528
f 10970//3844 10978//3844 10988//3844
f 10992//2530 10982//2530 10975//2530
f 10984//2541 10993//2541 11001//2541
f 11006//2526 10996//2530 10989//2526
f 11002//2537 11010//2537 11017//2537
f 11021//2540 11013//2540 11007//2540
f 11016//2537 11024//2537 11030//2525
f 11034//3842 11027//2530 11020//2558
f 11033//2553 11040//2553 11047//2553
f 11048//2526 11041//2526 11034//2539
f 11044//2537 11051//2533 11057//2537
f 11061//2526 11054//3845 11048//2526
f 11060//2556 11067//2556 11074//2556
f 11078//2527 11070//2527 11064//2527
f 11071//2537 11079//2537 11086//2537
f 11090//2540 11082//2530 11075//2530
f 11086//2537 11094//2537 11101//2537
f 11104//2530 11098//2540 11090//2540
f 11101//2537 11107//2551 11113//2537
f 11116//2530 11110//2530 11104//2530
f 11113//2537 11119//2537 11125//2537
f 11128//2554 11122//2527 11116//2530
f 11125//2537 11131//2557 11137//2541
f 11141//2539 11134//2558 11128//2554
f 11137//2549 11146//2537 11152//2537
f 11155//2526 11149//2530 11141//2578
f 11152//2537 11158//2537 11164//2537
f 11167//2526 11161//2526 11155//2526
f 11164//2537 11170//2524 11177//2525
f 11181//2554 11173//2580 11167//2526
f 11177//2525 11184//2525 11190//3846
f 11193//2539 11187//3847 11181//2554
f 11190//3846 11196//2533 11202//2537
f 11205//2526 11199//2526 11193//2539
f 11202//2537 11208//2537 11214//2557
f 11217//2526 11211//2526 11205//2526
f 11376//2525 11383//2525 11390//2525
f 11393//2526 11387//2526 11379//2526
f 11390//2525 11396//2525 11403//2533
f 11407//2540 11399//2601 11393//2526
f 11403//2533 11410//2533 11416//2525
f 11419//2530 11413//2530 11407//2540
f 11416//2525 11422//2525 11428//2525
f 11431//2526 11425//2530 11419//2530
f 11428//2525 11434//2537 11441//2525
f 11445//2526 11437//2540 11431//2526
f 11746//2525 11753//3848 11760//2525
f 11763//2530 11757//3849 11749//2526
f 11760//2525 11766//2525 11772//2525
f 11775//3850 11769//2526 11763//2530
f 11772//2525 11778//2557 11784//2537
f 11787//2530 11781//2561 11775//3850
f 11820//2525 11826//2537 11832//2537
f 11835//2527 11829//2530 11823//2526
f 11832//2537 11838//2537 11845//2533
f 11849//2526 11841//2530 11835//2527
f 11845//2533 11852//2537 11859//2537
f 11863//2539 11855//2526 11849//2526
f 11859//2537 11866//2533 11872//2537
f 11875//2526 11869//2540 11863//2539
f 11872//2537 11878//2537 11884//2595
f 11887//2526 11881//2530 11875//2526
f 11908//2555 11914//2525 11920//2537
f 11923//2530 11917//2526 11911//2530
f 11920//2537 11927//2537 11934//2555
f 11937//2530 11931//2540 11923//2530
f 11934//2555 11940//2525 11946//2525
f 11949//2554 11943//2527 11937//2530
f 11946//2525 11953//2525 11961//2537
f 11965//2576 11957//2530 11949//2554
f 11961//2537 11968//2525 11974//2537
f 11977//2527 11971//2526 11965//2576
f 12020//2537 12026//2537 12033//2537
f 12037//2526 12029//2530 12023//2526
f 12033//2537 12041//2549 12048//2525
f 12051//2550 12045//2526 12037//2526
f 12048//2525 12054//2537 12060//2525
f 12063//2530 12057//2561 12051//2550
f 12060//2525 12066//2525 12072//2525
f 12075//2526 12069//2530 12063//2530
f 12072//2525 12078//2537 12084//2537
f 12087//2526 12081//2526 12075//2526
f 12084//2537 12090//2525 12097//2594
f 12101//2526 12093//2526 12087//2526
f 12097//2594 12104//2525 12110//2525
f 12113//2526 12107//2530 12101//2526
f 12110//2525 12117//2525 12124//2541
f 12127//2548 12121//2526 12113//2526
f 12124//2541 12130//2525 12136//2525
f 12139//2526 12133//2526 12127//2548
f 12136//2525 12142//2545 12148//2562
f 12151//2526 12145//2526 12139//2526
f 12148//2562 12154//2525 12160//2525
f 12163//2526 12157//2526 12151//2526
f 12160//2525 12166//2556 12172//2545
f 12175//2526 12169//2526 12163//2526
f 12214//2525 12220//2537 12226//2525
f 12229//2535 12223//2526 12217//2526
f 12226//2525 12232//2525 12238//2525
f 12241//2526 12235//2530 12229//2535
f 12238//2525 12244//2537 12250//2541
f 12253//2528 12247//2526 12241//2526
f 12250//2541 12256//2525 12262//3851
f 12265//2526 12259//2554 12253//2528
f 12262//3851 12268//2525 8349//2525
f 8352//2526 12271//2526 12265//2526
f 8388//2525 8394//2525 8406//2534
f 8409//2546 8397//2526 8391//2526
f 8406//2534 8418//2525 8433//2525
f 8437//2526 8421//2530 8409//2546
f 8566//2525 8578//2525 8590//2534
f 8593//2528 8581//2526 8569//2526
f 8590//2534 8602//2525 8614//2545
f 8617//2539 8605//2526 8593//2528
f 8614//2545 8626//2525 8638//2525
f 8641//2526 8629//2526 8617//2539
f 8638//2525 8650//2525 8662//2529
f 8665//2546 8653//2526 8641//2526
f 8662//2529 8674//2525 8686//2541
f 8689//2528 8677//2526 8665//2546
f 8686//2541 8698//2537 8710//2524
f 8713//2601 8701//2564 8689//2528
f 8710//2524 8722//2525 8728//2541
f 8731//2576 8725//2535 8713//2601
f 8788//2525 8800//2525 8812//2525
f 8815//2543 8803//2526 8791//2526
f 8812//2525 8824//2525 8836//2587
f 8839//2536 8827//2526 8815//2543
f 8836//2587 8848//2525 8860//2525
f 8863//2526 8851//2526 8839//2536
f 8860//2525 8872//2525 8878//2525
f 8881//2526 8875//2526 8863//2526
f 9215//2525 9227//2525 9239//2525
f 9242//2554 9230//2526 9218//2554
f 9239//2525 9251//2537 9265//2541
f 9268//2540 9254//2530 9242//2554
f 9265//2541 9277//2552 9283//2541
f 9286//2539 9280//2526 9268//2540
f 9358//2537 9366//2537 9381//2537
f 9386//2530 9370//2530 9362//2530
f 9403//2537 9423//2537 9439//2537
f 9443//2530 9428//2530 9410//2530
f 9439//2537 9453//2537 9468//2537
f 9473//2530 9457//2530 9443//2530
f 9467//2537 9482//2537 9494//2537
f 9498//2540 9485//2526 9472//2578
f 9494//2537 9508//2537 9524//2537
f 9528//2592 9513//2530 9498//2540
f 9790//2537 9803//2525 9816//2534
f 9819//2530 9807//2530 9793//2526
f 9816//2534 9828//2537 9840//2555
f 9843//2539 9831//2530 9819//2530
f 9840//2555 9852//2525 9858//2525
f 9861//2526 9855//2554 9843//2539
f 9993//2525 10005//2525 10017//2533
f 10020//2530 10008//2530 9996//2530
f 10017//2533 10029//2537 10041//2533
f 10044//2539 10032//2530 10020//2530
f 10147//2525 10160//2537 10173//2525
f 10176//2530 10164//2530 10150//2530
f 10173//2525 10185//2525 10197//2555
f 10200//2539 10188//2530 10176//2530
f 10197//2555 10209//2552 10221//2537
f 10224//2530 10212//2530 10200//2539
f 10221//2537 10233//2537 10247//2534
f 10250//2609 10236//2530 10224//2530
f 10247//2534 10259//2557 10271//2525
f 10274//2609 10262//3842 10250//2609
f 10271//2525 10283//2537 10295//2525
f 10298//2526 10286//2530 10274//2609
f 10378//2525 10391//2525 10403//2525
f 10406//2526 10394//2526 10382//2526
f 10403//2525 10415//2525 10427//2525
f 10430//2526 10418//2526 10406//2526
f 10427//2525 10439//2595 10454//2552
f 10458//2526 10442//2530 10430//2526
f 10454//2552 10468//2537 10481//2525
f 10484//2609 10472//2526 10458//2526
f 10481//2525 10495//2525 10507//2525
f 10510//2530 10498//2527 10484//2609
f 10507//2525 10519//2537 10531//2525
f 10534//2526 10522//2530 10510//2530
f 10531//2525 10543//2551 10555//2537
f 10558//2530 10546//2527 10534//2526
f 10555//2537 10567//2537 10580//2537
f 10584//2530 10570//2530 10558//2530
f 10580//2537 10593//2537 10605//2537
f 10608//2530 10596//2530 10584//2530
f 10605//2537 10617//2537 10629//2525
f 10634//2539 10620//2530 10608//2530
f 10629//2525 10644//2551 10657//2537
f 10661//2530 10647//2530 10634//2539
f 10657//2537 10670//2537 10676//2537
f 10679//2530 10673//2530 10661//2530
f 10788//2537 10792//2551 10802//2541
f 10805//2528 10794//2526 10790//2526
f 10967//2525 10983//2525 11000//3852
f 11006//2526 10989//2526 10971//2526
f 11000//3852 11016//2537 11030//2525
f 11034//3842 11020//2558 11006//2526
f 11030//2525 11044//2537 11057//2537
f 11061//2526 11048//2526 11034//2539
f 11057//2537 11071//2537 11086//2537
f 11090//2540 11075//2530 11061//2526
f 11086//2537 11101//2537 11113//2537
f 11116//2530 11104//2530 11090//2540
f 11113//2537 11125//2537 11137//2541
f 11141//2539 11128//2554 11116//2530
f 11137//2549 11152//2537 11164//2537
f 11167//2526 11155//2526 11141//2578
f 11164//2537 11177//2525 11190//3846
f 11193//2539 11181//2554 11167//2526
f 11190//3846 11202//2537 11214//2557
f 11217//2526 11205//2526 11193//2539
f 11376//2525 11390//2525 11403//2533
f 11407//2540 11393//2526 11379//2526
f 11403//2533 11416//2525 11428//2525
f 11431//2526 11419//2530 11407//2540
f 11428//2525 11441//2525 11449//2537
f 11453//2536 11445//2526 11431//2526
f 11746//2525 11760//2525 11772//2525
f 11775//3850 11763//2530 11749//2526
f 11772//2525 11784//2537 11790//2537
f 11793//2530 11787//2530 11775//3850
f 11820//2525 11832//2537 11845//2533
f 11849//2526 11835//2527 11823//2526
f 11845//2533 11859//2537 11872//2537
f 11875//2526 11863//2539 11849//2526
f 11872//2537 11884//2595 11890//2525
f 11893//2526 11887//2526 11875//2526
f 11908//2555 11920//2537 11934//2555
f 11937//2530 11923//2530 11911//2530
f 11934//2555 11946//2525 11961//2537
f 11965//2576 11949//2554 11937//2530
f 12020//2537 12033//2537 12048//2525
f 12051//2550 12037//2526 12023//2526
f 12048//2525 12060//2525 12072//2525
f 12075//2526 12063//2530 12051//2550
f 12072//2525 12084//2537 12097//2594
f 12101//2526 12087//2526 12075//2526
f 12097//2594 12110//2525 12124//2541
f 12127//2548 12113//2526 12101//2526
f 12124//2541 12136//2525 12148//2562
f 12151//2526 12139//2526 12127//2548
f 12148//2562 12160//2525 12172//2545
f 12175//2526 12163//2526 12151//2526
f 12208//2525 12214//2525 12226//2525
f 12229//2535 12217//2526 12211//2526
f 12226//2525 12238//2525 12250//2541
f 12253//2528 12241//2526 12229//2535
f 12250//2541 12262//3851 8349//2525
f 8352//2526 12265//2526 12253//2528
f 8382//2525 8388//2525 8406//2534
f 8409//2546 8391//2526 8385//2526
f 8406//2534 8433//2525 8440//3844
f 8443//2654 8437//2526 8409//2546
f 8560//2525 8566//2525 8590//2534
f 8593//2528 8569//2526 8563//2526
f 8590//2534 8614//2545 8638//2525
f 8641//2526 8617//2539 8593//2528
f 8638//2525 8662//2529 8686//2541
f 8689//2528 8665//2546 8641//2526
f 8686//2541 8710//2524 8728//2541
f 8731//2576 8713//2601 8689//2528
f 8788//2525 8812//2525 8836//2587
f 8839//2536 8815//2543 8791//2526
f 8836//2587 8860//2525 8878//2525
f 8881//2526 8863//2526 8839//2536
f 9215//2525 9239//2525 9265//2541
f 9268//2540 9242//2554 9218//2554
f 9357//2525 9379//2525 9393//2567
f 9398//2592 9385//2526 9361//2526
f 9402//2525 9438//2537 9467//2537
f 9472//2578 9442//2530 9409//2526
f 9467//2537 9494//2537 9524//2537
f 9528//2592 9498//2540 9472//2578
f 9790//2537 9816//2534 9840//2555
f 9843//2539 9819//2530 9793//2526
f 9840//2555 9858//2525 9864//2541
f 9867//2539 9861//2526 9843//2539
f 9993//2525 10017//2533 10041//2533
f 10044//2539 10020//2530 9996//2530
f 10147//2525 10173//2525 10197//2555
f 10200//2539 10176//2530 10150//2530
f 10197//2555 10221//2537 10247//2534
f 10250//2609 10224//2530 10200//2539
f 10247//2534 10271//2525 10295//2525
f 10298//2526 10274//2609 10250//2609
f 10378//2525 10403//2525 10427//2525
f 10430//2526 10406//2526 10382//2526
f 10427//2525 10454//2552 10481//2525
f 10484//2609 10458//2526 10430//2526
f 10481//2525 10507//2525 10531//2525
f 10534//2526 10510//2530 10484//2609
f 10531//2525 10555//2537 10580//2537
f 10584//2530 10558//2530 10534//2526
f 10580//2537 10605//2537 10629//2525
f 10634//2539 10608//2530 10584//2530
f 10629//2525 10657//2537 10676//2537
f 10679//2530 10661//2530 10634//2539
f 10782//2525 10788//2537 10802//2541
f 10805//2528 10790//2526 10785//2554
f 10967//2525 11000//3852 11030//2525
f 11034//3842 11006//2526 10971//2526
f 11030//2525 11057//2537 11086//2537
f 11090//2540 11061//2526 11034//2539
f 11086//2537 11113//2537 11137//2541
f 11141//2539 11116//2530 11090//2540
f 11137//2549 11164//2537 11190//3846
f 11193//2539 11167//2526 11141//2578
f 11190//3846 11214//2557 11220//2541
f 11223//2526 11217//2526 11193//2539
f 11370//2537 11376//2525 11403//2533
f 11407//2540 11379//2526 11373//2530
f 11403//2533 11428//2525 11449//2537
f 11453//2536 11431//2526 11407//2540
f 11740//2525 11746//2525 11772//2525
f 11775//3850 11749//2526 11743//2526
f 11772//2525 11790//2537 11796//2573
f 11799//2526 11793//2530 11775//3850
f 11814//2537 11820//2525 11845//2533
f 11849//2526 11823//2526 11817//2530
f 11845//2533 11872//2537 11890//2525
f 11893//2526 11875//2526 11849//2526
f 11908//2555 11934//2555 11961//2537
f 11965//2576 11937//2530 11911//2530
f 12013//2525 12020//2537 12048//2525
f 12051//2550 12023//2526 12017//2597
f 12048//2525 12072//2525 12097//2594
f 12101//2526 12075//2526 12051//2550
f 12097//2594 12124//2541 12148//2562
f 12151//2526 12127//2548 12101//2526
f 12148//2562 12172//2545 12178//2525
f 12181//2526 12175//2526 12151//2526
f 12208//2525 12226//2525 12250//2541
f 12253//2528 12229//2535 12211//2526
f 12250//2541 8349//2525 8346//2525
f 8355//2526 8352//2526 12253//2528
f 8376//2556 8382//2525 8406//2534
f 8409//2546 8385//2526 8379//2526
f 8560//2525 8590//2534 8638//2525
f 8641//2526 8593//2528 8563//2526
f 8638//2525 8686//2541 8728//2541
f 8731//2576 8689//2528 8641//2526
f 8782//2525 8788//2525 8836//2587
f 8839//2536 8791//2526 8785//2526
f 8836//2587 8878//2525 8884//2525
f 8887//2528 8881//2526 8839//2536
f 9209//2525 9215//2525 9265//2541
f 9268//2540 9218//2554 9212//2572
f 9351//2525 9357//2525 9393//2567
f 9398//2592 9361//2526 9354//2526
f 9402//2525 9467//2537 9524//2537
f 9528//2592 9472//2578 9409//2526
f 9784//2525 9790//2537 9840//2555
f 9843//2539 9793//2526 9787//2526
f 9986//3853 9993//2525 10041//2533
f 10044//2539 9996//2530 9990//2530
f 10140//2525 10147//2525 10197//2555
f 10200//2539 10150//2530 10144//2530
f 10197//2555 10247//2534 10295//2525
f 10298//2526 10250//2609 10200//2539
f 10371//2525 10378//2525 10427//2525
f 10430//2526 10382//2526 10374//2526
f 10427//2525 10481//2525 10531//2525
f 10534//2526 10484//2609 10430//2526
f 10531//2525 10580//2537 10629//2525
f 10634//2539 10584//2530 10534//2526
f 10629//2525 10676//2537 10682//2525
f 10685//2527 10679//2530 10634//2539
f 10776//2567 10782//2525 10802//2541
f 10805//2528 10785//2554 10779//2585
f 10960//2525 10967//2525 11030//2525
f 11035//2540 10972//2540 10964//2540
f 11030//2525 11086//2537 11137//2541
f 11141//2539 11090//2540 11034//2539
f 11137//2549 11190//3846 11220//2541
f 11223//2526 11193//2539 11141//2578
f 11370//2537 11403//2533 11449//2537
f 11453//2536 11407//2540 11373//2530
f 11740//2525 11772//2525 11796//2573
f 11799//2526 11775//3850 11743//2526
f 11814//2537 11845//2533 11890//2525
f 11893//2526 11849//2526 11817//2530
f 11902//3854 11908//2555 11961//2537
f 11965//2576 11911//2530 11905//2530
f 12013//2525 12048//2525 12097//2594
f 12101//2526 12051//2550 12017//2597
f 12097//2594 12148//2562 12178//2525
f 12181//2526 12151//2526 12101//2526
f 12202//2544 12208//2525 12250//2541
f 12253//2528 12211//2526 12205//3855
f 12250//2541 8346//2525 8358//3856
f 8361//2647 8355//2526 12253//2528
f 8376//2556 8406//2534 8440//3844
f 8443//2654 8409//2546 8379//2526
f 8554//2525 8560//2525 8638//2525
f 8641//2526 8563//2526 8557//2526
f 8638//2525 8728//2541 8734//2551
f 8737//2609 8731//2576 8641//2526
f 8782//2525 8836//2587 8884//2525
f 8887//2528 8839//2536 8785//2526
f 9203//2525 9209//2525 9265//2541
f 9268//2540 9212//2572 9206//2526
f 9345//2525 9351//2525 9393//2567
f 9398//2592 9354//2526 9348//2526
f 9402//2525 9524//2537 9533//2525
f 9537//2592 9528//2592 9409//2526
f 9778//2525 9784//2525 9840//2555
f 9843//2539 9787//2526 9781//2526
f 9979//2537 9986//3853 10041//2533
f 10044//2539 9990//2530 9982//2526
f 10133//2525 10140//2525 10197//2555
f 10200//2539 10144//2530 10136//2554
f 10197//2555 10295//2525 10301//2525
f 10304//2539 10298//2526 10200//2539
f 10365//2525 10371//2525 10427//2525
f 10430//2526 10374//2526 10368//2585
f 10427//2525 10531//2525 10629//2525
f 10634//2539 10534//2526 10430//2526
f 10629//2525 10682//2525 10688//2525
f 10691//2530 10685//2527 10634//2539
f 10776//2567 10802//2541 10812//2541
f 10816//2539 10805//2528 10779//2585
f 10960//2525 11030//2525 11137//2541
f 11141//2539 11034//2539 10963//2623
f 11137//2549 11220//2541 11226//2525
f 11229//2540 11223//2526 11141//2578
f 11364//2537 11370//2537 11449//2537
f 11453//2536 11373//2530 11367//2530
f 11734//2525 11740//2525 11796//2573
f 11799//2526 11743//2526 11737//2526
f 11808//3857 11814//2537 11890//2525
f 11893//2526 11817//2530 11811//2530
f 11896//3858 11902//3854 11961//2537
f 11965//2576 11905//2530 11899//2530
f 12006//2563 12013//2525 12097//2594
f 12101//2526 12017//2597 12009//3859
f 12097//2594 12178//2525 12184//2525
f 12187//2526 12181//2526 12101//2526
f 12202//2544 12250//2541 8358//3856
f 8361//2647 12253//2528 12205//3855
f 8370//2525 8376//2556 8440//3844
f 8443//2654 8379//2526 8373//2618
f 8548//2525 8554//2525 8638//2525
f 8641//2526 8557//2526 8551//2526
f 8638//2525 8734//2551 8740//2533
f 8743//2530 8737//2609 8641//2526
f 8776//2525 8782//2525 8884//2525
f 8887//2528 8785//2526 8779//2526
f 9197//3857 9203//2525 9265//2541
f 9268//2540 9206//2526 9200//2530
f 9339//2525 9345//2525 9393//2567
f 9398//2592 9348//2526 9342//2526
f 9402//2525 9533//2525 9540//2541
f 9543//2592 9537//2592 9409//2526
f 9772//2525 9778//2525 9840//2555
f 9843//2539 9781//2526 9775//2526
f 9973//2525 9979//2537 10041//2533
f 10044//2539 9982//2526 9976//2526
f 10127//2533 10133//2525 10197//2555
f 10200//2539 10136//2554 10130//2539
f 10197//2555 10301//2525 10307//2525
f 10311//2539 10304//2539 10200//2539
f 10365//2525 10427//2525 10629//2525
f 10634//2539 10430//2526 10368//2585
f 10629//2525 10688//2525 10694//2541
f 10697//2539 10691//2530 10634//2539
f 10770//2525 10776//2567 10812//2541
f 10816//2539 10779//2585 10773//2526
f 10954//2596 10960//2525 11137//2541
f 11141//2539 10963//2623 10957//2539
f 11137//2549 11226//2525 11232//2525
f 11235//2539 11229//2540 11141//2578
f 11358//2537 11364//2537 11449//2537
f 11453//2536 11367//2530 11361//2530
f 11728//2525 11734//2525 11796//2573
f 11799//2526 11737//2526 11731//2526
f 11802//2525 11808//3857 11890//2525
f 11893//2526 11811//2530 11805//2539
f 11890//2525 11896//3858 11961//2537
f 11965//2576 11899//2530 11893//2526
f 12000//2525 12006//2563 12097//2594
f 12101//2526 12009//3859 12003//2526
f 12097//2594 12184//2525 12190//2525
f 12193//2526 12187//2526 12101//2526
f 12196//2541 12202//2544 8358//3856
f 8361//2647 12205//3855 12199//2543
f 8364//2531 8370//2525 8440//3844
f 8443//2654 8373//2618 8367//2539
f 8542//2525 8548//2525 8638//2525
f 8641//2526 8551//2526 8545//2526
f 8638//2525 8740//2533 8746//2533
f 8749//2530 8743//2530 8641//2526
f 8770//2525 8776//2525 8884//2525
f 8887//2528 8779//2526 8773//2526
f 9197//3857 9265//2541 9283//2541
f 9286//2539 9268//2540 9200//2530
f 9333//2525 9339//2525 9393//2567
f 9398//2592 9342//2526 9336//2526
f 9402//2525 9540//2541 9546//2567
f 9549//2592 9543//2592 9409//2526
f 9766//2537 9772//2525 9840//2555
f 9843//2539 9775//2526 9769//2623
f 9967//2525 9973//2525 10041//2533
f 10044//2539 9976//2526 9970//2539
f 10127//2533 10197//2555 10307//2525
f 10311//2539 10200//2539 10130//2539
f 10359//2551 10365//2525 10629//2525
f 10634//2539 10368//2585 10362//2585
f 10764//2525 10770//2525 10812//2541
f 10816//2539 10773//2526 10767//2574
f 10948//2525 10954//2596 11137//2541
f 11141//2539 10957//2539 10951//2526
f 11137//2549 11232//2525 11239//2525
f 11243//2526 11235//2539 11141//2578
f 11352//2537 11358//2537 11449//2537
f 11453//2536 11361//2530 11355//2530
f 11728//2525 11796//2573 11802//2525
f 11805//2539 11799//2526 11731//2526
f 11802//2525 11890//2525 11961//2537
f 11965//2576 11893//2526 11805//2539
f 11994//2525 12000//2525 12097//2594
f 12101//2526 12003//2526 11997//3860
f 12097//2594 12190//2525 12196//2541
f 12199//2543 12193//2526 12101//2526
f 12196//2541 8358//3856 8364//2531
f 8367//2539 8361//2647 12199//2543
f 8364//2531 8440//3844 8446//2545
f 8449//2543 8443//2654 8367//2539
f 8536//3861 8542//2525 8638//2525
f 8641//2526 8545//2526 8539//2618
f 8638//2525 8746//2533 8752//2534
f 8755//2548 8749//2530 8641//2526
f 8770//2525 8884//2525 8890//2525
f 8893//2526 8887//2528 8773//2526
f 9191//2541 9197//3857 9283//2541
f 9286//2539 9200//2530 9194//2539
f 9327//2525 9333//2525 9393//2567
f 9398//2592 9336//2526 9330//2526
f 9402//2525 9546//2567 9552//2525
f 9555//2526 9549//2592 9409//2526
f 9766//2537 9840//2555 9864//2541
f 9867//2539 9843//2539 9769//2623
f 9961//2525 9967//2525 10041//2533
f 10044//2539 9970//2539 9964//2526
f 10121//2533 10127//2533 10307//2525
f 10311//2539 10130//2539 10124//2539
f 10353//2602 10359//2551 10629//2525
f 10634//2539 10362//2585 10356//2526
f 10758//2525 10764//2525 10812//2541
f 10816//2539 10767//2574 10761//2623
f 10940//2525 10948//2525 11137//2541
f 11141//2539 10951//2526 10944//2530
f 11137//2549 11239//2525 11247//2541
f 11252//2526 11243//2526 11141//2578
f 11346//2537 11352//2537 11449//2537
f 11453//2536 11355//2530 11349//2530
f 11722//2525 11728//2525 11802//2525
f 11805//2539 11731//2526 11725//2526
f 11802//2525 11961//2537 11974//2537
f 11977//2527 11965//2576 11805//2539
f 11994//2525 12097//2594 12196//2541
f 12199//2543 12101//2526 11997//3860
f 12196//2541 8364//2531 8446//2545
f 8449//2543 8367//2539 12199//2543
f 8536//3861 8638//2525 8752//2534
f 8755//2548 8641//2526 8539//2618
f 8770//2525 8890//2525 8896//2525
f 8899//2526 8893//2526 8773//2526
f 9185//2525 9191//2541 9283//2541
f 9286//2539 9194//2539 9188//2526
f 9321//2533 9327//2525 9393//2567
f 9398//2592 9330//2526 9324//2540
f 9402//2525 9552//2525 9558//2596
f 9561//2616 9555//2526 9409//2526
f 9760//2525 9766//2537 9864//2541
f 9867//2539 9769//2623 9763//2539
f 9955//2525 9961//2525 10041//2533
f 10044//2539 9964//2526 9958//2574
f 10115//2533 10121//2533 10307//2525
f 10311//2539 10124//2539 10118//2539
f 10347//2525 10353//2602 10629//2525
f 10634//2539 10356//2526 10350//2574
f 10751//2525 10758//2525 10812//2541
f 10816//2539 10761//2623 10755//2540
f 10935//2525 10943//2525 11140//2525
f 11144//2539 10947//2539 10939//2539
f 11140//2525 11251//2525 11259//2525
f 11264//2539 11255//2539 11145//2539
f 11340//2537 11346//2537 11449//2537
f 11453//2536 11349//2530 11343//2530
f 11716//2541 11722//2525 11802//2525
f 11805//2539 11725//2526 11719//2530
f 11802//2525 11974//2537 11980//2537
f 11984//2530 11977//2527 11805//2539
f 11988//3862 11994//2525 12196//2541
f 12199//2543 11997//3860 11991//3863
f 12196//2541 8446//2545 8452//2545
f 8455//2526 8449//2543 12199//2543
f 8530//2615 8536//3861 8752//2534
f 8755//2548 8539//2618 8533//2526
f 8770//2525 8896//2525 8902//2525
f 8905//2526 8899//2526 8773//2526
f 9178//2525 9185//2525 9283//2541
f 9286//2539 9188//2526 9182//2526
f 9315//3854 9321//2533 9393//2567
f 9398//2592 9324//2540 9318//2575
f 9402//2525 9558//2596 9564//2525
f 9567//2526 9561//2616 9409//2526
f 9754//2541 9760//2525 9864//2541
f 9867//2539 9763//2539 9757//2530
f 9955//2525 10041//2533 10053//2541
f 10056//2539 10044//2539 9958//2574
f 10109//2549 10115//2533 10307//2525
f 10311//2539 10118//2539 10112//2526
f 10341//2541 10347//2525 10629//2525
f 10634//2539 10350//2574 10344//2526
f 10747//2525 10754//2525 10815//2525
f 10816//2539 10755//2540 10748//2526
f 10932//2537 11137//2525 11256//2525
f 11261//2526 11141//2526 10936//2530
f 11334//2551 11340//2537 11449//2537
f 11453//2536 11343//2530 11337//2527
f 11716//2541 11802//2525 11980//2537
f 11984//2530 11805//2539 11719//2530
f 11980//2525 11988//3862 12196//2541
f 12199//2543 11991//3863 11984//2526
f 12196//2541 8452//2545 8458//2587
f 8461//2528 8455//2526 12199//2543
f 8524//2529 8530//2615 8752//2534
f 8755//2548 8533//2526 8527//3864
f 8770//2525 8902//2525 8909//2541
f 8913//2543 8905//2526 8773//2526
f 9171//2525 9178//2525 9283//2541
f 9286//2539 9182//2526 9174//2526
f 9309//2525 9315//3854 9393//2567
f 9398//2592 9318//2575 9312//2526
f 9402//2525 9564//2525 9570//2537
f 9573//2530 9567//2526 9409//2526
f 9748//2541 9754//2541 9864//2541
f 9867//2539 9757//2530 9751//2526
f 9948//2537 9955//2525 10053//2541
f 10056//2539 9958//2574 9952//2526
f 10103//2563 10109//2549 10307//2525
f 10311//2539 10112//2526 10106//2526
f 10334//2541 10341//2541 10629//2525
f 10634//2539 10344//2526 10338//2526
f 10743//2525 10812//2541 10819//2541
f 10822//2539 10816//2539 10748//2526
f 10926//2537 10932//2537 11256//2525
f 11261//2526 10936//2530 10929//2530
f 11328//2537 11334//2551 11449//2537
f 11453//2536 11337//2527 11331//2530
f 11710//2567 11716//2541 11980//2537
f 11984//2530 11719//2530 11713//2530
f 11980//2525 12196//2541 8458//2587
f 8461//2528 12199//2543 11984//2526
f 8518//2525 8524//2529 8752//2534
f 8755//2548 8527//3864 8521//2526
f 9171//2525 9283//2541 9289//2559
f 9292//2539 9286//2539 9174//2526
f 9303//2541 9309//2525 9393//2567
f 9398//2592 9312//2526 9306//2526
f 9402//2525 9570//2537 9576//2525
f 9580//2530 9573//2530 9409//2526
f 9741//2525 9748//2541 9864//2541
f 9867//2539 9751//2526 9744//2526
f 9941//2525 9948//2537 10053//2541
f 10056//2539 9952//2526 9944//2623
f 10095//2541 10103//2563 10307//2525
f 10311//2539 10106//2526 10099//2526
f 10329//2541 10337//2541 10633//2541
f 10634//2539 10338//2526 10330//2526
f 10743//2525 10819//2541 10825//2525
f 10828//2539 10822//2539 10748//2526
f 10919//2537 10926//2537 11256//2525
f 11261//2526 10929//2530 10923//2530
f 11328//2537 11449//2537 11456//2537
f 11459//2530 11453//2536 11331//2530
f 11704//2567 11710//2567 11980//2537
f 11984//2530 11713//2530 11707//2530
f 11980//2525 8458//2587 8464//3865
f 8467//2601 8461//2528 11984//2526
f 8512//2615 8518//2525 8752//2534
f 8755//2548 8521//2526 8515//3866
f 9165//2537 9171//2525 9289//2559
f 9292//2539 9174//2526 9168//2526
f 9303//2541 9393//2567 9402//2555
f 9409//2530 9398//2592 9306//2526
f 9404//2525 9577//2525 9586//2525
f 9592//2539 9581//2539 9412//2539
f 9734//2525 9741//2525 9864//2541
f 9868//2539 9745//2539 9738//2539
f 9935//3867 9941//2525 10053//2541
f 10056//2539 9944//2623 9938//2539
f 10088//2559 10096//2559 10310//2559
f 10316//2624 10100//2624 10092//2624
f 10318//3868 10326//3868 10630//3868
f 10635//2575 10331//2575 10323//2575
f 10734//2525 10743//2525 10825//2525
f 10828//2539 10748//2526 10738//2540
f 10912//2537 10919//2537 11256//2525
f 11261//2526 10923//2530 10915//2530
f 11328//2537 11456//2537 11463//2537
f 11467//2530 11459//2530 11331//2530
f 11698//2567 11704//2567 11980//2537
f 11984//2530 11707//2530 11701//2526
f 11980//2525 8464//3865 8470//2525
f 8473//2601 8467//2601 11984//2526
f 8506//2556 8512//2615 8752//2534
f 8755//2548 8515//3866 8509//2526
f 9165//2537 9289//2559 9296//2525
f 9300//2539 9292//2539 9168//2526
f 9726//2525 9734//2525 9864//2541
f 9867//2539 9737//2526 9730//2526
f 9929//2567 9935//3867 10053//2541
f 10056//2539 9938//2539 9932//2526
f 10079//2555 10087//2649 10307//2541
f 10311//2564 10091//2564 10083//2564
f 10317//2525 10629//2525 10694//2541
f 10697//2539 10634//2539 10322//2526
f 10734//2525 10825//2525 10831//2533
f 10834//2539 10828//2539 10738//2540
f 10905//2537 10912//2537 11256//2525
f 11261//2526 10915//2530 10909//2530
f 11328//2537 11463//2537 11470//2537
f 11473//2530 11467//2530 11331//2530
f 11691//2567 11698//2567 11980//2537
f 11984//2530 11701//2526 11695//2539
f 11980//2525 8470//2525 8476//2538
f 8479//2536 8473//2601 11984//2526
f 8500//2525 8506//2556 8752//2534
f 8755//2548 8509//2526 8503//3869
f 9159//2525 9165//2537 9296//2525
f 9300//2539 9168//2526 9162//2530
f 9726//2525 9864//2541 9871//2541
f 9875//2539 9867//2539 9730//2526
f 9923//2525 9929//2567 10053//2541
f 10056//2539 9932//2526 9926//2526
f 10071//2525 10079//2555 10307//2541
f 10312//2526 10084//2526 10075//2526
f 10307//2541 10317//2525 10694//2541
f 10697//2539 10322//2526 10311//2539
f 10734//2525 10831//2533 10837//2541
f 10840//2539 10834//2539 10738//2540
f 10896//2537 10905//2537 11256//2525
f 11261//2526 10909//2530 10900//2530
f 11328//2537 11470//2537 11476//2537
f 11479//2530 11473//2530 11331//2530
f 11684//2525 11691//2567 11980//2537
f 11984//2530 11695//2539 11687//2592
f 11980//2525 8476//2538 8482//2531
f 8485//2526 8479//2536 11984//2526
f 8494//2525 8500//2525 8752//2534
f 8755//2548 8503//3869 8497//2526
f 9159//2525 9296//2525 9303//2541
f 9306//2526 9300//2539 9162//2530
f 9718//2635 9727//2635 9872//2635
f 9876//2628 9731//2628 9723//2628
f 9917//2525 9923//2525 10053//2541
f 10056//2539 9926//2526 9920//2526
f 10065//2525 10071//2525 10307//2541
f 10311//2539 10074//2526 10068//2526
f 10307//2541 10694//2541 10700//2541
f 10705//2526 10697//2539 10311//2539
f 10734//2525 10837//2541 10843//2541
f 10846//2539 10840//2539 10738//2540
f 10890//2537 10899//2537 11260//2537
f 11265//2530 10904//2530 10895//2530
f 11328//2537 11476//2537 11483//2537
f 11487//2530 11479//2530 11331//2530
f 11678//2541 11684//2525 11980//2537
f 11984//2530 11687//2592 11681//2592
f 11980//2525 8482//2531 8488//2587
f 8491//2539 8485//2526 11984//2526
f 8488//2587 8494//2525 8752//2534
f 8755//2548 8497//2526 8491//2539
f 9159//2525 9303//2541 9402//2555
f 9409//2530 9306//2526 9162//2530
f 9716//2541 9871//2555 9879//2541
f 9882//2539 9875//2539 9721//2539
f 9911//2541 9917//2525 10053//2541
f 10056//2539 9920//2526 9914//2526
f 10065//2525 10307//2541 10700//2541
f 10705//2526 10311//2539 10068//2526
f 10734//2525 10843//2541 10849//2541
f 10852//2539 10846//2539 10738//2540
f 10887//2525 11256//2537 11266//2537
f 11269//2526 11261//2526 10891//2578
f 11319//2537 11328//2537 11483//2537
f 11487//2530 11331//2530 11323//2530
f 11672//2525 11678//2541 11980//2537
f 11984//2530 11681//2592 11675//2592
f 11980//2525 8488//2587 8752//2534
f 8755//2548 8491//2539 11984//2526
f 9153//2525 9159//2525 9402//2555
f 9409//2530 9162//2530 9156//2530
f 9716//2541 9879//2541 9885//2541
f 9889//2539 9882//2539 9721//2539
f 9911//2541 10053//2541 10059//2541
f 10062//2539 10056//2539 9914//2526
f 10059//2541 10065//2525 10700//2541
f 10705//2526 10068//2526 10062//2539
f 10734//2525 10849//2541 10855//2541
f 10858//2539 10852//2539 10738//2540
f 10887//2525 11266//2537 11272//2537
f 11275//2530 11269//2526 10891//2578
f 11319//2537 11483//2537 11490//2537
f 11494//2530 11487//2530 11323//2530
f 11666//2525 11672//2525 11980//2537
f 11984//2530 11675//2592 11669//2622
f 11980//2525 8752//2534 8758//2525
f 8761//2535 8755//2548 11984//2526
f 9147//2541 9153//2525 9402//2555
f 9409//2530 9156//2530 9150//2539
f 9709//3870 9717//3870 9886//3870
f 9890//2592 9722//2592 9713//2592
f 9911//2541 10059//2541 10700//2541
f 10705//2526 10062//2539 9914//2526
f 10734//2525 10855//2541 10861//2541
f 10864//2539 10858//2539 10738//2540
f 10887//2525 11272//2537 11278//2537
f 11281//2530 11275//2530 10891//2578
f 11322//2537 11493//2537 11501//2537
f 11505//2530 11497//2530 11326//2530
f 11660//2602 11666//2525 11980//2537
f 11984//2530 11669//2622 11663//2585
f 11980//2525 8758//2525 8764//2525
f 8767//2526 8761//2535 11984//2526
f 9141//2541 9147//2541 9402//2555
f 9409//2530 9150//2539 9144//2539
f 9708//2541 9885//2541 9893//2525
f 9896//2526 9889//2539 9712//2526
f 9905//2525 9911//2541 10700//2541
f 10705//2526 9914//2526 9908//2526
f 10734//2525 10861//2541 10867//2541
f 10870//2539 10864//2539 10738//2540
f 10887//2525 11278//2537 11284//2537
f 11287//2530 11281//2530 10891//2578
f 11319//2537 11498//2537 11506//2537
f 11509//2530 11502//2530 11323//2530
f 11654//2555 11660//2602 11980//2537
f 11984//2530 11663//2585 11657//2574
f 11980//2525 8764//2525 8770//2525
f 8773//2526 8767//2526 11984//2526
f 9135//2541 9141//2541 9402//2555
f 9409//2530 9144//2539 9138//2539
f 9708//2541 9893//2525 9899//2525
f 9902//2526 9896//2526 9712//2526
f 9899//2525 9905//2525 10700//2541
f 10705//2526 9908//2526 9902//2526
f 10724//2567 10734//2525 10867//2541
f 10873//2530 10742//2530 10733//2530
f 10887//2525 11284//2537 11290//2537
f 11293//2540 11287//2530 10891//2578
f 11319//2537 11506//2537 11513//2537
f 11517//2530 11509//2530 11323//2530
f 11648//2525 11654//2555 11980//2537
f 11984//2530 11657//2574 11651//2526
f 11980//2525 8770//2525 8909//2541
f 8913//2543 8773//2526 11984//2526
f 9129//2541 9135//2541 9402//2555
f 9409//2530 9138//2539 9132//2539
f 9708//2541 9899//2525 10700//2541
f 10705//2526 9902//2526 9712//2526
f 10724//2567 10867//2541 10874//2541
f 10877//2539 10870//2539 10728//2526
f 10880//2525 10887//2525 11290//2537
f 11294//2578 10892//2578 10884//2578
f 11319//2537 11513//2537 11520//2537
f 11524//2530 11517//2530 11323//2530
f 11642//2541 11648//2525 11980//2537
f 11984//2530 11651//2526 11645//2574
f 11980//2525 8909//2541 8916//2534
f 8919//2526 8913//2543 11984//2526
f 9123//2541 9129//2541 9402//2555
f 9409//2530 9132//2539 9126//2539
f 9702//2541 9708//2541 10700//2541
f 10705//2526 9712//2526 9705//2526
f 10724//2567 10874//2541 10880//2525
f 10883//2526 10877//2539 10728//2526
f 10880//2525 11290//2537 11297//2537
f 11301//2530 11293//2592 10883//2526
f 11322//2525 11523//2525 11533//2525
f 11537//2530 11528//2530 11327//2530
f 11635//3857 11642//2541 11980//2537
f 11984//2530 11645//2574 11639//2526
f 11980//2525 8916//2534 8922//2525
f 8925//2528 8919//2526 11984//2526
f 9117//2541 9123//2541 9402//2555
f 9409//2530 9126//2539 9120//2539
f 9696//2541 9702//2541 10700//2541
f 10705//2526 9705//2526 9699//2526
f 10724//2567 10880//2525 11297//2537
f 11301//2530 10883//2526 10728//2526
f 11319//2555 11529//2525 11538//2541
f 11541//2526 11534//2530 11323//2530
f 11628//2541 11635//3857 11980//2537
f 11984//2530 11639//2526 11631//2574
f 11980//2525 8922//2525 8928//2565
f 8931//2526 8925//2528 11984//2526
f 9111//2541 9117//2541 9402//2555
f 9409//2530 9120//2539 9114//2539
f 9690//2541 9696//2541 10700//2541
f 10705//2526 9699//2526 9693//2526
f 10717//2567 10725//2567 11298//2567
f 11302//2530 10729//2530 10721//2530
f 11621//2525 11628//2541 11980//2537
f 11984//2530 11631//2574 11625//2526
f 11980//2525 8928//2565 8934//2587
f 8937//2590 8931//2526 11984//2526
f 9104//2541 9111//2541 9402//2555
f 9409//2530 9114//2539 9108//2539
f 9684//2541 9690//2541 10700//2541
f 10705//2526 9693//2526 9687//2526
f 10716//2533 11297//2537 11305//2541
f 11308//2530 11301//2530 10720//2564
f 11612//2555 11621//2525 11980//2537
f 11984//2530 11625//2526 11616//2574
f 11980//2525 8934//2587 8940//2525
f 8943//2532 8937//2590 11984//2526
f 9096//2541 9104//2541 9402//2555
f 9409//2530 9108//2539 9100//2539
f 9677//2541 9684//2541 10700//2541
f 10705//2526 9687//2526 9681//2526
f 10716//2533 11305//2541 11312//2525
f 11316//2530 11308//2530 10720//2564
f 11605//2525 11615//2525 11983//2525
f 11987//2539 11620//2539 11610//2539
f 11980//2525 8940//2525 8947//2589
f 8951//2532 8943//2532 11984//2526
f 9089//2541 9096//2541 9402//2555
f 9409//2530 9100//2539 9092//2539
f 9670//2541 9677//2541 10700//2541
f 10705//2526 9681//2526 9673//2526
f 10716//2533 11312//2525 11319//2555
f 11323//2530 11316//2530 10720//2564
f 11980//2525 8947//2589 8954//2534
f 8957//2546 8951//2532 11984//2526
f 9083//2541 9089//2541 9402//2555
f 9409//2530 9092//2539 9086//2539
f 9664//2541 9670//2541 10700//2541
f 10705//2526 9673//2526 9667//2526
f 10716//2533 11319//2555 11538//2541
f 11541//2526 11323//2530 10720//2564
f 11980//2525 8954//2534 8960//2534
f 8963//2528 8957//2546 11984//2526
f 9077//2541 9083//2541 9402//2555
f 9409//2530 9086//2539 9080//2539
f 9658//2541 9664//2541 10700//2541
f 10705//2526 9667//2526 9661//2526
f 11980//2525 8960//2534 8966//2534
f 8969//2654 8963//2528 11984//2526
f 9071//2525 9077//2541 9402//2555
f 9409//2530 9080//2539 9074//2526
f 9652//2525 9658//2541 10700//2541
f 10705//2526 9661//2526 9655//2526
f 11980//2525 8966//2534 8973//2525
f 8978//2539 8969//2654 11984//2526
f 9065//2525 9071//2525 9402//2555
f 9409//2530 9074//2526 9068//2526
f 9646//2525 9652//2525 10700//2541
f 10705//2526 9655//2526 9649//2526
f 11602//2525 11980//2525 8973//2525
f 8978//2539 11984//2526 11607//2526
f 9059//2549 9065//2525 9402//2555
f 9409//2530 9068//2526 9062//2540
f 9640//2525 9646//2525 10700//2541
f 10705//2526 9649//2526 9643//2526
f 11606//2559 8974//2559 8983//2559
f 8987//2592 8979//2592 11611//2592
f 9052//2533 9059//2549 9402//2555
f 9409//2530 9062//2540 9056//2540
f 9634//2525 9640//2525 10700//2541
f 10705//2526 9643//2526 9637//2526
f 11595//2541 11602//2541 8982//3858
f 8986//2530 11607//2539 11599//2539
f 9045//2555 9052//2533 9402//2555
f 9409//2530 9056//2540 9048//2578
f 9628//2525 9634//2525 10700//2541
f 10705//2526 9637//2526 9631//2526
f 11588//2525 11595//2541 8982//3858
f 8986//2530 11599//2539 11591//2539
f 9038//2525 9045//2555 9402//2555
f 9409//2530 9048//2578 9041//2578
f 9622//2525 9628//2525 10700//2541
f 10705//2526 9631//2526 9625//2526
f 11582//2525 11588//2525 8982//3858
f 8986//2530 11591//2539 11585//2539
f 9029//2566 9038//2525 9402//2555
f 9411//2648 9042//2648 9034//2648
f 9616//2525 9622//2525 10700//2541
f 10705//2526 9625//2526 9619//2526
f 11576//2525 11582//2525 8982//3858
f 8986//2530 11585//2539 11579//2539
f 9029//2566 9402//2555 9584//2559
f 9590//2578 9409//2578 9033//2578
f 9610//2525 9616//2525 10700//2541
f 10705//2526 9619//2526 9613//2526
f 11570//2525 11576//2525 8982//3858
f 8986//2530 11579//2539 11573//2539
f 9021//2566 9030//2566 9587//2566
f 9593//2592 9035//2592 9026//2592
f 9604//2525 9610//2525 10700//2541
f 10705//2526 9613//2526 9607//2526
f 11564//2525 11570//2525 8982//3858
f 8986//2530 11573//2539 11567//2526
f 9020//2541 9585//2541 9597//2541
f 9601//2526 9591//2526 9025//2526
f 9596//2541 9604//2525 10700//2541
f 10705//2526 9607//2526 9600//2526
f 11557//2525 11564//2525 8982//3858
f 8986//2530 11567//2526 11561//2526
f 9019//2555 9596//2541 10700//2541
f 10705//2526 9600//2526 9024//2575
f 11550//2525 11557//2525 8982//3858
f 8986//2530 11561//2526 11553//2526
f 9011//2567 9019//2555 10700//2541
f 10705//2526 9024//2575 9015//2575
f 11544//2563 11550//2525 8982//3858
f 8986//2530 11553//2526 11547//2526
f 9004//2537 9012//2537 10704//2537
f 10708//2578 9016//2578 9008//2578
f 11538//2541 11544//2563 8982//3858
f 8986//2530 11547//2526 11541//2526
f 9003//2525 10701//2525 10710//2525
f 10713//2526 10705//2526 9007//2526
f 11538//2541 8982//3858 8990//2525
f 8993//2526 8986//2530 11541//2526
f 9002//2525 10709//2533 10716//2533
f 10720//2564 10713//2526 9007//2526
f 11538//2541 8990//2525 8996//2525
f 8999//2540 8993//2526 11541//2526
f 9002//2525 10716//2533 11538//2541
f 11541//2526 10720//2564 9007//2526
f 11538//2541 8996//2525 9002//2525
f 9007//2526 8999//2540 11541//2526
