# Blender 5.2.2 LTS
# www.blender.org
mtllib MONSTER BODYY ver3.mtl
o Cylinder_Material.001_0
v 0.485893 0.598485 0.070506
v 0.471239 0.598510 0.070865
v 0.486777 0.598470 0.089010
v 0.456104 0.598528 0.063476
v 0.458580 0.598518 0.075421
v 0.437185 0.598107 0.089102
v 0.472700 0.598197 0.100154
v 0.492888 0.597915 0.095722
v 0.485893 0.598485 -0.066885
v 0.486777 0.598470 -0.085389
v 0.471239 0.598510 -0.067244
v 0.456104 0.598528 -0.059855
v 0.458580 0.598518 -0.071800
v 0.437185 0.598107 -0.085481
v 0.492888 0.597915 -0.092101
v 0.472700 0.598197 -0.096533
v 0.370476 0.596827 0.003430
v 0.383654 0.596827 0.028788
v 0.375071 0.596827 0.019242
v 0.375071 0.596827 -0.012383
v 0.383654 0.596827 -0.021929
v 0.447367 0.602852 0.019380
v 0.449129 0.602852 0.003430
v 0.449129 0.603227 0.003430
v 0.436728 0.602783 0.035519
v 0.435351 0.602807 0.035168
v 0.435098 0.602769 0.035713
v 0.435943 0.603885 0.033265
v 0.436599 0.603896 0.031796
v 0.435823 0.603726 0.032861
v 0.436681 0.603875 0.033761
v 0.437422 0.603740 0.033573
v 0.438007 0.603866 0.032450
v 0.434469 0.602830 0.034018
v 0.434717 0.603022 0.033178
v 0.434286 0.602852 0.032820
v 0.436236 0.603410 0.034624
v 0.435265 0.603301 0.034048
v 0.437981 0.602765 0.035337
v 0.437349 0.603120 0.034900
v 0.447367 0.602852 -0.012521
v 0.436728 0.602783 -0.028660
v 0.435098 0.602769 -0.028854
v 0.435351 0.602807 -0.028309
v 0.435943 0.603885 -0.026406
v 0.435823 0.603726 -0.026001
v 0.436599 0.603896 -0.024937
v 0.436681 0.603875 -0.026902
v 0.438007 0.603866 -0.025591
v 0.437422 0.603740 -0.026714
v 0.434469 0.602830 -0.027159
v 0.434286 0.602852 -0.025961
v 0.434717 0.603022 -0.026319
v 0.436236 0.603410 -0.027765
v 0.435265 0.603301 -0.027188
v 0.437981 0.602765 -0.028478
v 0.437349 0.603120 -0.028041
v 0.451998 -0.550899 -0.253450
v 0.500082 -0.550899 -0.238864
v 0.491261 -0.566582 -0.217570
v 0.447501 -0.566582 -0.230844
v 0.544396 -0.550899 -0.215178
v 0.531590 -0.566582 -0.196013
v 0.583237 -0.550899 -0.183302
v 0.566939 -0.566582 -0.167003
v 0.615114 -0.550899 -0.144460
v 0.595949 -0.566582 -0.131655
v 0.638800 -0.550899 -0.100146
v 0.617505 -0.566582 -0.091325
v 0.653386 -0.550899 -0.052063
v 0.630779 -0.566582 -0.047566
v 0.658311 -0.550899 -0.002057
v 0.635262 -0.566582 -0.002057
v 0.658311 -0.550899 -0.002057
v 0.653386 -0.550899 0.047948
v 0.630779 -0.566582 0.043451
v 0.635262 -0.566582 -0.002057
v 0.638800 -0.550899 0.096031
v 0.617505 -0.566582 0.087211
v 0.615114 -0.550899 0.140345
v 0.595949 -0.566582 0.127540
v 0.583237 -0.550899 0.179187
v 0.566939 -0.566582 0.162889
v 0.544396 -0.550899 0.211064
v 0.531590 -0.566582 0.191899
v 0.500082 -0.550899 0.234750
v 0.491261 -0.566582 0.213455
v 0.451998 -0.550899 0.249336
v 0.447501 -0.566582 0.226729
v 0.401993 -0.550899 0.254261
v 0.401993 -0.566582 0.231211
v 0.351988 -0.550899 0.249336
v 0.356484 -0.566582 0.226729
v 0.303904 -0.550899 0.234750
v 0.312725 -0.566582 0.213455
v 0.259590 -0.550899 0.211064
v 0.272396 -0.566582 0.191899
v 0.220749 -0.550899 0.179187
v 0.237047 -0.566582 0.162889
v 0.188872 -0.550899 0.140345
v 0.208037 -0.566582 0.127540
v 0.165186 -0.550899 0.096031
v 0.186481 -0.566582 0.087211
v 0.150600 -0.550899 0.047948
v 0.173206 -0.566582 0.043451
v 0.145675 -0.550899 -0.002057
v 0.168724 -0.566582 -0.002057
v 0.150600 -0.550899 -0.052063
v 0.173206 -0.566582 -0.047566
v 0.165186 -0.550899 -0.100146
v 0.186481 -0.566582 -0.091325
v 0.188872 -0.550899 -0.144460
v 0.208037 -0.566582 -0.131655
v 0.220749 -0.550899 -0.183302
v 0.237047 -0.566582 -0.167003
v 0.259590 -0.550899 -0.215178
v 0.272396 -0.566582 -0.196013
v 0.303904 -0.550899 -0.238864
v 0.312725 -0.566582 -0.217570
v 0.182300 0.567225 0.088942
v 0.204274 0.567225 0.130054
v 0.209344 0.595559 0.126667
v 0.187932 0.595559 0.086609
v 0.351988 -0.550899 -0.253450
v 0.356484 -0.566582 -0.230844
v 0.401993 -0.550899 -0.258376
v 0.401993 -0.566582 -0.235326
v 0.625868 -0.574964 -0.046589
v 0.630254 -0.574964 -0.002057
v 0.629183 -0.585410 -0.002057
v 0.624818 -0.585410 -0.046380
v 0.178117 -0.574964 -0.046589
v 0.191107 -0.574964 -0.089409
v 0.192097 -0.585410 -0.088999
v 0.179168 -0.585410 -0.046380
v 0.401993 -0.574964 0.226204
v 0.357461 -0.574964 0.221818
v 0.357670 -0.585410 0.220767
v 0.401993 -0.585410 0.225133
v 0.173731 -0.574964 -0.002057
v 0.174803 -0.585410 -0.002057
v 0.528808 -0.574964 -0.191850
v 0.563398 -0.574964 -0.163463
v 0.562641 -0.585410 -0.162705
v 0.528213 -0.585410 -0.190959
v 0.563398 -0.574964 0.159348
v 0.528808 -0.574964 0.187735
v 0.528213 -0.585410 0.186844
v 0.562641 -0.585410 0.158590
v 0.212200 -0.574964 0.124758
v 0.191107 -0.574964 0.085295
v 0.192097 -0.585410 0.084885
v 0.213091 -0.585410 0.124163
v 0.314641 -0.574964 -0.212943
v 0.357461 -0.574964 -0.225933
v 0.357670 -0.585410 -0.224882
v 0.315051 -0.585410 -0.211954
v 0.630254 -0.574964 -0.002057
v 0.625868 -0.574964 0.042474
v 0.624818 -0.585410 0.042265
v 0.629183 -0.585410 -0.002057
v 0.314641 -0.574964 0.208829
v 0.315051 -0.585410 0.207839
v 0.212200 -0.574964 -0.128873
v 0.213091 -0.585410 -0.128277
v 0.591785 -0.574964 -0.128873
v 0.590895 -0.585410 -0.128277
v 0.489345 -0.574964 0.208829
v 0.488935 -0.585410 0.207839
v 0.178117 -0.574964 0.042474
v 0.179168 -0.585410 0.042265
v 0.612879 -0.574964 0.085295
v 0.611889 -0.585410 0.084885
v 0.275178 -0.574964 0.187735
v 0.275773 -0.585410 0.186844
v 0.240588 -0.574964 -0.163463
v 0.241345 -0.585410 -0.162705
v 0.612879 -0.574964 -0.089409
v 0.611889 -0.585410 -0.088999
v 0.446525 -0.574964 0.221818
v 0.446316 -0.585410 0.220767
v 0.401993 -0.574964 -0.230319
v 0.401993 -0.585410 -0.229247
v 0.591785 -0.574964 0.124758
v 0.590895 -0.585410 0.124163
v 0.240588 -0.574964 0.159348
v 0.241345 -0.585410 0.158590
v 0.275178 -0.574964 -0.191850
v 0.275773 -0.585410 -0.190959
v 0.489345 -0.574964 -0.212943
v 0.488935 -0.585410 -0.211954
v 0.611500 -0.585392 0.039616
v 0.599344 -0.585392 0.079688
v 0.589037 -0.577321 0.075419
v 0.600558 -0.577321 0.037440
v 0.446525 -0.574964 -0.225933
v 0.446316 -0.585410 -0.224882
v 0.360319 -0.585392 -0.211564
v 0.401993 -0.585392 -0.215669
v 0.401993 -0.577321 -0.204513
v 0.362496 -0.577321 -0.200623
v 0.483738 -0.585392 -0.199409
v 0.520669 -0.585392 -0.179669
v 0.514471 -0.577321 -0.170393
v 0.479469 -0.577321 -0.189102
v 0.553039 -0.585392 -0.153103
v 0.545151 -0.577321 -0.145215
v 0.579604 -0.585392 -0.120733
v 0.570328 -0.577321 -0.114536
v 0.599344 -0.585392 -0.083803
v 0.589037 -0.577321 -0.079534
v 0.611500 -0.585392 -0.043731
v 0.600558 -0.577321 -0.041554
v 0.615604 -0.585392 -0.002057
v 0.604448 -0.577321 -0.002057
v 0.614875 -0.588817 0.040288
v 0.619046 -0.588817 -0.002057
v 0.625392 -0.588817 -0.002057
v 0.621099 -0.588817 0.041526
v 0.615604 -0.585392 -0.002057
v 0.604448 -0.577321 -0.002057
v 0.579604 -0.585392 0.116619
v 0.570328 -0.577321 0.110421
v 0.553039 -0.585392 0.148989
v 0.545151 -0.577321 0.141100
v 0.520669 -0.585392 0.175554
v 0.514471 -0.577321 0.166278
v 0.483738 -0.585392 0.195294
v 0.479469 -0.577321 0.184987
v 0.443666 -0.585392 0.207450
v 0.441490 -0.577321 0.196508
v 0.401993 -0.585392 0.211554
v 0.401993 -0.577321 0.200398
v 0.360319 -0.585392 0.207450
v 0.362496 -0.577321 0.196508
v 0.320247 -0.585392 0.195294
v 0.324517 -0.577321 0.184987
v 0.283317 -0.585392 0.175554
v 0.289515 -0.577321 0.166278
v 0.250947 -0.585392 0.148989
v 0.258835 -0.577321 0.141100
v 0.224381 -0.585392 0.116619
v 0.233657 -0.577321 0.110421
v 0.204642 -0.585392 0.079688
v 0.214948 -0.577321 0.075419
v 0.192486 -0.585392 0.039616
v 0.203428 -0.577321 0.037440
v 0.188381 -0.585392 -0.002057
v 0.199537 -0.577321 -0.002057
v 0.192486 -0.585392 -0.043731
v 0.203428 -0.577321 -0.041554
v 0.204642 -0.585392 -0.083803
v 0.214948 -0.577321 -0.079534
v 0.224381 -0.585392 -0.120733
v 0.233657 -0.577321 -0.114536
v 0.250947 -0.585392 -0.153103
v 0.258835 -0.577321 -0.145215
v 0.283317 -0.585392 -0.179669
v 0.289515 -0.577321 -0.170393
v 0.320247 -0.585392 -0.199409
v 0.324517 -0.577321 -0.189102
v 0.305034 0.538159 -0.236138
v 0.310993 0.567225 -0.221751
v 0.355602 0.567225 -0.235283
v 0.352564 0.538159 -0.250556
v 0.444338 -0.588817 -0.214940
v 0.401993 -0.588817 -0.219110
v 0.401993 -0.588817 -0.225456
v 0.445576 -0.588817 -0.221164
v 0.514471 -0.577321 0.166278
v 0.479469 -0.577321 0.184987
v 0.508285 -0.576868 0.153937
v 0.545151 -0.577321 0.141100
v 0.189110 -0.588817 0.040288
v 0.201462 -0.588817 0.081005
v 0.195599 -0.588817 0.083434
v 0.182886 -0.588817 0.041526
v 0.602524 -0.588817 0.081005
v 0.608387 -0.588817 0.083434
v 0.184940 -0.588817 -0.002057
v 0.178594 -0.588817 -0.002057
v 0.582466 -0.588817 0.118531
v 0.587743 -0.588817 0.122057
v 0.189110 -0.588817 -0.044402
v 0.182886 -0.588817 -0.045640
v 0.555473 -0.588817 0.151422
v 0.559960 -0.588817 0.155910
v 0.201462 -0.588817 -0.085120
v 0.195599 -0.588817 -0.087548
v 0.522581 -0.588817 0.178416
v 0.526107 -0.588817 0.183692
v 0.221520 -0.588817 -0.122646
v 0.216243 -0.588817 -0.126171
v 0.485055 -0.588817 0.198474
v 0.487484 -0.588817 0.204337
v 0.359648 -0.588817 -0.214940
v 0.358410 -0.588817 -0.221164
v 0.248513 -0.588817 -0.155537
v 0.244026 -0.588817 -0.160024
v 0.444338 -0.588817 0.210825
v 0.445576 -0.588817 0.217049
v 0.485055 -0.588817 -0.202588
v 0.487484 -0.588817 -0.208451
v 0.281405 -0.588817 -0.182530
v 0.277879 -0.588817 -0.187807
v 0.401993 -0.588817 0.214996
v 0.401993 -0.588817 0.221342
v 0.522581 -0.588817 -0.182530
v 0.526107 -0.588817 -0.187807
v 0.318930 -0.588817 -0.202588
v 0.316502 -0.588817 -0.208451
v 0.359648 -0.588817 0.210825
v 0.358410 -0.588817 0.217049
v 0.555473 -0.588817 -0.155537
v 0.559960 -0.588817 -0.160024
v 0.318930 -0.588817 0.198474
v 0.316502 -0.588817 0.204337
v 0.582466 -0.588817 -0.122646
v 0.587743 -0.588817 -0.126171
v 0.443666 -0.585392 -0.211564
v 0.441490 -0.577321 -0.200623
v 0.281405 -0.588817 0.178416
v 0.277879 -0.588817 0.183692
v 0.602524 -0.588817 -0.085120
v 0.608387 -0.588817 -0.087548
v 0.248513 -0.588817 0.151422
v 0.244026 -0.588817 0.155910
v 0.614875 -0.588817 -0.044402
v 0.621099 -0.588817 -0.045640
v 0.221520 -0.588817 0.118531
v 0.216243 -0.588817 0.122057
v 0.619046 -0.588817 -0.002057
v 0.625392 -0.588817 -0.002057
v 0.446525 -0.574964 -0.225933
v 0.401993 -0.574964 -0.230319
v 0.489345 -0.574964 -0.212943
v 0.528808 -0.574964 -0.191850
v 0.563398 -0.574964 -0.163463
v 0.591785 -0.574964 -0.128873
v 0.612879 -0.574964 -0.089409
v 0.625868 -0.574964 -0.046589
v 0.630254 -0.574964 -0.002057
v 0.625868 -0.574964 0.042474
v 0.630254 -0.574964 -0.002057
v 0.612879 -0.574964 0.085295
v 0.591785 -0.574964 0.124758
v 0.563398 -0.574964 0.159348
v 0.528808 -0.574964 0.187735
v 0.489345 -0.574964 0.208829
v 0.446525 -0.574964 0.221818
v 0.401993 -0.574964 0.226204
v 0.357461 -0.574964 0.221818
v 0.314641 -0.574964 0.208829
v 0.275178 -0.574964 0.187735
v 0.240588 -0.574964 0.159348
v 0.212200 -0.574964 0.124758
v 0.191107 -0.574964 0.085295
v 0.178117 -0.574964 0.042474
v 0.173731 -0.574964 -0.002057
v 0.178117 -0.574964 -0.046589
v 0.191107 -0.574964 -0.089409
v 0.212200 -0.574964 -0.128873
v 0.240588 -0.574964 -0.163463
v 0.275178 -0.574964 -0.191850
v 0.314641 -0.574964 -0.212943
v 0.357461 -0.574964 -0.225933
v 0.401993 -0.544230 -0.261912
v 0.452688 -0.544230 -0.256919
v 0.501435 -0.544230 -0.242132
v 0.546361 -0.544230 -0.218119
v 0.585738 -0.544230 -0.185802
v 0.618054 -0.544230 -0.146425
v 0.642067 -0.544230 -0.101499
v 0.656855 -0.544230 -0.052752
v 0.661848 -0.544230 -0.002057
v 0.661848 -0.544230 -0.002057
v 0.656855 -0.544230 0.048638
v 0.642067 -0.544230 0.097385
v 0.618054 -0.544229 0.142310
v 0.585738 -0.544229 0.181688
v 0.546361 -0.544229 0.214004
v 0.501435 -0.544229 0.238017
v 0.452688 -0.544229 0.252804
v 0.401993 -0.544229 0.257798
v 0.351298 -0.544229 0.252804
v 0.302551 -0.544229 0.238017
v 0.257625 -0.544229 0.214004
v 0.218248 -0.544229 0.181688
v 0.185932 -0.544229 0.142310
v 0.161918 -0.544230 0.097385
v 0.147131 -0.544230 0.048638
v 0.142138 -0.544230 -0.002057
v 0.147131 -0.544230 -0.052752
v 0.161918 -0.544230 -0.101499
v 0.185932 -0.544230 -0.146425
v 0.218248 -0.544230 -0.185802
v 0.257625 -0.544230 -0.218119
v 0.302551 -0.544230 -0.242132
v 0.351298 -0.544230 -0.256919
v 0.441490 -0.577321 0.196508
v 0.465442 -0.575868 0.160403
v 0.401993 -0.577321 0.200398
v 0.418858 -0.574783 0.160366
v 0.362496 -0.577321 0.196508
v 0.370960 -0.574308 0.153954
v 0.324517 -0.577321 0.184987
v 0.324255 -0.574783 0.141548
v 0.289515 -0.577321 0.166278
v 0.281203 -0.575868 0.123755
v 0.258835 -0.577321 0.141100
v 0.244095 -0.576868 0.101386
v 0.233657 -0.577321 0.110421
v 0.214948 -0.577321 0.075419
v 0.532497 -0.576045 0.116789
v 0.570328 -0.577321 0.110421
v 0.486352 -0.572750 0.117934
v 0.434692 -0.568876 0.114015
v 0.380617 -0.567100 0.105406
v 0.327364 -0.568876 0.092666
v 0.278137 -0.572750 0.076517
v 0.235942 -0.576045 0.057801
v 0.203428 -0.577321 0.037440
v 0.551175 -0.575262 0.074970
v 0.589037 -0.577321 0.075419
v 0.503414 -0.569546 0.070733
v 0.448887 -0.562383 0.063128
v 0.391096 -0.558874 0.052727
v 0.333723 -0.562383 0.040220
v 0.280436 -0.569546 0.026380
v 0.234690 -0.575262 0.012018
v 0.199537 -0.577321 -0.002057
v 0.563600 -0.574941 0.030088
v 0.600558 -0.577321 0.037440
v 0.515974 -0.568176 0.020615
v 0.460898 -0.559428 0.009660
v 0.401993 -0.554832 -0.002057
v 0.343088 -0.559428 -0.013774
v 0.288011 -0.568176 -0.024730
v 0.240386 -0.574941 -0.034203
v 0.203428 -0.577321 -0.041554
v 0.569296 -0.575262 -0.016132
v 0.604448 -0.577321 -0.002057
v 0.523550 -0.569546 -0.030495
v 0.470263 -0.562383 -0.044335
v 0.412890 -0.558874 -0.056841
v 0.355099 -0.562383 -0.067243
v 0.300572 -0.569546 -0.074848
v 0.252811 -0.575262 -0.079085
v 0.214948 -0.577321 -0.079534
v 0.568044 -0.576045 -0.061915
v 0.600558 -0.577321 -0.041554
v 0.525849 -0.572750 -0.080632
v 0.476622 -0.568876 -0.096781
v 0.423369 -0.567100 -0.109520
v 0.369294 -0.568876 -0.118130
v 0.317634 -0.572750 -0.122048
v 0.271489 -0.576045 -0.120904
v 0.233657 -0.577321 -0.114536
v 0.559891 -0.576868 -0.105501
v 0.589037 -0.577321 -0.079534
v 0.522783 -0.575869 -0.127870
v 0.479730 -0.574783 -0.145663
v 0.433026 -0.574308 -0.158069
v 0.385128 -0.574783 -0.164480
v 0.338543 -0.575869 -0.164517
v 0.295701 -0.576868 -0.158052
v 0.258835 -0.577321 -0.145215
v 0.545151 -0.577321 -0.145215
v 0.570328 -0.577321 -0.114536
v 0.514471 -0.577321 -0.170393
v 0.479469 -0.577321 -0.189102
v 0.441490 -0.577321 -0.200623
v 0.401993 -0.577321 -0.204513
v 0.362496 -0.577321 -0.200623
v 0.324517 -0.577321 -0.189102
v 0.289515 -0.577321 -0.170393
v 0.451422 0.538159 -0.250556
v 0.448384 0.567225 -0.235283
v 0.492993 0.567225 -0.221751
v 0.498952 0.538159 -0.236138
v 0.612659 0.538159 0.138705
v 0.599711 0.567225 0.130054
v 0.570139 0.567225 0.166088
v 0.581150 0.538159 0.177099
v 0.148627 0.538159 -0.002058
v 0.164199 0.567225 -0.002058
v 0.168768 0.567225 -0.048449
v 0.153495 0.538159 -0.051487
v 0.636073 0.538159 0.094901
v 0.621686 0.567225 0.088942
v 0.153495 0.538159 0.047372
v 0.168768 0.567225 0.044334
v 0.650491 0.538159 0.047372
v 0.635218 0.567225 0.044334
v 0.167913 0.538159 0.094901
v 0.655359 0.538159 -0.002058
v 0.639787 0.567225 -0.002058
v 0.191327 0.538159 0.138705
v 0.650491 0.538159 -0.051487
v 0.635218 0.567225 -0.048449
v 0.639787 0.567225 -0.002058
v 0.655359 0.538159 -0.002058
v 0.222836 0.538159 0.177099
v 0.233847 0.567225 0.166088
v 0.534104 0.567225 -0.199776
v 0.542756 0.538159 -0.212724
v 0.636073 0.538159 -0.099017
v 0.621686 0.567225 -0.093057
v 0.261230 0.538159 0.208609
v 0.269882 0.567225 0.195661
v 0.612659 0.538159 -0.142820
v 0.599711 0.567225 -0.134169
v 0.305034 0.538159 0.232022
v 0.310993 0.567225 0.217635
v 0.581150 0.538159 -0.181215
v 0.570139 0.567225 -0.170203
v 0.352564 0.538159 0.246440
v 0.355602 0.567225 0.231167
v 0.401993 0.538159 0.251309
v 0.401993 0.567225 0.235736
v 0.261230 0.538159 -0.212724
v 0.269882 0.567225 -0.199776
v 0.451422 0.538159 0.246440
v 0.448384 0.567225 0.231167
v 0.222836 0.538159 -0.181215
v 0.233847 0.567225 -0.170203
v 0.498952 0.538159 0.232022
v 0.492993 0.567225 0.217635
v 0.191327 0.538159 -0.142820
v 0.204274 0.567225 -0.134169
v 0.542756 0.538159 0.208609
v 0.534104 0.567225 0.195661
v 0.167913 0.538159 -0.099017
v 0.182300 0.567225 -0.093057
v 0.401993 0.567225 -0.239852
v 0.401993 0.538159 -0.255424
v 0.168286 0.616809 -0.002058
v 0.172777 0.616809 -0.047652
v 0.168382 0.616809 -0.048526
v 0.163805 0.616809 -0.002058
v 0.633690 0.595559 -0.002058
v 0.629238 0.595559 0.043144
v 0.174747 0.595559 0.043144
v 0.616053 0.595559 0.086609
v 0.170295 0.595559 -0.002058
v 0.594642 0.595559 0.126667
v 0.174747 0.595559 -0.047260
v 0.565828 0.595559 0.161777
v 0.187932 0.595559 -0.090724
v 0.530717 0.595559 0.190592
v 0.209344 0.595559 -0.130782
v 0.490660 0.595559 0.212003
v 0.401993 0.595559 -0.233755
v 0.447195 0.595559 -0.229303
v 0.238158 0.595559 -0.165892
v 0.447195 0.595559 0.225188
v 0.490660 0.595559 -0.216118
v 0.273269 0.595559 -0.194707
v 0.401993 0.595559 0.229640
v 0.530717 0.595559 -0.194707
v 0.313326 0.595559 -0.216118
v 0.356791 0.595559 0.225188
v 0.565828 0.595559 -0.165892
v 0.356791 0.595559 -0.229303
v 0.313326 0.595559 0.212003
v 0.594642 0.595559 -0.130782
v 0.273269 0.595559 0.190592
v 0.616053 0.595559 -0.090724
v 0.238158 0.595559 0.161777
v 0.629238 0.595559 -0.047260
v 0.633690 0.595559 -0.002058
v 0.188606 0.614945 -0.090445
v 0.175462 0.614945 -0.047117
v 0.177925 0.608526 -0.046628
v 0.190925 0.608526 -0.089485
v 0.638221 0.600743 0.044931
v 0.642849 0.600743 -0.002058
v 0.642190 0.614809 -0.002058
v 0.637575 0.614809 0.044803
v 0.171024 0.614945 -0.002058
v 0.175462 0.614945 0.043002
v 0.177925 0.608526 0.042512
v 0.173535 0.608526 -0.002058
v 0.642849 0.600743 -0.002058
v 0.638221 0.600743 -0.049046
v 0.637575 0.614809 -0.048918
v 0.642190 0.614809 -0.002058
v 0.188606 0.614945 0.086330
v 0.190925 0.608526 0.085369
v 0.624515 0.600743 -0.094229
v 0.623906 0.614809 -0.093977
v 0.209950 0.614945 0.126262
v 0.212037 0.608526 0.124867
v 0.602258 0.600743 -0.135870
v 0.601710 0.614809 -0.135504
v 0.401993 0.600743 -0.242914
v 0.355004 0.600743 -0.238286
v 0.355133 0.614809 -0.237640
v 0.401993 0.614809 -0.242255
v 0.238674 0.614945 0.161262
v 0.240449 0.608526 0.159486
v 0.572304 0.600743 -0.172369
v 0.571838 0.614809 -0.171903
v 0.309821 0.600743 -0.224580
v 0.310073 0.614809 -0.223971
v 0.273674 0.614945 0.189986
v 0.275068 0.608526 0.187898
v 0.535806 0.600743 -0.202322
v 0.535439 0.614809 -0.201775
v 0.268180 0.600743 -0.202322
v 0.268546 0.614809 -0.201775
v 0.313605 0.614945 0.211329
v 0.314566 0.608526 0.209010
v 0.494165 0.600743 -0.224580
v 0.493912 0.614809 -0.223971
v 0.231682 0.600743 -0.172369
v 0.232148 0.614809 -0.171903
v 0.356933 0.614945 0.224473
v 0.357423 0.608526 0.222011
v 0.448982 0.600743 -0.238286
v 0.448853 0.614809 -0.237640
v 0.201728 0.600743 -0.135870
v 0.202276 0.614809 -0.135504
v 0.401993 0.614945 0.228911
v 0.401993 0.608526 0.226400
v 0.179471 0.600743 -0.094229
v 0.180079 0.614809 -0.093977
v 0.447053 0.614945 0.224473
v 0.446563 0.608526 0.222011
v 0.165765 0.600743 -0.049046
v 0.166411 0.614809 -0.048918
v 0.490381 0.614945 0.211329
v 0.489420 0.608526 0.209010
v 0.161137 0.600743 -0.002058
v 0.161795 0.614809 -0.002058
v 0.530312 0.614945 0.189986
v 0.528917 0.608526 0.187898
v 0.165765 0.600743 0.044931
v 0.166411 0.614809 0.044803
v 0.565312 0.614945 0.161262
v 0.563537 0.608526 0.159486
v 0.179471 0.600743 0.090114
v 0.180079 0.614809 0.089862
v 0.356791 0.595559 0.225188
v 0.401993 0.595559 0.229640
v 0.401993 0.595559 0.232930
v 0.356149 0.595559 0.228415
v 0.530717 0.595559 -0.194707
v 0.490660 0.595559 -0.216118
v 0.491919 0.595559 -0.219158
v 0.532545 0.595559 -0.197443
v 0.356791 0.595559 -0.229303
v 0.313326 0.595559 -0.216118
v 0.312067 0.595559 -0.219158
v 0.356149 0.595559 -0.232530
v 0.313326 0.595559 0.212003
v 0.312067 0.595559 0.215043
v 0.594642 0.595559 -0.130782
v 0.565828 0.595559 -0.165892
v 0.568154 0.595559 -0.168219
v 0.597378 0.595559 -0.132610
v 0.273269 0.595559 0.190592
v 0.271441 0.595559 0.193328
v 0.616053 0.595559 -0.090724
v 0.619093 0.595559 -0.091984
v 0.238158 0.595559 0.161777
v 0.235831 0.595559 0.164104
v 0.629238 0.595559 -0.047260
v 0.632466 0.595559 -0.047902
v 0.209344 0.595559 0.126667
v 0.206608 0.595559 0.128495
v 0.633690 0.595559 -0.002058
v 0.636981 0.595559 -0.002058
v 0.187932 0.595559 0.086609
v 0.184892 0.595559 0.087868
v 0.629238 0.595559 0.043144
v 0.633690 0.595559 -0.002058
v 0.636981 0.595559 -0.002058
v 0.632466 0.595559 0.043786
v 0.174747 0.595559 0.043144
v 0.171520 0.595559 0.043786
v 0.616053 0.595559 0.086609
v 0.619093 0.595559 0.087868
v 0.170295 0.595559 -0.002058
v 0.167005 0.595559 -0.002058
v 0.594642 0.595559 0.126667
v 0.597378 0.595559 0.128495
v 0.174747 0.595559 -0.047260
v 0.171520 0.595559 -0.047902
v 0.565828 0.595559 0.161777
v 0.568154 0.595559 0.164104
v 0.187932 0.595559 -0.090724
v 0.184892 0.595559 -0.091984
v 0.530717 0.595559 0.190592
v 0.532545 0.595559 0.193328
v 0.209344 0.595559 -0.130782
v 0.206608 0.595559 -0.132610
v 0.490660 0.595559 0.212003
v 0.491919 0.595559 0.215043
v 0.238158 0.595559 -0.165892
v 0.235831 0.595559 -0.168219
v 0.447195 0.595559 0.225188
v 0.447837 0.595559 0.228415
v 0.273269 0.595559 -0.194707
v 0.271441 0.595559 -0.197443
v 0.401993 0.595559 -0.233755
v 0.401993 0.595559 -0.237046
v 0.624515 0.600743 0.090114
v 0.623906 0.614809 0.089862
v 0.602258 0.600743 0.131755
v 0.601710 0.614809 0.131389
v 0.209950 0.614945 -0.130377
v 0.212037 0.608526 -0.128982
v 0.572304 0.600743 0.168254
v 0.571838 0.614809 0.167788
v 0.238674 0.614945 -0.165377
v 0.240449 0.608526 -0.163602
v 0.490381 0.614945 -0.215445
v 0.447053 0.614945 -0.228588
v 0.446563 0.608526 -0.226126
v 0.489420 0.608526 -0.213125
v 0.535806 0.600743 0.198207
v 0.535439 0.614809 0.197659
v 0.273674 0.614945 -0.194101
v 0.275068 0.608526 -0.192014
v 0.401993 0.616809 -0.235765
v 0.447587 0.616809 -0.231274
v 0.448461 0.616809 -0.235669
v 0.401993 0.616809 -0.240246
v 0.494165 0.600743 0.220465
v 0.493912 0.614809 0.219856
v 0.313605 0.614945 -0.215445
v 0.314566 0.608526 -0.213125
v 0.565312 0.614945 -0.165377
v 0.530312 0.614945 -0.194101
v 0.528917 0.608526 -0.192014
v 0.563537 0.608526 -0.163602
v 0.448982 0.600743 0.234171
v 0.448853 0.614809 0.233524
v 0.356933 0.614945 -0.228588
v 0.357423 0.608526 -0.226126
v 0.594036 0.614945 -0.130377
v 0.591949 0.608526 -0.128982
v 0.401993 0.600743 0.238799
v 0.401993 0.614809 0.238140
v 0.447195 0.595559 -0.229303
v 0.447837 0.595559 -0.232530
v 0.615380 0.614945 -0.090445
v 0.613060 0.608526 -0.089485
v 0.355004 0.600743 0.234171
v 0.355133 0.614809 0.233524
v 0.628523 0.614945 -0.047117
v 0.626061 0.608526 -0.046628
v 0.309821 0.600743 0.220465
v 0.310073 0.614809 0.219856
v 0.632961 0.614945 -0.002058
v 0.630451 0.608526 -0.002058
v 0.268180 0.600743 0.198207
v 0.268546 0.614809 0.197659
v 0.628523 0.614945 0.043002
v 0.632961 0.614945 -0.002058
v 0.630451 0.608526 -0.002058
v 0.626061 0.608526 0.042512
v 0.231682 0.600743 0.168254
v 0.232148 0.614809 0.167788
v 0.615380 0.614945 0.086330
v 0.613060 0.608526 0.085369
v 0.201728 0.600743 0.131755
v 0.202276 0.614809 0.131389
v 0.594036 0.614945 0.126262
v 0.591949 0.608526 0.124867
v 0.609825 0.604049 -0.088145
v 0.622627 0.604049 -0.045944
v 0.596313 0.616809 0.127783
v 0.567249 0.616809 0.163198
v 0.570417 0.616809 0.166367
v 0.600039 0.616809 0.130272
v 0.186076 0.616809 -0.091493
v 0.181936 0.616809 -0.093208
v 0.531834 0.616809 0.192263
v 0.534323 0.616809 0.195988
v 0.207673 0.616809 -0.131898
v 0.203947 0.616809 -0.134388
v 0.491429 0.616809 0.213859
v 0.493143 0.616809 0.217999
v 0.491429 0.616809 -0.217975
v 0.493143 0.616809 -0.222115
v 0.236737 0.616809 -0.167314
v 0.233569 0.616809 -0.170482
v 0.447587 0.616809 0.227159
v 0.448461 0.616809 0.231553
v 0.401993 0.614945 -0.233026
v 0.401993 0.608526 -0.230516
v 0.272152 0.616809 -0.196378
v 0.269663 0.616809 -0.200104
v 0.401993 0.616809 0.231649
v 0.401993 0.616809 0.236130
v 0.531834 0.616809 -0.196378
v 0.534323 0.616809 -0.200104
v 0.312557 0.616809 -0.217975
v 0.310842 0.616809 -0.222115
v 0.356399 0.616809 0.227159
v 0.355525 0.616809 0.231553
v 0.567249 0.616809 -0.167314
v 0.570417 0.616809 -0.170482
v 0.356399 0.616809 -0.231274
v 0.355525 0.616809 -0.235669
v 0.312557 0.616809 0.213859
v 0.310842 0.616809 0.217999
v 0.596313 0.616809 -0.131898
v 0.600039 0.616809 -0.134388
v 0.272152 0.616809 0.192263
v 0.269663 0.616809 0.195988
v 0.617910 0.616809 -0.091493
v 0.622050 0.616809 -0.093208
v 0.236737 0.616809 0.163198
v 0.233569 0.616809 0.166367
v 0.631209 0.616809 -0.047652
v 0.635604 0.616809 -0.048526
v 0.207673 0.616809 0.127783
v 0.203947 0.616809 0.130272
v 0.635700 0.616809 -0.002058
v 0.640181 0.616809 -0.002058
v 0.186076 0.616809 0.087378
v 0.181936 0.616809 0.089093
v 0.635700 0.616809 -0.002058
v 0.631209 0.616809 0.043536
v 0.635604 0.616809 0.044410
v 0.640181 0.616809 -0.002058
v 0.172777 0.616809 0.043536
v 0.168382 0.616809 0.044410
v 0.617910 0.616809 0.087378
v 0.622050 0.616809 0.089093
v 0.609825 0.604049 0.084029
v 0.622627 0.604049 0.041829
v 0.622627 0.594670 0.041829
v 0.609825 0.594670 0.084029
v 0.242925 0.604049 0.157010
v 0.214949 0.604049 0.122921
v 0.626949 0.604049 -0.002058
v 0.194160 0.604049 0.084029
v 0.626949 0.604049 -0.002058
v 0.181359 0.604049 0.041829
v 0.177037 0.604049 -0.002058
v 0.589037 0.604049 0.122921
v 0.181359 0.604049 -0.045944
v 0.561061 0.604049 0.157010
v 0.194160 0.604049 -0.088145
v 0.526972 0.604049 0.184987
v 0.214949 0.604049 -0.127037
v 0.488080 0.604049 0.205775
v 0.401993 0.604049 -0.227014
v 0.445880 0.604049 -0.222692
v 0.242925 0.604049 -0.161126
v 0.445880 0.604049 0.218576
v 0.488080 0.604049 -0.209890
v 0.277014 0.604049 -0.189102
v 0.401993 0.604049 0.222899
v 0.526972 0.604049 -0.189102
v 0.315906 0.604049 -0.209890
v 0.358106 0.604049 0.218576
v 0.561061 0.604049 -0.161126
v 0.358106 0.604049 -0.222692
v 0.315906 0.604049 0.205775
v 0.589037 0.604049 -0.127037
v 0.277014 0.604049 0.184987
v 0.187611 0.592117 -0.044701
v 0.183411 0.592117 -0.002058
v 0.185111 0.593662 -0.002058
v 0.189278 0.593662 -0.044369
v 0.181359 0.594670 0.041829
v 0.177037 0.594670 -0.002058
v 0.589037 0.594670 0.122921
v 0.181359 0.594670 -0.045944
v 0.561061 0.594670 0.157010
v 0.194160 0.594670 -0.088145
v 0.526972 0.594670 0.184987
v 0.214949 0.594670 -0.127037
v 0.488080 0.594670 0.205775
v 0.401993 0.594669 -0.227014
v 0.445880 0.594669 -0.222692
v 0.242925 0.594669 -0.161126
v 0.445880 0.594670 0.218576
v 0.488080 0.594669 -0.209890
v 0.277014 0.594669 -0.189102
v 0.401993 0.594670 0.222899
v 0.526972 0.594669 -0.189102
v 0.315906 0.594669 -0.209890
v 0.358106 0.594670 0.218576
v 0.561061 0.594669 -0.161126
v 0.358106 0.594669 -0.222692
v 0.315906 0.594670 0.205775
v 0.589037 0.594670 -0.127037
v 0.277014 0.594670 0.184987
v 0.609825 0.594670 -0.088145
v 0.242925 0.594670 0.157010
v 0.622627 0.594670 -0.045944
v 0.214949 0.594670 0.122921
v 0.626949 0.594670 -0.002058
v 0.194160 0.594670 0.084029
v 0.626949 0.594670 -0.002058
v 0.401993 0.592117 -0.220640
v 0.444636 0.592117 -0.216440
v 0.485641 0.592117 -0.204001
v 0.523431 0.592117 -0.183802
v 0.556554 0.592117 -0.156618
v 0.583737 0.592117 -0.123495
v 0.603936 0.592117 -0.085705
v 0.616375 0.592117 -0.044701
v 0.620575 0.592117 -0.002058
v 0.620575 0.592117 -0.002058
v 0.616375 0.592117 0.040586
v 0.603936 0.592117 0.081590
v 0.583737 0.592117 0.119380
v 0.556554 0.592117 0.152503
v 0.523431 0.592117 0.179687
v 0.485641 0.592117 0.199886
v 0.444636 0.592117 0.212324
v 0.401993 0.592117 0.216524
v 0.359350 0.592117 0.212324
v 0.318345 0.592117 0.199886
v 0.280555 0.592117 0.179687
v 0.247432 0.592117 0.152503
v 0.220249 0.592117 0.119380
v 0.200049 0.592117 0.081590
v 0.187611 0.592117 0.040586
v 0.183411 0.592117 -0.002058
v 0.187611 0.592117 -0.044701
v 0.200049 0.592117 -0.085705
v 0.220249 0.592117 -0.123495
v 0.247432 0.592117 -0.156618
v 0.280555 0.592117 -0.183802
v 0.318345 0.592117 -0.204001
v 0.359350 0.592117 -0.216440
v 0.485641 0.592117 -0.204001
v 0.444636 0.592117 -0.216440
v 0.444304 0.593662 -0.214772
v 0.484990 0.593662 -0.202430
v 0.556554 0.592117 0.152503
v 0.583737 0.592117 0.119380
v 0.582324 0.593662 0.118435
v 0.555352 0.593662 0.151301
v 0.200049 0.592117 -0.085705
v 0.201620 0.593662 -0.085055
v 0.523431 0.592117 0.179687
v 0.522486 0.593662 0.178273
v 0.220249 0.592117 -0.123495
v 0.221662 0.593662 -0.122551
v 0.485641 0.592117 0.199886
v 0.484990 0.593662 0.198315
v 0.247432 0.592117 -0.156618
v 0.248634 0.593662 -0.155416
v 0.444636 0.592117 0.212324
v 0.444304 0.593662 0.210657
v 0.280555 0.592117 -0.183802
v 0.281500 0.593662 -0.182388
v 0.401993 0.592117 0.216524
v 0.401993 0.593662 0.214824
v 0.401993 0.592117 -0.220640
v 0.359350 0.592117 -0.216440
v 0.359681 0.593662 -0.214772
v 0.401993 0.593662 -0.218940
v 0.318345 0.592117 -0.204001
v 0.318996 0.593662 -0.202430
v 0.359350 0.592117 0.212324
v 0.359681 0.593662 0.210657
v 0.556554 0.592117 -0.156618
v 0.523431 0.592117 -0.183802
v 0.522486 0.593662 -0.182388
v 0.555352 0.593662 -0.155416
v 0.318345 0.592117 0.199886
v 0.318996 0.593662 0.198315
v 0.583737 0.592117 -0.123495
v 0.582324 0.593662 -0.122551
v 0.280555 0.592117 0.179687
v 0.281500 0.593662 0.178273
v 0.603936 0.592117 -0.085705
v 0.602366 0.593662 -0.085055
v 0.247432 0.592117 0.152503
v 0.248634 0.593662 0.151301
v 0.616375 0.592117 -0.044701
v 0.614707 0.593662 -0.044369
v 0.220249 0.592117 0.119380
v 0.221662 0.593662 0.118435
v 0.620575 0.592117 -0.002058
v 0.618875 0.593662 -0.002058
v 0.200049 0.592117 0.081590
v 0.201620 0.593662 0.080939
v 0.616375 0.592117 0.040586
v 0.614707 0.593662 0.040254
v 0.187611 0.592117 0.040586
v 0.189278 0.593662 0.040254
v 0.603936 0.592117 0.081590
v 0.602366 0.593662 0.080939
v 0.401993 0.597395 -0.212483
v 0.443045 0.597395 -0.208440
v 0.482519 0.597395 -0.196465
v 0.518899 0.597395 -0.177020
v 0.550786 0.597395 -0.150851
v 0.576955 0.597395 -0.118964
v 0.596401 0.597395 -0.082584
v 0.608375 0.597395 -0.043110
v 0.612418 0.597395 -0.002058
v 0.608375 0.597395 0.038994
v 0.596401 0.597395 0.078469
v 0.576955 0.597395 0.114848
v 0.550786 0.597395 0.146736
v 0.518899 0.597395 0.172905
v 0.482519 0.597395 0.192350
v 0.443045 0.597395 0.204325
v 0.401993 0.597395 0.208368
v 0.360941 0.597395 0.204325
v 0.321467 0.597395 0.192350
v 0.285087 0.597395 0.172905
v 0.253200 0.597395 0.146736
v 0.227031 0.597395 0.114848
v 0.207585 0.597395 0.078469
v 0.195611 0.597395 0.038994
v 0.191567 0.597395 -0.002058
v 0.195611 0.597395 -0.043110
v 0.207585 0.597395 -0.082584
v 0.227031 0.597395 -0.118964
v 0.253200 0.597395 -0.150851
v 0.285087 0.597395 -0.177020
v 0.321467 0.597395 -0.196465
v 0.360941 0.597395 -0.208440
v 0.401993 0.597077 -0.240729
v 0.448555 0.597077 -0.236143
v 0.493329 0.597077 -0.222561
v 0.534592 0.597077 -0.200506
v 0.570759 0.597077 -0.170824
v 0.600441 0.597077 -0.134657
v 0.622497 0.597077 -0.093393
v 0.636078 0.597077 -0.048620
v 0.640664 0.597077 -0.002058
v 0.640664 0.597077 -0.002058
v 0.636078 0.597077 0.044505
v 0.622497 0.597077 0.089278
v 0.600441 0.597077 0.130541
v 0.570759 0.597077 0.166709
v 0.534592 0.597077 0.196391
v 0.493329 0.597077 0.218446
v 0.448555 0.597077 0.232028
v 0.401993 0.597077 0.236614
v 0.355430 0.597077 0.232028
v 0.310657 0.597077 0.218446
v 0.269394 0.597077 0.196391
v 0.233227 0.597077 0.166709
v 0.203545 0.597077 0.130541
v 0.181489 0.597077 0.089278
v 0.167907 0.597077 0.044505
v 0.163321 0.597077 -0.002058
v 0.167907 0.597077 -0.048620
v 0.181489 0.597077 -0.093393
v 0.203545 0.597077 -0.134657
v 0.233227 0.597077 -0.170824
v 0.269394 0.597077 -0.200506
v 0.310657 0.597077 -0.222561
v 0.355430 0.597077 -0.236143
v 0.501435 0.512322 -0.242132
v 0.452688 0.512322 -0.256919
v 0.585738 0.512322 0.181687
v 0.618054 0.512322 0.142310
v 0.147131 0.512322 -0.052753
v 0.142138 0.512322 -0.002058
v 0.642067 0.512322 0.097385
v 0.147131 0.512322 0.048638
v 0.656855 0.512322 0.048638
v 0.161918 0.512322 0.097385
v 0.661848 0.512322 -0.002058
v 0.185932 0.512322 0.142310
v 0.661848 0.512322 -0.002058
v 0.656855 0.512322 -0.052753
v 0.218248 0.512322 0.181687
v 0.546361 0.512322 -0.218119
v 0.642067 0.512322 -0.101500
v 0.257625 0.512322 0.214004
v 0.618054 0.512322 -0.146425
v 0.302551 0.512322 0.238017
v 0.585738 0.512322 -0.185803
v 0.351298 0.512322 0.252804
v 0.351298 0.512322 -0.256919
v 0.302551 0.512322 -0.242132
v 0.401993 0.512322 0.257797
v 0.257625 0.512322 -0.218119
v 0.452688 0.512322 0.252804
v 0.218248 0.512322 -0.185803
v 0.501435 0.512322 0.238017
v 0.185932 0.512322 -0.146425
v 0.546361 0.512322 0.214004
v 0.161918 0.512322 -0.101500
v 0.401993 0.512322 -0.261912
v 0.258629 0.599008 0.026994
v 0.463439 0.598536 0.028930
v 0.472228 0.598516 0.001811
v 0.255476 0.599008 0.001811
v 0.550438 0.598341 0.031163
v 0.540895 0.598370 0.031644
v 0.534876 0.598372 0.057635
v 0.542271 0.598341 0.058059
v 0.471447 0.599008 0.109550
v 0.471543 0.598830 0.104372
v 0.430978 0.598625 0.089193
v 0.319656 0.599008 0.077455
v 0.248438 0.595962 0.028082
v 0.245148 0.595962 0.001811
v 0.236709 0.599008 0.001811
v 0.239355 0.599008 0.028666
v 0.561558 0.595962 0.001811
v 0.560725 0.595962 0.031731
v 0.570343 0.599008 0.033785
v 0.574536 0.599008 0.001811
v 0.552335 0.595962 0.059359
v 0.563939 0.599008 0.059676
v 0.261236 0.595962 0.052672
v 0.251063 0.599008 0.053979
v 0.541565 0.595962 0.082310
v 0.549603 0.599008 0.089018
v 0.283339 0.595962 0.070507
v 0.271433 0.599008 0.076144
v 0.521716 0.595962 0.101615
v 0.528852 0.599008 0.107324
v 0.314946 0.595962 0.082805
v 0.306165 0.599008 0.090970
v 0.503306 0.595962 0.112055
v 0.470596 0.595962 0.115716
v 0.468619 0.599008 0.127652
v 0.506829 0.599008 0.121133
v 0.551255 0.598341 0.001811
v 0.270605 0.599008 0.050004
v 0.531993 0.598341 0.079962
v 0.290628 0.599008 0.066160
v 0.513549 0.598341 0.097900
v 0.498308 0.598341 0.106543
v 0.516577 0.598445 0.032869
v 0.521305 0.598436 0.001811
v 0.507786 0.595462 0.001126
v 0.505016 0.595470 0.031446
v 0.450989 0.598561 0.051355
v 0.472692 0.595529 0.063354
v 0.461542 0.595546 0.060116
v 0.523039 0.598369 0.080220
v 0.485069 0.595506 0.061594
v 0.536321 0.597892 0.032051
v 0.539367 0.597887 0.001811
v 0.504824 0.598371 0.096980
v 0.458488 0.598520 0.087662
v 0.516497 0.597890 0.080251
v 0.415372 0.598637 0.080133
v 0.530360 0.597890 0.056687
v 0.542892 0.598367 0.001811
v 0.425838 0.598123 0.077320
v 0.507272 0.598464 0.054379
v 0.496637 0.595487 0.048645
v 0.468354 0.595553 0.031395
v 0.457355 0.595575 0.051829
v 0.475053 0.595535 0.001811
v 0.258629 0.599008 -0.023373
v 0.463439 0.598536 -0.025309
v 0.550438 0.598341 -0.027542
v 0.542271 0.598340 -0.054438
v 0.534876 0.598372 -0.054014
v 0.540895 0.598370 -0.028023
v 0.471447 0.599008 -0.105928
v 0.319656 0.599008 -0.073833
v 0.430978 0.598625 -0.085572
v 0.471543 0.598830 -0.100751
v 0.248438 0.595962 -0.024461
v 0.239355 0.599008 -0.025045
v 0.570343 0.599008 -0.030164
v 0.560725 0.595962 -0.028109
v 0.563939 0.599008 -0.056055
v 0.552335 0.595961 -0.055738
v 0.261236 0.595962 -0.049051
v 0.251063 0.599008 -0.050357
v 0.549603 0.599008 -0.085397
v 0.541565 0.595961 -0.078688
v 0.283339 0.595961 -0.066886
v 0.271433 0.599008 -0.072523
v 0.528852 0.599008 -0.103703
v 0.521716 0.595961 -0.097994
v 0.314946 0.595961 -0.079184
v 0.306165 0.599008 -0.087349
v 0.503306 0.595961 -0.108434
v 0.506829 0.599008 -0.117511
v 0.468619 0.599008 -0.124030
v 0.470596 0.595961 -0.112095
v 0.270605 0.599008 -0.046383
v 0.531993 0.598340 -0.076340
v 0.290628 0.599008 -0.062539
v 0.513549 0.598340 -0.094279
v 0.498308 0.598340 -0.102922
v 0.516577 0.598445 -0.029248
v 0.505016 0.595470 -0.027825
v 0.450989 0.598560 -0.047734
v 0.461542 0.595546 -0.056494
v 0.472692 0.595529 -0.059733
v 0.523039 0.598369 -0.076598
v 0.485069 0.595506 -0.057973
v 0.536321 0.597892 -0.028430
v 0.504824 0.598370 -0.093359
v 0.458488 0.598520 -0.084041
v 0.516497 0.597890 -0.076630
v 0.415372 0.598636 -0.076512
v 0.530360 0.597890 -0.053066
v 0.425838 0.598123 -0.073699
v 0.507272 0.598464 -0.050758
v 0.496637 0.595487 -0.045024
v 0.457355 0.595575 -0.048207
v 0.468354 0.595553 -0.027774
v 0.546361 -0.536933 -0.218119
v 0.501435 -0.536933 -0.242132
v 0.546361 -0.536933 0.214004
v 0.585738 -0.536933 0.181688
v 0.161918 -0.536933 -0.101499
v 0.147131 -0.536933 -0.052752
v 0.618054 -0.536933 0.142310
v 0.142138 -0.536933 -0.002057
v 0.642067 -0.536933 0.097385
v 0.147131 -0.536933 0.048638
v 0.656855 -0.536933 0.048638
v 0.161918 -0.536933 0.097385
v 0.661848 -0.536933 -0.002057
v 0.185932 -0.536933 0.142310
v 0.585738 -0.536933 -0.185802
v 0.661848 -0.536933 -0.002057
v 0.656855 -0.536933 -0.052752
v 0.218248 -0.536933 0.181688
v 0.642067 -0.536933 -0.101499
v 0.257625 -0.536933 0.214004
v 0.618054 -0.536933 -0.146425
v 0.302551 -0.536933 0.238017
v 0.351298 -0.536933 0.252804
v 0.401993 -0.536933 0.257798
v 0.302551 -0.536933 -0.242132
v 0.257625 -0.536933 -0.218119
v 0.452688 -0.536933 0.252804
v 0.218248 -0.536933 -0.185802
v 0.501435 -0.536933 0.238017
v 0.185932 -0.536933 -0.146425
v 0.340920 0.596813 0.003430
v 0.351033 0.596813 0.003430
v 0.354260 0.596813 0.020629
v 0.341071 0.596813 0.021575
v 0.337425 0.596813 0.031847
v 0.364530 0.596813 0.034550
v 0.327356 0.596813 0.043740
v 0.376693 0.596813 0.044146
v 0.314868 0.596949 0.068244
v 0.398249 0.596949 0.069686
v 0.416690 0.596949 0.068507
v 0.410481 0.596813 0.047660
v 0.432940 0.596949 0.063527
v 0.418590 0.596813 0.041983
v 0.450220 0.596949 0.049897
v 0.418590 0.596813 0.034145
v 0.462112 0.596949 0.030725
v 0.413117 0.596813 0.030140
v 0.467724 0.596949 0.003430
v 0.396493 0.596813 0.030680
v 0.308029 0.596813 0.047254
v 0.299135 0.596949 0.064575
v 0.291946 0.596813 0.042524
v 0.287399 0.596949 0.058416
v 0.280728 0.596813 0.032050
v 0.273521 0.596949 0.048948
v 0.273835 0.596813 0.015088
v 0.263021 0.596949 0.023338
v 0.272754 0.596813 0.003430
v 0.261858 0.596949 0.003430
v 0.341071 0.596813 -0.014716
v 0.354260 0.596813 -0.013770
v 0.337425 0.596813 -0.024988
v 0.364530 0.596813 -0.027691
v 0.327356 0.596813 -0.036881
v 0.376693 0.596813 -0.037287
v 0.314868 0.596949 -0.061385
v 0.398249 0.596949 -0.062827
v 0.416690 0.596949 -0.061648
v 0.410481 0.596813 -0.040801
v 0.432940 0.596949 -0.056668
v 0.418590 0.596813 -0.035124
v 0.450220 0.596949 -0.043038
v 0.418590 0.596813 -0.027286
v 0.462112 0.596949 -0.023866
v 0.413117 0.596813 -0.023281
v 0.396493 0.596813 -0.023821
v 0.308029 0.596813 -0.040395
v 0.299135 0.596949 -0.057716
v 0.291946 0.596813 -0.035665
v 0.287399 0.596949 -0.051557
v 0.280728 0.596813 -0.025191
v 0.273521 0.596949 -0.042089
v 0.273835 0.596813 -0.008229
v 0.263021 0.596949 -0.016479
v 0.452688 -0.536933 -0.256919
v 0.401993 -0.536933 -0.261912
v 0.351298 -0.536933 -0.256919
v 0.353758 0.603668 0.020665
v 0.341616 0.603668 0.021536
v 0.337950 0.602444 0.031899
v 0.363950 0.602444 0.034492
v 0.327947 0.601783 0.043745
v 0.337425 0.594992 0.031847
v 0.327356 0.594992 0.043740
v 0.376693 0.597870 0.044146
v 0.410481 0.597870 0.047660
v 0.410481 0.594992 0.047660
v 0.376693 0.594992 0.044146
v 0.307869 0.601801 0.047467
v 0.308029 0.594992 0.047254
v 0.291806 0.601808 0.042781
v 0.291946 0.594992 0.042524
v 0.273568 0.601814 0.015181
v 0.280543 0.601808 0.032298
v 0.280728 0.594992 0.032050
v 0.273835 0.594992 0.015088
v 0.272472 0.601820 0.003430
v 0.272754 0.594992 0.003430
v 0.376747 0.601796 0.044593
v 0.316003 0.603095 0.061250
v 0.398283 0.603095 0.062672
v 0.418590 0.597870 0.041983
v 0.418590 0.594992 0.041983
v 0.418590 0.597870 0.034145
v 0.418590 0.594992 0.034145
v 0.413117 0.597870 0.030140
v 0.396493 0.597870 0.030680
v 0.396493 0.594992 0.030680
v 0.413117 0.594992 0.030140
v 0.375071 0.597870 0.019242
v 0.370476 0.597870 0.003430
v 0.370476 0.595012 0.003430
v 0.375071 0.595012 0.019242
v 0.443128 0.602852 0.016050
v 0.444851 0.602852 0.003430
v 0.418455 0.601783 0.003430
v 0.413210 0.601783 0.029674
v 0.459901 0.603095 0.024085
v 0.464458 0.603095 0.003430
v 0.370905 0.601783 0.003430
v 0.396063 0.601783 0.030230
v 0.449568 0.603095 0.043145
v 0.444485 0.603911 0.017116
v 0.446006 0.603911 0.018311
v 0.447644 0.603911 0.003430
v 0.446357 0.603911 0.003430
v 0.435380 0.603429 0.033139
v 0.443559 0.603288 0.016389
v 0.445332 0.603291 0.003430
v 0.300477 0.603095 0.057629
v 0.288896 0.603095 0.051551
v 0.284728 0.604758 0.055770
v 0.296831 0.604758 0.062122
v 0.435891 0.597350 0.065841
v 0.453713 0.597350 0.051785
v 0.453713 0.604758 0.051785
v 0.435891 0.604758 0.065841
v 0.313194 0.606106 0.067004
v 0.296971 0.606106 0.063245
v 0.297070 0.606106 0.064034
v 0.313299 0.606106 0.067843
v 0.313057 0.604758 0.065906
v 0.399047 0.604758 0.067393
v 0.463855 0.606106 0.027772
v 0.452788 0.606106 0.048119
v 0.452884 0.606106 0.048887
v 0.464867 0.606106 0.029513
v 0.283073 0.597350 0.059299
v 0.297898 0.597350 0.066923
v 0.297898 0.604758 0.066923
v 0.283073 0.604758 0.059299
v 0.434962 0.606106 0.062144
v 0.435065 0.606106 0.062972
v 0.256733 0.597350 0.003430
v 0.257932 0.597350 0.023124
v 0.257932 0.604758 0.023124
v 0.256733 0.604758 0.003430
v 0.284874 0.606106 0.056934
v 0.271180 0.606106 0.045687
v 0.270912 0.606106 0.048015
v 0.284962 0.606106 0.057643
v 0.468774 0.606106 0.003430
v 0.470484 0.606106 0.003430
v 0.419133 0.597350 0.070977
v 0.419133 0.604758 0.070977
v 0.418202 0.606106 0.067264
v 0.399183 0.606106 0.068479
v 0.399291 0.606106 0.069340
v 0.418309 0.606106 0.068122
v 0.266159 0.603095 0.017860
v 0.265990 0.603095 0.003430
v 0.262783 0.604758 0.003430
v 0.262517 0.604758 0.019009
v 0.314124 0.597350 0.070707
v 0.400114 0.597350 0.072193
v 0.400114 0.604758 0.072193
v 0.314124 0.604758 0.070707
v 0.452646 0.604758 0.046985
v 0.463445 0.604758 0.027066
v 0.432515 0.603095 0.056594
v 0.434824 0.604758 0.061041
v 0.416481 0.603095 0.061508
v 0.418066 0.604758 0.066177
v 0.276043 0.603095 0.040947
v 0.271295 0.604758 0.044688
v 0.468207 0.604758 0.003430
v 0.262174 0.606106 0.019494
v 0.262426 0.606106 0.003430
v 0.259188 0.606106 0.003430
v 0.260334 0.606106 0.022098
v 0.465977 0.597350 0.032013
v 0.465977 0.604758 0.032013
v 0.268761 0.597350 0.049536
v 0.268761 0.604758 0.049536
v 0.471764 0.597350 0.003430
v 0.471764 0.604758 0.003430
v 0.263021 0.595191 0.023338
v 0.273521 0.595191 0.048948
v 0.287399 0.595191 0.058416
v 0.299135 0.595191 0.064575
v 0.462112 0.595191 0.030725
v 0.467724 0.595191 0.003430
v 0.398249 0.595191 0.069686
v 0.416690 0.595191 0.068507
v 0.450220 0.595191 0.049897
v 0.314868 0.595191 0.068245
v 0.432940 0.595191 0.063527
v 0.261858 0.595191 0.003430
v 0.350527 0.603006 0.003430
v 0.341460 0.603006 0.003430
v 0.383654 0.597870 0.028788
v 0.383654 0.595012 0.028788
v 0.410670 0.601815 0.048122
v 0.354260 0.597870 0.020629
v 0.364530 0.597870 0.034550
v 0.364530 0.594992 0.034550
v 0.354260 0.594992 0.020629
v 0.418910 0.601808 0.042358
v 0.418914 0.601796 0.033848
v 0.375456 0.601783 0.019028
v 0.383915 0.601783 0.028438
v 0.351033 0.597870 0.003430
v 0.351033 0.594992 0.003430
v 0.341071 0.594992 0.021575
v 0.446812 0.603486 0.018945
v 0.448571 0.603520 0.003430
v 0.434369 0.602728 0.035242
v 0.435071 0.603280 0.032746
v 0.437164 0.603541 0.034154
v 0.437841 0.603433 0.034674
v 0.340920 0.594992 0.003430
v 0.353758 0.603668 -0.013806
v 0.363950 0.602444 -0.027633
v 0.337950 0.602444 -0.025040
v 0.341616 0.603668 -0.014677
v 0.327947 0.601783 -0.036886
v 0.327356 0.594992 -0.036881
v 0.337425 0.594992 -0.024988
v 0.376693 0.597870 -0.037287
v 0.376693 0.594992 -0.037287
v 0.410481 0.594992 -0.040801
v 0.410481 0.597870 -0.040801
v 0.307869 0.601801 -0.040608
v 0.308029 0.594992 -0.040395
v 0.291806 0.601808 -0.035922
v 0.291946 0.594992 -0.035665
v 0.273568 0.601814 -0.008322
v 0.273835 0.594992 -0.008229
v 0.280728 0.594992 -0.025191
v 0.280543 0.601808 -0.025439
v 0.272472 0.601820 0.003430
v 0.272754 0.594992 0.003430
v 0.376747 0.601796 -0.037734
v 0.398283 0.603095 -0.055813
v 0.316003 0.603095 -0.054391
v 0.418590 0.594992 -0.035124
v 0.418590 0.597870 -0.035124
v 0.418590 0.594992 -0.027285
v 0.418590 0.597870 -0.027285
v 0.413117 0.597870 -0.023281
v 0.413117 0.594992 -0.023281
v 0.396493 0.594992 -0.023821
v 0.396493 0.597870 -0.023821
v 0.375071 0.597870 -0.012383
v 0.375071 0.595012 -0.012383
v 0.443128 0.602852 -0.009191
v 0.413210 0.601783 -0.022814
v 0.459901 0.603095 -0.017226
v 0.396063 0.601783 -0.023371
v 0.449568 0.603095 -0.036286
v 0.444485 0.603911 -0.010257
v 0.446006 0.603911 -0.011452
v 0.435380 0.603429 -0.026280
v 0.443559 0.603288 -0.009530
v 0.300477 0.603095 -0.050770
v 0.296831 0.604758 -0.055263
v 0.284728 0.604758 -0.048911
v 0.288896 0.603095 -0.044692
v 0.435891 0.597350 -0.058982
v 0.435891 0.604758 -0.058982
v 0.453713 0.604758 -0.044926
v 0.453713 0.597350 -0.044926
v 0.313194 0.606106 -0.060145
v 0.313299 0.606106 -0.060983
v 0.297070 0.606106 -0.057175
v 0.296971 0.606106 -0.056386
v 0.399047 0.604758 -0.060534
v 0.313057 0.604758 -0.059047
v 0.463855 0.606106 -0.020913
v 0.464867 0.606106 -0.022654
v 0.452884 0.606106 -0.042028
v 0.452788 0.606106 -0.041259
v 0.283073 0.597350 -0.052440
v 0.283073 0.604758 -0.052440
v 0.297898 0.604758 -0.060063
v 0.297898 0.597350 -0.060063
v 0.435065 0.606106 -0.056113
v 0.434962 0.606106 -0.055285
v 0.256733 0.597350 0.003430
v 0.256733 0.604758 0.003430
v 0.257932 0.604758 -0.016265
v 0.257932 0.597350 -0.016265
v 0.284874 0.606106 -0.050075
v 0.284962 0.606106 -0.050784
v 0.270912 0.606106 -0.041156
v 0.271180 0.606106 -0.038828
v 0.470484 0.606106 0.003430
v 0.419133 0.597350 -0.064118
v 0.419133 0.604758 -0.064118
v 0.418202 0.606106 -0.060405
v 0.418309 0.606106 -0.061263
v 0.399291 0.606106 -0.062481
v 0.399183 0.606106 -0.061620
v 0.266159 0.603095 -0.011001
v 0.262517 0.604758 -0.012150
v 0.262783 0.604758 0.003430
v 0.265990 0.603095 0.003430
v 0.314124 0.597350 -0.063848
v 0.314124 0.604758 -0.063848
v 0.400114 0.604758 -0.065334
v 0.400114 0.597350 -0.065334
v 0.463445 0.604758 -0.020207
v 0.452646 0.604758 -0.040126
v 0.434824 0.604758 -0.054182
v 0.432515 0.603095 -0.049735
v 0.418066 0.604758 -0.059318
v 0.416481 0.603095 -0.054649
v 0.276043 0.603095 -0.034087
v 0.271295 0.604758 -0.037828
v 0.262174 0.606106 -0.012635
v 0.260334 0.606106 -0.015239
v 0.259188 0.606106 0.003430
v 0.262426 0.606106 0.003430
v 0.465977 0.604758 -0.025154
v 0.465977 0.597350 -0.025154
v 0.268761 0.597350 -0.042677
v 0.268761 0.604758 -0.042677
v 0.471764 0.604758 0.003430
v 0.471764 0.597350 0.003430
v 0.273521 0.595191 -0.042089
v 0.263021 0.595191 -0.016479
v 0.299135 0.595191 -0.057716
v 0.287399 0.595191 -0.051557
v 0.467724 0.595191 0.003430
v 0.462112 0.595191 -0.023866
v 0.416690 0.595191 -0.061647
v 0.398249 0.595191 -0.062827
v 0.450220 0.595191 -0.043038
v 0.314868 0.595191 -0.061385
v 0.432940 0.595191 -0.056668
v 0.261858 0.595191 0.003430
v 0.341460 0.603006 0.003430
v 0.350527 0.603006 0.003430
v 0.383654 0.597870 -0.021929
v 0.383654 0.595012 -0.021929
v 0.410670 0.601815 -0.041262
v 0.354260 0.597870 -0.013770
v 0.354260 0.594992 -0.013770
v 0.364530 0.594992 -0.027691
v 0.364530 0.597870 -0.027691
v 0.418910 0.601808 -0.035499
v 0.418914 0.601796 -0.026989
v 0.383915 0.601783 -0.021579
v 0.375456 0.601783 -0.012169
v 0.351033 0.597870 0.003430
v 0.351033 0.594992 0.003430
v 0.341071 0.594992 -0.014716
v 0.446812 0.603486 -0.012085
v 0.434369 0.602728 -0.028383
v 0.435071 0.603280 -0.025887
v 0.437164 0.603541 -0.027295
v 0.437841 0.603433 -0.027815
v 0.340920 0.594992 0.003430
v 0.389853 0.593457 -0.011008
v 0.389853 0.601941 -0.011008
v 0.398594 0.601941 -0.013351
v 0.398594 0.593457 -0.013351
v 0.413735 0.593457 -0.004609
v 0.413735 0.601941 -0.004609
v 0.416077 0.601941 0.004133
v 0.416077 0.593457 0.004133
v 0.416077 0.593457 0.004133
v 0.416077 0.601941 0.004133
v 0.413735 0.601941 0.012874
v 0.413735 0.593457 0.012874
v 0.407336 0.601941 0.019273
v 0.407336 0.593457 0.019273
v 0.398594 0.601941 0.021616
v 0.398594 0.593457 0.021616
v 0.389853 0.601941 0.019273
v 0.389853 0.593457 0.019273
v 0.383453 0.601941 0.012874
v 0.383453 0.593457 0.012874
v 0.381111 0.601941 0.004133
v 0.381111 0.593457 0.004133
v 0.383453 0.601941 -0.004609
v 0.383453 0.593457 -0.004609
v 0.407336 0.601941 -0.011008
v 0.407336 0.593457 -0.011008
v 0.398594 0.603738 -0.012690
v 0.407006 0.603738 -0.010436
v 0.398594 0.604483 -0.011096
v 0.406209 0.604483 -0.009056
v 0.413163 0.603738 -0.004279
v 0.411783 0.604483 -0.003482
v 0.415417 0.603738 0.004133
v 0.413823 0.604483 0.004133
v 0.415417 0.603738 0.004133
v 0.413163 0.603738 0.012544
v 0.413823 0.604483 0.004133
v 0.411783 0.604483 0.011747
v 0.407006 0.603738 0.018702
v 0.406209 0.604483 0.017321
v 0.398594 0.603738 0.020955
v 0.398594 0.604483 0.019361
v 0.390183 0.603738 0.018702
v 0.390980 0.604483 0.017321
v 0.384025 0.603738 0.012544
v 0.385406 0.604483 0.011747
v 0.381771 0.603738 0.004133
v 0.383365 0.604483 0.004133
v 0.384025 0.603738 -0.004279
v 0.385406 0.604483 -0.003482
v 0.390183 0.603738 -0.010436
v 0.390980 0.604483 -0.009056
v 0.406209 0.604483 -0.009056
v 0.398594 0.604483 -0.011096
v 0.390980 0.604483 -0.009056
v 0.385406 0.604483 -0.003482
v 0.383365 0.604483 0.004133
v 0.385406 0.604483 0.011747
v 0.390980 0.604483 0.017321
v 0.398594 0.604483 0.019361
v 0.406209 0.604483 0.017321
v 0.411783 0.604483 0.011747
v 0.413823 0.604483 0.004133
v 0.411783 0.604483 -0.003482
vn -0.0331 0.9925 -0.1175
vn 0.0297 0.9867 -0.1598
vn 0.0054 0.9994 0.0354
vn 0.1232 0.9863 -0.1094
vn 0.0017 1.0000 0.0012
vn 0.0319 0.9977 -0.0600
vn 0.0102 0.9942 -0.1074
vn -0.0136 0.9985 -0.0529
vn -0.0331 0.9925 0.1175
vn 0.0054 0.9994 -0.0355
vn 0.0297 0.9867 0.1598
vn 0.1232 0.9864 0.1092
vn 0.0017 1.0000 -0.0012
vn 0.0319 0.9977 0.0600
vn -0.0136 0.9985 0.0529
vn 0.0102 0.9942 0.1074
vn 0.0005 -1.0000 -0.0000
vn 0.0009 -1.0000 -0.0013
vn -0.0000 -1.0000 -0.0000
vn 0.0009 -1.0000 0.0013
vn 0.2955 0.9475 0.1220
vn 0.6739 0.7388 -0.0000
vn 0.9046 0.4263 -0.0000
vn -0.0337 0.9519 0.3044
vn -0.1405 0.9650 0.2215
vn -0.0499 0.9967 0.0640
vn -0.3471 0.9346 0.0775
vn -0.2386 0.9636 -0.1209
vn -0.5048 0.8459 -0.1722
vn 0.0123 0.9524 0.3045
vn 0.2746 0.9263 0.2580
vn 0.1812 0.9768 0.1143
vn -0.2527 0.9590 0.1281
vn -0.4961 0.8682 0.0090
vn -0.2398 0.9693 -0.0550
vn -0.1313 0.8635 0.4870
vn -0.4476 0.8574 0.2540
vn 0.1471 0.9691 0.1980
vn 0.1512 0.8383 0.5238
vn 0.2955 0.9475 -0.1220
vn -0.0337 0.9520 -0.3043
vn -0.0499 0.9967 -0.0640
vn -0.1405 0.9650 -0.2215
vn -0.3472 0.9346 -0.0775
vn -0.5048 0.8459 0.1722
vn -0.2386 0.9636 0.1209
vn 0.0124 0.9524 -0.3045
vn 0.1813 0.9768 -0.1143
vn 0.2746 0.9263 -0.2580
vn -0.2527 0.9590 -0.1281
vn -0.2398 0.9693 0.0550
vn -0.4961 0.8682 -0.0090
vn -0.1313 0.8635 -0.4870
vn -0.4476 0.8574 -0.2540
vn 0.1471 0.9691 -0.1980
vn 0.1511 0.8383 -0.5238
vn 0.1466 -0.6599 -0.7370
vn 0.2875 -0.6599 -0.6942
vn 0.2760 -0.6928 -0.6663
vn 0.1407 -0.6927 -0.7073
vn 0.4174 -0.6599 -0.6248
vn 0.4007 -0.6927 -0.5996
vn 0.5313 -0.6598 -0.5313
vn 0.5100 -0.6927 -0.5100
vn 0.6248 -0.6598 -0.4175
vn 0.5996 -0.6928 -0.4007
vn 0.6942 -0.6598 -0.2876
vn 0.6663 -0.6927 -0.2760
vn 0.7370 -0.6599 -0.1466
vn 0.7073 -0.6928 -0.1407
vn 0.7514 -0.6598 -0.0000
vn 0.7212 -0.6928 -0.0000
vn 0.7369 -0.6599 0.1466
vn 0.7073 -0.6928 0.1407
vn 0.6942 -0.6598 0.2875
vn 0.6663 -0.6927 0.2760
vn 0.6248 -0.6598 0.4175
vn 0.5996 -0.6928 0.4007
vn 0.5313 -0.6598 0.5313
vn 0.5099 -0.6928 0.5099
vn 0.4175 -0.6598 0.6248
vn 0.4007 -0.6928 0.5996
vn 0.2876 -0.6598 0.6942
vn 0.2760 -0.6927 0.6663
vn 0.1466 -0.6598 0.7370
vn 0.1407 -0.6927 0.7073
vn -0.0000 -0.6598 0.7514
vn -0.0000 -0.6927 0.7212
vn -0.1466 -0.6598 0.7370
vn -0.1407 -0.6927 0.7073
vn -0.2876 -0.6598 0.6942
vn -0.2760 -0.6927 0.6663
vn -0.4175 -0.6598 0.6248
vn -0.4007 -0.6928 0.5996
vn -0.5313 -0.6598 0.5313
vn -0.5099 -0.6928 0.5099
vn -0.6248 -0.6598 0.4175
vn -0.5996 -0.6927 0.4007
vn -0.6942 -0.6599 0.2875
vn -0.6663 -0.6927 0.2760
vn -0.7370 -0.6599 0.1466
vn -0.7073 -0.6927 0.1407
vn -0.7514 -0.6599 -0.0000
vn -0.7212 -0.6927 -0.0000
vn -0.7370 -0.6599 -0.1466
vn -0.7073 -0.6927 -0.1407
vn -0.6942 -0.6599 -0.2875
vn -0.6663 -0.6927 -0.2760
vn -0.6248 -0.6598 -0.4175
vn -0.5996 -0.6927 -0.4007
vn -0.5313 -0.6598 -0.5313
vn -0.5100 -0.6927 -0.5100
vn -0.4175 -0.6599 -0.6248
vn -0.4007 -0.6927 -0.5996
vn -0.2875 -0.6599 -0.6942
vn -0.2760 -0.6928 -0.6663
vn -0.8663 0.3475 0.3588
vn -0.7797 0.3475 0.5209
vn -0.6296 -0.6532 0.4207
vn -0.6996 -0.6532 0.2897
vn -0.1466 -0.6599 -0.7370
vn -0.1407 -0.6927 -0.7073
vn -0.0000 -0.6598 -0.7514
vn -0.0000 -0.6927 -0.7212
vn 0.9296 -0.3190 -0.1849
vn 0.9478 -0.3190 -0.0000
vn 0.8958 -0.4444 -0.0000
vn 0.8786 -0.4445 -0.1748
vn -0.9296 -0.3188 -0.1849
vn -0.8756 -0.3190 -0.3627
vn -0.8276 -0.4444 -0.3428
vn -0.8786 -0.4445 -0.1748
vn -0.0000 -0.3189 0.9478
vn -0.1849 -0.3188 0.9296
vn -0.1748 -0.4445 0.8786
vn -0.0000 -0.4444 0.8958
vn -0.9478 -0.3190 -0.0000
vn -0.8958 -0.4445 -0.0000
vn 0.5266 -0.3190 -0.7880
vn 0.6702 -0.3188 -0.6702
vn 0.6334 -0.4445 -0.6334
vn 0.4977 -0.4444 -0.7448
vn 0.6702 -0.3189 0.6702
vn 0.5265 -0.3190 0.7881
vn 0.4977 -0.4444 0.7448
vn 0.6334 -0.4444 0.6334
vn -0.7880 -0.3190 0.5266
vn -0.8756 -0.3190 0.3627
vn -0.8276 -0.4444 0.3428
vn -0.7448 -0.4444 0.4977
vn -0.3627 -0.3189 -0.8756
vn -0.1849 -0.3190 -0.9295
vn -0.1748 -0.4445 -0.8786
vn -0.3428 -0.4445 -0.8276
vn 0.9478 -0.3187 -0.0000
vn 0.9295 -0.3190 0.1849
vn 0.8786 -0.4445 0.1748
vn -0.3627 -0.3190 0.8756
vn -0.3428 -0.4444 0.8276
vn -0.7881 -0.3190 -0.5265
vn -0.7448 -0.4445 -0.4977
vn 0.7880 -0.3190 -0.5265
vn 0.7449 -0.4444 -0.4977
vn 0.3627 -0.3190 0.8756
vn 0.3428 -0.4444 0.8276
vn -0.9295 -0.3190 0.1849
vn -0.8786 -0.4444 0.1748
vn 0.8756 -0.3190 0.3627
vn 0.8276 -0.4444 0.3428
vn -0.5266 -0.3190 0.7880
vn -0.4977 -0.4444 0.7448
vn -0.6702 -0.3188 -0.6702
vn -0.6334 -0.4445 -0.6334
vn 0.8756 -0.3190 -0.3627
vn 0.8276 -0.4444 -0.3428
vn 0.1849 -0.3189 0.9296
vn 0.1748 -0.4445 0.8786
vn -0.0000 -0.3190 -0.9478
vn -0.0000 -0.4445 -0.8958
vn 0.7880 -0.3190 0.5265
vn 0.7448 -0.4444 0.4977
vn -0.6702 -0.3188 0.6702
vn -0.6334 -0.4444 0.6334
vn -0.5265 -0.3190 -0.7881
vn -0.4977 -0.4444 -0.7448
vn 0.3627 -0.3189 -0.8756
vn 0.3428 -0.4445 -0.8276
vn -0.6381 -0.7594 -0.1269
vn -0.6010 -0.7595 -0.2490
vn -0.3240 -0.9363 -0.1357
vn -0.3450 -0.9361 -0.0687
vn 0.1849 -0.3189 -0.9296
vn 0.1748 -0.4445 -0.8786
vn 0.1269 -0.7595 0.6381
vn -0.0000 -0.7594 0.6506
vn 0.0020 -0.9353 0.3539
vn 0.0713 -0.9361 0.3445
vn -0.2490 -0.7594 0.6011
vn -0.3615 -0.7594 0.5410
vn -0.1977 -0.9361 0.2908
vn -0.1372 -0.9353 0.3260
vn -0.4600 -0.7595 0.4600
vn -0.2466 -0.9379 0.2441
vn -0.5409 -0.7595 0.3614
vn -0.2829 -0.9404 0.1889
vn -0.6010 -0.7595 0.2490
vn -0.3190 -0.9383 0.1336
vn -0.6381 -0.7594 0.1269
vn -0.3423 -0.9370 0.0700
vn -0.6506 -0.7594 -0.0000
vn -0.3512 -0.9363 0.0014
vn -0.3539 -0.9326 -0.0704
vn -0.3608 -0.9326 -0.0000
vn 0.3771 -0.9262 -0.0000
vn 0.3698 -0.9262 0.0736
vn -0.3512 -0.9363 0.0013
vn -0.5409 -0.7595 -0.3614
vn -0.2894 -0.9370 -0.1957
vn -0.4600 -0.7594 -0.4600
vn -0.2435 -0.9383 -0.2455
vn -0.3614 -0.7595 -0.5409
vn -0.1889 -0.9404 -0.2827
vn -0.2490 -0.7595 -0.6010
vn -0.1344 -0.9379 -0.3199
vn -0.1269 -0.7594 -0.6381
vn -0.0713 -0.9361 -0.3443
vn -0.0000 -0.7595 -0.6506
vn -0.0020 -0.9353 -0.3539
vn 0.1269 -0.7594 -0.6381
vn 0.0691 -0.9350 -0.3477
vn 0.2490 -0.7595 -0.6010
vn 0.1372 -0.9354 -0.3260
vn 0.3614 -0.7595 -0.5409
vn 0.1977 -0.9361 -0.2908
vn 0.4600 -0.7594 -0.4600
vn 0.2466 -0.9379 -0.2441
vn 0.5410 -0.7594 -0.3615
vn 0.2827 -0.9404 -0.1889
vn 0.6011 -0.7594 -0.2490
vn 0.3191 -0.9382 -0.1336
vn 0.6380 -0.7595 -0.1269
vn 0.3423 -0.9370 -0.0700
vn 0.6506 -0.7594 -0.0000
vn 0.3513 -0.9363 -0.0013
vn 0.6381 -0.7595 0.1269
vn 0.3450 -0.9361 0.0687
vn 0.6011 -0.7594 0.2490
vn 0.3240 -0.9363 0.1357
vn 0.5409 -0.7594 0.3614
vn 0.2894 -0.9370 0.1957
vn 0.4600 -0.7595 0.4600
vn 0.2435 -0.9383 0.2455
vn 0.3615 -0.7594 0.5410
vn 0.1889 -0.9404 0.2827
vn 0.2490 -0.7594 0.6011
vn 0.1344 -0.9378 0.3201
vn -0.3573 0.3581 -0.8626
vn -0.3588 0.3475 -0.8663
vn -0.1829 0.3475 -0.9197
vn -0.1822 0.3581 -0.9158
vn -0.0704 -0.9326 0.3539
vn -0.0000 -0.9326 0.3609
vn -0.0000 -0.9262 -0.3771
vn 0.0736 -0.9262 -0.3699
vn -0.1888 -0.9405 -0.2826
vn -0.0337 -0.9982 -0.0496
vn -0.2434 -0.9384 -0.2454
vn 0.3539 -0.9326 -0.0704
vn 0.3334 -0.9326 -0.1381
vn -0.3484 -0.9262 0.1443
vn -0.3699 -0.9262 0.0736
vn -0.3334 -0.9326 -0.1381
vn 0.3484 -0.9262 0.1443
vn 0.3609 -0.9326 -0.0000
vn -0.3771 -0.9262 -0.0000
vn -0.3000 -0.9326 -0.2005
vn 0.3136 -0.9262 0.2095
vn 0.3539 -0.9326 0.0704
vn -0.3699 -0.9262 -0.0736
vn -0.2552 -0.9326 -0.2552
vn 0.2667 -0.9262 0.2667
vn 0.3334 -0.9326 0.1381
vn -0.3484 -0.9262 -0.1443
vn -0.2005 -0.9326 -0.3000
vn 0.2095 -0.9262 0.3136
vn 0.3000 -0.9326 0.2005
vn -0.3136 -0.9262 -0.2095
vn -0.1381 -0.9326 -0.3334
vn 0.1443 -0.9262 0.3484
vn 0.0704 -0.9326 0.3539
vn -0.0736 -0.9262 -0.3699
vn 0.2551 -0.9326 0.2551
vn -0.2666 -0.9262 -0.2666
vn -0.0704 -0.9326 -0.3539
vn 0.0736 -0.9262 0.3699
vn -0.1381 -0.9326 0.3334
vn 0.1443 -0.9262 -0.3484
vn 0.2005 -0.9326 0.3001
vn -0.2095 -0.9262 -0.3136
vn -0.0000 -0.9326 -0.3608
vn -0.0000 -0.9262 0.3771
vn -0.2005 -0.9326 0.3001
vn 0.2095 -0.9262 -0.3136
vn 0.1381 -0.9326 0.3334
vn -0.1443 -0.9262 -0.3484
vn 0.0704 -0.9326 -0.3539
vn -0.0736 -0.9262 0.3699
vn -0.2551 -0.9326 0.2551
vn 0.2666 -0.9262 -0.2666
vn 0.1381 -0.9326 -0.3334
vn -0.1443 -0.9262 0.3484
vn -0.3000 -0.9326 0.2004
vn 0.3136 -0.9262 -0.2095
vn -0.1269 -0.7595 0.6381
vn -0.0691 -0.9351 0.3476
vn 0.2005 -0.9326 -0.3000
vn -0.2095 -0.9262 0.3136
vn -0.3333 -0.9326 0.1381
vn 0.3484 -0.9262 -0.1443
vn 0.2552 -0.9326 -0.2552
vn -0.2667 -0.9262 0.2667
vn -0.3539 -0.9326 0.0704
vn 0.3698 -0.9262 -0.0736
vn 0.3001 -0.9326 -0.2005
vn -0.3136 -0.9262 0.2095
vn 0.1849 -0.3192 -0.9295
vn -0.0000 -0.3192 -0.9477
vn 0.3627 -0.3191 -0.8756
vn 0.5265 -0.3192 -0.7880
vn 0.6700 -0.3192 -0.6702
vn 0.7880 -0.3192 -0.5265
vn 0.8756 -0.3191 -0.3627
vn 0.9295 -0.3191 -0.1849
vn 0.9477 -0.3192 -0.0000
vn 0.9295 -0.3191 0.1849
vn 0.8755 -0.3192 0.3627
vn 0.7880 -0.3192 0.5265
vn 0.6702 -0.3191 0.6701
vn 0.5265 -0.3191 0.7880
vn 0.3627 -0.3191 0.8756
vn 0.1849 -0.3192 0.9295
vn -0.0000 -0.3191 0.9477
vn -0.1849 -0.3191 0.9295
vn -0.3627 -0.3192 0.8755
vn -0.5265 -0.3192 0.7880
vn -0.6701 -0.3191 0.6702
vn -0.7880 -0.3192 0.5265
vn -0.8755 -0.3193 0.3627
vn -0.9295 -0.3192 0.1849
vn -0.9477 -0.3191 -0.0000
vn -0.9295 -0.3192 -0.1849
vn -0.8756 -0.3191 -0.3627
vn -0.7880 -0.3191 -0.5265
vn -0.6702 -0.3191 -0.6701
vn -0.5265 -0.3192 -0.7880
vn -0.3627 -0.3191 -0.8756
vn -0.1849 -0.3191 -0.9295
vn -0.0000 -0.2379 -0.9713
vn 0.1895 -0.2380 -0.9526
vn 0.3717 -0.2380 -0.8973
vn 0.5396 -0.2380 -0.8076
vn 0.6868 -0.2379 -0.6868
vn 0.8076 -0.2379 -0.5396
vn 0.8974 -0.2379 -0.3717
vn 0.9526 -0.2379 -0.1895
vn 0.9713 -0.2379 -0.0000
vn 0.9526 -0.2379 0.1895
vn 0.8973 -0.2379 0.3717
vn 0.8076 -0.2379 0.5396
vn 0.6868 -0.2379 0.6868
vn 0.5396 -0.2379 0.8076
vn 0.3717 -0.2379 0.8974
vn 0.1895 -0.2379 0.9526
vn -0.0000 -0.2379 0.9713
vn -0.1895 -0.2379 0.9526
vn -0.3717 -0.2379 0.8974
vn -0.5396 -0.2379 0.8076
vn -0.6868 -0.2379 0.6868
vn -0.8076 -0.2379 0.5396
vn -0.8973 -0.2380 0.3717
vn -0.9526 -0.2380 0.1895
vn -0.9713 -0.2380 -0.0000
vn -0.9526 -0.2379 -0.1895
vn -0.8973 -0.2380 -0.3717
vn -0.8076 -0.2379 -0.5396
vn -0.6868 -0.2379 -0.6868
vn -0.5396 -0.2380 -0.8076
vn -0.3717 -0.2380 -0.8973
vn -0.1895 -0.2379 -0.9526
vn -0.0712 -0.9362 -0.3442
vn -0.0336 -0.9964 -0.0774
vn -0.0020 -0.9354 -0.3536
vn -0.0137 -0.9954 -0.0951
vn 0.0691 -0.9353 -0.3472
vn 0.0193 -0.9951 -0.0968
vn 0.1372 -0.9354 -0.3259
vn 0.0491 -0.9954 -0.0826
vn 0.1975 -0.9362 -0.2906
vn 0.0608 -0.9964 -0.0585
vn 0.0501 -0.9982 -0.0330
vn 0.2826 -0.9405 -0.1888
vn 0.3187 -0.9384 -0.1336
vn -0.0574 -0.9967 -0.0568
vn -0.2893 -0.9370 -0.1957
vn -0.0703 -0.9924 -0.1014
vn -0.0389 -0.9905 -0.1320
vn 0.0266 -0.9906 -0.1340
vn 0.0865 -0.9905 -0.1071
vn 0.1037 -0.9924 -0.0668
vn 0.0747 -0.9967 -0.0306
vn 0.3422 -0.9370 -0.0700
vn -0.0791 -0.9959 -0.0446
vn -0.3239 -0.9363 -0.1356
vn -0.1089 -0.9907 -0.0817
vn -0.0746 -0.9917 -0.1051
vn 0.0199 -0.9948 -0.0998
vn 0.1091 -0.9916 -0.0687
vn 0.1319 -0.9907 -0.0338
vn 0.0902 -0.9959 -0.0109
vn 0.3512 -0.9363 -0.0013
vn -0.0916 -0.9956 -0.0182
vn -0.3450 -0.9361 -0.0686
vn -0.1337 -0.9907 -0.0266
vn -0.1043 -0.9943 -0.0208
vn 0.1043 -0.9943 0.0208
vn 0.1337 -0.9907 0.0266
vn 0.0916 -0.9956 0.0182
vn 0.3450 -0.9361 0.0686
vn -0.0902 -0.9959 0.0109
vn -0.1319 -0.9907 0.0338
vn -0.1091 -0.9916 0.0687
vn -0.0199 -0.9948 0.0998
vn 0.0746 -0.9917 0.1051
vn 0.1089 -0.9907 0.0818
vn 0.0791 -0.9959 0.0446
vn 0.3239 -0.9363 0.1356
vn -0.0747 -0.9967 0.0306
vn -0.3422 -0.9370 0.0700
vn -0.1036 -0.9924 0.0667
vn -0.0865 -0.9905 0.1071
vn -0.0266 -0.9906 0.1340
vn 0.0389 -0.9905 0.1320
vn 0.0702 -0.9924 0.1015
vn 0.0574 -0.9967 0.0568
vn 0.2893 -0.9370 0.1957
vn -0.0501 -0.9982 0.0330
vn -0.3188 -0.9384 0.1336
vn -0.0608 -0.9964 0.0585
vn -0.0491 -0.9954 0.0826
vn -0.0193 -0.9951 0.0968
vn 0.0137 -0.9954 0.0951
vn 0.0337 -0.9964 0.0774
vn 0.0337 -0.9982 0.0496
vn 0.2434 -0.9384 0.2454
vn -0.2826 -0.9405 0.1888
vn -0.1975 -0.9362 0.2907
vn -0.1372 -0.9354 0.3259
vn -0.0691 -0.9353 0.3472
vn 0.0020 -0.9354 0.3536
vn 0.0712 -0.9362 0.3442
vn 0.1344 -0.9379 0.3198
vn 0.1888 -0.9405 0.2826
vn 0.1822 0.3581 -0.9158
vn 0.1829 0.3475 -0.9197
vn 0.3588 0.3475 -0.8663
vn 0.3573 0.3581 -0.8626
vn 0.7763 0.3581 0.5187
vn 0.7796 0.3475 0.5209
vn 0.6630 0.3475 0.6630
vn 0.6602 0.3581 0.6602
vn -0.9337 0.3581 -0.0000
vn -0.9377 0.3475 -0.0000
vn -0.9197 0.3475 -0.1829
vn -0.9157 0.3581 -0.1821
vn 0.8626 0.3581 0.3573
vn 0.8663 0.3475 0.3588
vn -0.9157 0.3581 0.1822
vn -0.9197 0.3475 0.1829
vn 0.9157 0.3581 0.1822
vn 0.9197 0.3475 0.1829
vn -0.8626 0.3581 0.3573
vn 0.9337 0.3581 -0.0000
vn 0.9377 0.3475 -0.0000
vn -0.7763 0.3581 0.5187
vn 0.9157 0.3581 -0.1822
vn 0.9197 0.3475 -0.1829
vn -0.6602 0.3581 0.6602
vn -0.6630 0.3475 0.6630
vn 0.5209 0.3475 -0.7796
vn 0.5187 0.3581 -0.7763
vn 0.8626 0.3581 -0.3573
vn 0.8663 0.3475 -0.3588
vn -0.5187 0.3581 0.7763
vn -0.5209 0.3475 0.7796
vn 0.7763 0.3581 -0.5187
vn 0.7796 0.3475 -0.5209
vn -0.3573 0.3581 0.8626
vn -0.3588 0.3475 0.8663
vn 0.6602 0.3581 -0.6602
vn 0.6630 0.3475 -0.6630
vn -0.1822 0.3581 0.9157
vn -0.1829 0.3475 0.9197
vn -0.0000 0.3581 0.9337
vn -0.0000 0.3475 0.9377
vn -0.5187 0.3581 -0.7763
vn -0.5209 0.3475 -0.7796
vn 0.1822 0.3581 0.9157
vn 0.1829 0.3475 0.9197
vn -0.6602 0.3581 -0.6602
vn -0.6630 0.3475 -0.6630
vn 0.3573 0.3581 0.8626
vn 0.3588 0.3475 0.8663
vn -0.7763 0.3581 -0.5187
vn -0.7796 0.3475 -0.5209
vn 0.5187 0.3581 0.7763
vn 0.5209 0.3475 0.7796
vn -0.8626 0.3581 -0.3573
vn -0.8663 0.3475 -0.3588
vn -0.0000 0.3475 -0.9377
vn -0.0000 0.3581 -0.9337
vn 0.2775 0.9607 -0.0000
vn 0.2721 0.9607 0.0541
vn -0.3939 0.9158 -0.0783
vn -0.4015 0.9158 -0.0000
vn 0.7572 -0.6532 -0.0000
vn 0.7426 -0.6532 0.1478
vn -0.7427 -0.6532 0.1477
vn 0.6995 -0.6532 0.2898
vn -0.7572 -0.6532 -0.0000
vn 0.6296 -0.6532 0.4207
vn -0.7426 -0.6532 -0.1478
vn 0.5353 -0.6532 0.5355
vn -0.6996 -0.6532 -0.2898
vn 0.4207 -0.6532 0.6296
vn -0.6296 -0.6532 -0.4207
vn 0.2896 -0.6532 0.6996
vn -0.0000 -0.6532 -0.7572
vn 0.1478 -0.6532 -0.7426
vn -0.5352 -0.6533 -0.5355
vn 0.1477 -0.6532 0.7427
vn 0.2898 -0.6532 -0.6995
vn -0.4206 -0.6532 -0.6296
vn -0.0000 -0.6532 0.7572
vn 0.4207 -0.6532 -0.6296
vn -0.2897 -0.6532 -0.6996
vn -0.1478 -0.6532 0.7426
vn 0.5355 -0.6532 -0.5353
vn -0.1477 -0.6532 -0.7427
vn -0.2898 -0.6532 0.6996
vn 0.6296 -0.6532 -0.4207
vn -0.4207 -0.6532 0.6296
vn 0.6996 -0.6532 -0.2897
vn -0.5355 -0.6532 0.5353
vn 0.7427 -0.6532 -0.1477
vn 0.7156 0.6324 0.2964
vn 0.7597 0.6325 0.1511
vn 0.8541 0.4916 0.1699
vn 0.8046 0.4915 0.3333
vn 0.9524 -0.2388 0.1894
vn 0.9711 -0.2387 -0.0000
vn 0.9177 0.3972 -0.0000
vn 0.9001 0.3972 0.1791
vn 0.7746 0.6325 -0.0000
vn 0.7597 0.6324 -0.1511
vn 0.8541 0.4916 -0.1699
vn 0.8708 0.4916 -0.0000
vn 0.9524 -0.2388 -0.1894
vn 0.9001 0.3971 -0.1791
vn 0.7156 0.6325 -0.2964
vn 0.8046 0.4915 -0.3333
vn 0.8972 -0.2387 -0.3716
vn 0.8479 0.3971 -0.3512
vn 0.6441 0.6324 -0.4304
vn 0.7241 0.4916 -0.4838
vn 0.8074 -0.2387 -0.5395
vn 0.7631 0.3971 -0.5099
vn -0.0000 -0.2388 -0.9711
vn -0.1894 -0.2388 -0.9524
vn -0.1790 0.3972 -0.9001
vn -0.0000 0.3971 -0.9178
vn 0.5477 0.6325 -0.5477
vn 0.6158 0.4916 -0.6158
vn 0.6867 -0.2387 -0.6867
vn 0.6489 0.3972 -0.6489
vn -0.3716 -0.2388 -0.8972
vn -0.3512 0.3971 -0.8479
vn 0.4303 0.6325 -0.6440
vn 0.4838 0.4915 -0.7241
vn 0.5395 -0.2387 -0.8074
vn 0.5099 0.3971 -0.7631
vn -0.5395 -0.2387 -0.8074
vn -0.5099 0.3972 -0.7631
vn 0.2964 0.6325 -0.7156
vn 0.3333 0.4915 -0.8046
vn 0.3716 -0.2388 -0.8972
vn 0.3512 0.3971 -0.8479
vn -0.6867 -0.2387 -0.6867
vn -0.6490 0.3972 -0.6489
vn 0.1511 0.6325 -0.7597
vn 0.1699 0.4916 -0.8541
vn 0.1895 -0.2388 -0.9524
vn 0.1790 0.3971 -0.9001
vn -0.8074 -0.2387 -0.5395
vn -0.7631 0.3971 -0.5099
vn -0.0000 0.6325 -0.7746
vn -0.0000 0.4915 -0.8709
vn -0.8972 -0.2387 -0.3716
vn -0.8479 0.3972 -0.3512
vn -0.1511 0.6325 -0.7597
vn -0.1699 0.4916 -0.8541
vn -0.9524 -0.2387 -0.1895
vn -0.9001 0.3971 -0.1790
vn -0.2964 0.6325 -0.7156
vn -0.3333 0.4915 -0.8046
vn -0.9711 -0.2387 -0.0000
vn -0.9177 0.3972 -0.0000
vn -0.4303 0.6325 -0.6440
vn -0.4838 0.4915 -0.7241
vn -0.9524 -0.2387 0.1894
vn -0.9001 0.3972 0.1791
vn -0.5477 0.6325 -0.5477
vn -0.6158 0.4916 -0.6158
vn -0.8972 -0.2387 0.3716
vn -0.8479 0.3972 0.3512
vn -0.1477 -0.6530 0.7428
vn 0.0001 -0.6529 0.7574
vn -0.0000 -0.9786 0.2058
vn -0.0402 -0.9786 0.2019
vn 0.4207 -0.6530 -0.6297
vn 0.2897 -0.6530 -0.6998
vn 0.0788 -0.9786 -0.1902
vn 0.1143 -0.9786 -0.1711
vn -0.1479 -0.6531 -0.7427
vn -0.2899 -0.6531 -0.6996
vn -0.0788 -0.9786 -0.1902
vn -0.0402 -0.9786 -0.2019
vn -0.2897 -0.6530 0.6998
vn -0.0788 -0.9786 0.1902
vn 0.6296 -0.6531 -0.4208
vn 0.5354 -0.6530 -0.5357
vn 0.1455 -0.9786 -0.1455
vn 0.1711 -0.9786 -0.1143
vn -0.4207 -0.6530 0.6297
vn -0.1143 -0.9786 0.1711
vn 0.6996 -0.6531 -0.2899
vn 0.1901 -0.9786 -0.0788
vn -0.5354 -0.6530 0.5357
vn -0.1456 -0.9786 0.1455
vn 0.7427 -0.6531 -0.1479
vn 0.2019 -0.9786 -0.0402
vn -0.6296 -0.6531 0.4208
vn -0.1711 -0.9786 0.1144
vn 0.7574 -0.6529 -0.0000
vn 0.2059 -0.9786 -0.0000
vn -0.6996 -0.6531 0.2899
vn -0.1902 -0.9786 0.0788
vn 0.7427 -0.6531 0.1477
vn 0.2019 -0.9786 0.0402
vn -0.7427 -0.6531 0.1479
vn -0.2019 -0.9786 0.0402
vn 0.6998 -0.6530 0.2897
vn 0.1901 -0.9786 0.0788
vn -0.7574 -0.6529 0.0001
vn -0.2058 -0.9786 -0.0000
vn 0.6297 -0.6530 0.4207
vn 0.1711 -0.9786 0.1144
vn -0.7427 -0.6531 -0.1477
vn -0.2019 -0.9786 -0.0402
vn 0.5357 -0.6530 0.5354
vn 0.1455 -0.9786 0.1455
vn -0.6997 -0.6530 -0.2897
vn -0.1902 -0.9786 -0.0788
vn 0.4208 -0.6531 0.6296
vn 0.1143 -0.9786 0.1711
vn -0.6297 -0.6530 -0.4207
vn -0.1711 -0.9786 -0.1143
vn 0.2899 -0.6531 0.6996
vn 0.0788 -0.9786 0.1902
vn -0.5357 -0.6530 -0.5354
vn -0.1456 -0.9786 -0.1456
vn 0.1479 -0.6531 0.7427
vn 0.0402 -0.9786 0.2019
vn -0.4208 -0.6531 -0.6296
vn -0.1143 -0.9786 -0.1711
vn -0.0001 -0.6529 -0.7574
vn -0.0000 -0.9786 -0.2059
vn 0.8972 -0.2387 0.3716
vn 0.8479 0.3971 0.3512
vn 0.8074 -0.2388 0.5395
vn 0.7631 0.3972 0.5099
vn 0.6441 0.6324 0.4303
vn 0.7241 0.4915 0.4838
vn 0.6867 -0.2388 0.6867
vn 0.6489 0.3972 0.6489
vn 0.5477 0.6325 0.5477
vn 0.6158 0.4915 0.6158
vn -0.2964 0.6325 0.7156
vn -0.1511 0.6325 0.7597
vn -0.1699 0.4915 0.8541
vn -0.3333 0.4916 0.8045
vn 0.5395 -0.2387 0.8074
vn 0.5099 0.3972 0.7631
vn 0.4303 0.6325 0.6440
vn 0.4838 0.4915 0.7241
vn -0.0000 0.9608 0.2774
vn -0.0541 0.9608 0.2721
vn 0.0783 0.9158 -0.3939
vn -0.0000 0.9158 -0.4017
vn 0.3716 -0.2388 0.8972
vn 0.3512 0.3972 0.8479
vn 0.2964 0.6325 0.7156
vn 0.3332 0.4916 0.8046
vn -0.5477 0.6325 0.5477
vn -0.4303 0.6325 0.6440
vn -0.4838 0.4915 0.7241
vn -0.6158 0.4915 0.6158
vn 0.1895 -0.2387 0.9524
vn 0.1790 0.3972 0.9001
vn 0.1511 0.6325 0.7597
vn 0.1699 0.4915 0.8541
vn -0.6441 0.6324 0.4304
vn -0.7241 0.4915 0.4838
vn -0.0000 -0.2388 0.9711
vn -0.0000 0.3972 0.9177
vn 0.1477 -0.6530 -0.7428
vn 0.0402 -0.9786 -0.2019
vn -0.7156 0.6325 0.2964
vn -0.8046 0.4916 0.3333
vn -0.1895 -0.2387 0.9524
vn -0.1790 0.3972 0.9001
vn -0.7597 0.6325 0.1511
vn -0.8541 0.4915 0.1699
vn -0.3716 -0.2388 0.8972
vn -0.3512 0.3972 0.8479
vn -0.7745 0.6325 -0.0000
vn -0.8709 0.4915 -0.0000
vn -0.5395 -0.2387 0.8074
vn -0.5099 0.3972 0.7631
vn -0.7597 0.6325 -0.1511
vn -0.7746 0.6325 -0.0000
vn -0.8541 0.4915 -0.1699
vn -0.6867 -0.2388 0.6867
vn -0.6489 0.3972 0.6489
vn -0.7156 0.6325 -0.2964
vn -0.8045 0.4916 -0.3333
vn -0.8074 -0.2388 0.5395
vn -0.7631 0.3972 0.5099
vn -0.6441 0.6325 -0.4303
vn -0.7241 0.4916 -0.4838
vn -0.8714 0.3323 0.3609
vn -0.9251 0.3322 0.1840
vn -0.2307 0.9607 -0.1541
vn -0.1962 0.9608 -0.1962
vn 0.2840 0.9158 0.2840
vn 0.3339 0.9158 0.2231
vn 0.2563 0.9607 0.1062
vn -0.3710 0.9158 -0.1537
vn -0.1541 0.9608 -0.2306
vn 0.2231 0.9158 0.3339
vn 0.2307 0.9607 0.1541
vn -0.3339 0.9158 -0.2231
vn -0.1062 0.9607 -0.2563
vn 0.1537 0.9158 0.3710
vn -0.1062 0.9607 0.2563
vn 0.1537 0.9158 -0.3711
vn 0.1961 0.9608 0.1961
vn -0.2840 0.9158 -0.2840
vn -0.0541 0.9608 -0.2721
vn 0.0783 0.9158 0.3939
vn -0.0000 0.6325 0.7746
vn -0.0000 0.4915 0.8709
vn 0.1541 0.9608 0.2306
vn -0.2231 0.9158 -0.3339
vn -0.0000 0.9607 -0.2775
vn -0.0000 0.9158 0.4015
vn -0.1541 0.9608 0.2306
vn 0.2231 0.9158 -0.3339
vn 0.1062 0.9607 0.2563
vn -0.1537 0.9158 -0.3711
vn 0.0541 0.9608 -0.2721
vn -0.0783 0.9158 0.3939
vn -0.1961 0.9608 0.1961
vn 0.2840 0.9158 -0.2840
vn 0.0541 0.9608 0.2721
vn -0.0783 0.9158 -0.3939
vn 0.1062 0.9607 -0.2563
vn -0.1537 0.9158 0.3710
vn -0.2307 0.9607 0.1541
vn 0.3339 0.9158 -0.2231
vn 0.1541 0.9608 -0.2306
vn -0.2231 0.9158 0.3339
vn -0.2563 0.9607 0.1062
vn 0.3711 0.9158 -0.1537
vn 0.1962 0.9608 -0.1962
vn -0.2840 0.9158 0.2840
vn -0.2721 0.9608 0.0541
vn 0.3939 0.9158 -0.0783
vn 0.2307 0.9607 -0.1541
vn -0.3339 0.9158 0.2231
vn -0.2774 0.9608 -0.0000
vn 0.4016 0.9158 -0.0000
vn 0.2563 0.9607 -0.1062
vn -0.3710 0.9158 0.1537
vn -0.2721 0.9607 -0.0541
vn 0.3938 0.9158 0.0783
vn 0.2722 0.9607 -0.0541
vn -0.3938 0.9158 0.0783
vn -0.2563 0.9608 -0.1062
vn 0.3711 0.9158 0.1537
vn -0.8714 0.3323 -0.3609
vn -0.9251 0.3322 -0.1840
vn -0.8225 0.5448 -0.1636
vn -0.7747 0.5448 -0.3209
vn 0.6669 0.3323 -0.6669
vn 0.7842 0.3323 -0.5240
vn -0.9432 0.3322 -0.0000
vn 0.8714 0.3323 -0.3609
vn 0.9251 0.3322 -0.1840
vn 0.9432 0.3323 -0.0000
vn -0.7842 0.3323 -0.5240
vn 0.9251 0.3322 0.1840
vn -0.6669 0.3323 -0.6669
vn 0.8714 0.3323 0.3609
vn -0.5240 0.3322 -0.7842
vn 0.7842 0.3323 0.5240
vn -0.3609 0.3323 -0.8714
vn -0.0000 0.3323 0.9432
vn -0.1840 0.3322 0.9251
vn 0.6669 0.3323 0.6669
vn -0.1840 0.3323 -0.9251
vn -0.3609 0.3323 0.8714
vn 0.5240 0.3323 0.7842
vn -0.0000 0.3322 -0.9432
vn -0.5240 0.3323 0.7842
vn 0.3609 0.3323 0.8714
vn 0.1840 0.3323 -0.9251
vn -0.6669 0.3323 0.6669
vn 0.1840 0.3322 0.9251
vn 0.3609 0.3323 -0.8714
vn -0.7842 0.3323 0.5240
vn 0.5240 0.3323 -0.7842
vn -0.1422 0.9894 -0.0283
vn -0.1450 0.9894 -0.0000
vn -0.5942 0.8043 -0.0000
vn -0.5828 0.8043 -0.1159
vn 0.8225 0.5448 -0.1636
vn 0.8386 0.5448 -0.0000
vn -0.6973 0.5448 -0.4659
vn 0.8225 0.5448 0.1636
vn -0.5930 0.5448 -0.5930
vn 0.7747 0.5448 0.3209
vn -0.4659 0.5448 -0.6973
vn 0.6973 0.5448 0.4659
vn -0.3209 0.5448 -0.7748
vn -0.0000 0.5448 0.8385
vn -0.1636 0.5448 0.8224
vn 0.5929 0.5448 0.5929
vn -0.1636 0.5448 -0.8225
vn -0.3209 0.5448 0.7747
vn 0.4659 0.5448 0.6972
vn -0.0000 0.5448 -0.8386
vn -0.4659 0.5448 0.6972
vn 0.3209 0.5448 0.7747
vn 0.1636 0.5448 -0.8225
vn -0.5929 0.5448 0.5929
vn 0.1636 0.5448 0.8224
vn 0.3209 0.5448 -0.7748
vn -0.6973 0.5448 0.4659
vn 0.4659 0.5448 -0.6973
vn -0.7747 0.5448 0.3209
vn 0.5930 0.5448 -0.5930
vn -0.8225 0.5448 0.1636
vn 0.6973 0.5448 -0.4659
vn -0.8386 0.5448 -0.0000
vn 0.7747 0.5448 -0.3209
vn -0.8385 0.5448 -0.0000
vn -0.0000 0.9894 -0.1450
vn 0.0283 0.9894 -0.1422
vn 0.0555 0.9894 -0.1339
vn 0.0806 0.9894 -0.1205
vn 0.1026 0.9894 -0.1025
vn 0.1206 0.9894 -0.0805
vn 0.1340 0.9894 -0.0555
vn 0.1422 0.9894 -0.0283
vn 0.1450 0.9894 -0.0000
vn 0.1422 0.9894 0.0283
vn 0.1339 0.9894 0.0555
vn 0.1205 0.9894 0.0806
vn 0.1025 0.9894 0.1026
vn 0.0805 0.9894 0.1206
vn 0.0555 0.9894 0.1340
vn 0.0283 0.9894 0.1422
vn -0.0000 0.9894 0.1450
vn -0.0283 0.9894 0.1422
vn -0.0555 0.9894 0.1339
vn -0.0806 0.9894 0.1205
vn -0.1026 0.9894 0.1025
vn -0.1206 0.9894 0.0805
vn -0.1340 0.9894 0.0555
vn -0.1422 0.9894 0.0283
vn -0.1339 0.9894 -0.0555
vn -0.1205 0.9894 -0.0806
vn -0.1025 0.9894 -0.1026
vn -0.0805 0.9894 -0.1206
vn -0.0555 0.9894 -0.1340
vn -0.0283 0.9894 -0.1422
vn 0.0555 0.9894 -0.1340
vn 0.1159 0.8044 -0.5827
vn 0.2274 0.8044 -0.5489
vn 0.1025 0.9894 0.1025
vn 0.4941 0.8043 0.3301
vn 0.4202 0.8043 0.4202
vn -0.1340 0.9894 -0.0555
vn -0.5490 0.8043 -0.2274
vn 0.3301 0.8044 0.4940
vn -0.4941 0.8043 -0.3302
vn 0.0554 0.9894 0.1340
vn 0.2274 0.8044 0.5489
vn -0.1025 0.9894 -0.1025
vn -0.4202 0.8043 -0.4202
vn 0.0282 0.9894 0.1422
vn 0.1159 0.8043 0.5828
vn -0.3301 0.8044 -0.4940
vn -0.0000 0.8043 0.5942
vn -0.1159 0.8044 -0.5827
vn -0.0000 0.8043 -0.5942
vn -0.2274 0.8044 -0.5489
vn -0.1159 0.8043 0.5829
vn 0.0806 0.9894 -0.1206
vn 0.3301 0.8044 -0.4940
vn 0.4202 0.8043 -0.4202
vn -0.2274 0.8044 0.5489
vn 0.4941 0.8043 -0.3302
vn -0.0806 0.9894 0.1206
vn -0.3301 0.8044 0.4940
vn 0.1339 0.9894 -0.0554
vn 0.5491 0.8042 -0.2274
vn -0.4202 0.8043 0.4202
vn 0.5827 0.8044 -0.1159
vn -0.4941 0.8043 0.3301
vn 0.5942 0.8043 -0.0000
vn -0.1339 0.9894 0.0554
vn -0.5489 0.8044 0.2274
vn 0.5827 0.8044 0.1159
vn -0.5828 0.8043 0.1159
vn 0.5490 0.8043 0.2274
vn -0.0017 0.9596 -0.2814
vn 0.0517 0.9597 -0.2761
vn 0.1054 0.9593 -0.2619
vn 0.1579 0.9583 -0.2381
vn 0.2035 0.9575 -0.2043
vn 0.2413 0.9568 -0.1622
vn 0.2700 0.9563 -0.1120
vn 0.2869 0.9563 -0.0570
vn 0.2929 0.9561 -0.0001
vn 0.2876 0.9560 0.0569
vn 0.2712 0.9559 0.1125
vn 0.2434 0.9561 0.1632
vn 0.2049 0.9568 0.2063
vn 0.1582 0.9578 0.2399
vn 0.1056 0.9591 0.2628
vn 0.0516 0.9595 0.2768
vn -0.0018 0.9594 0.2820
vn -0.0551 0.9594 0.2765
vn -0.1069 0.9594 0.2609
vn -0.1537 0.9595 0.2359
vn -0.1978 0.9592 0.2022
vn -0.2366 0.9583 0.1604
vn -0.2658 0.9576 0.1108
vn -0.2841 0.9571 0.0569
vn -0.2902 0.9570 -0.0001
vn -0.2841 0.9571 -0.0567
vn -0.2652 0.9578 -0.1110
vn -0.2356 0.9586 -0.1599
vn -0.1973 0.9594 -0.2015
vn -0.1537 0.9597 -0.2353
vn -0.1064 0.9596 -0.2605
vn -0.0550 0.9596 -0.2759
vn -0.0000 -0.7473 -0.6645
vn 0.1296 -0.7474 -0.6517
vn 0.2543 -0.7474 -0.6138
vn 0.3692 -0.7473 -0.5525
vn 0.4698 -0.7473 -0.4698
vn 0.5525 -0.7473 -0.3692
vn 0.6139 -0.7473 -0.2543
vn 0.6517 -0.7473 -0.1296
vn 0.6645 -0.7473 -0.0000
vn 0.6517 -0.7473 0.1296
vn 0.6139 -0.7473 0.2543
vn 0.5525 -0.7474 0.3691
vn 0.4698 -0.7474 0.4698
vn 0.3692 -0.7473 0.5525
vn 0.2543 -0.7474 0.6138
vn 0.1296 -0.7474 0.6517
vn -0.0000 -0.7474 0.6644
vn -0.1296 -0.7473 0.6517
vn -0.2543 -0.7474 0.6138
vn -0.3692 -0.7473 0.5525
vn -0.4698 -0.7473 0.4698
vn -0.5524 -0.7474 0.3691
vn -0.6139 -0.7473 0.2543
vn -0.6517 -0.7473 0.1296
vn -0.6645 -0.7473 -0.0000
vn -0.6518 -0.7473 -0.1296
vn -0.6139 -0.7473 -0.2543
vn -0.5525 -0.7473 -0.3692
vn -0.4698 -0.7473 -0.4699
vn -0.3692 -0.7473 -0.5525
vn -0.2543 -0.7474 -0.6138
vn -0.1296 -0.7473 -0.6517
vn 0.3798 0.1218 -0.9170
vn 0.1936 0.1218 -0.9735
vn 0.7018 0.1218 0.7018
vn 0.8253 0.1218 0.5514
vn -0.9735 0.1218 -0.1936
vn -0.9926 0.1218 -0.0000
vn 0.9170 0.1218 0.3798
vn -0.9735 0.1218 0.1936
vn 0.9735 0.1218 0.1936
vn -0.9170 0.1218 0.3798
vn 0.9926 0.1218 -0.0000
vn -0.8253 0.1218 0.5514
vn 0.9735 0.1218 -0.1936
vn -0.7018 0.1218 0.7018
vn 0.5514 0.1218 -0.8253
vn 0.9170 0.1218 -0.3798
vn -0.5514 0.1218 0.8253
vn 0.8253 0.1218 -0.5514
vn -0.3798 0.1218 0.9170
vn 0.7018 0.1218 -0.7018
vn -0.1936 0.1218 0.9735
vn -0.1936 0.1218 -0.9735
vn -0.3798 0.1218 -0.9170
vn -0.0000 0.1218 0.9926
vn -0.5514 0.1218 -0.8253
vn 0.1936 0.1218 0.9735
vn -0.7018 0.1218 -0.7018
vn 0.3798 0.1218 0.9170
vn -0.8253 0.1218 -0.5514
vn 0.5514 0.1218 0.8253
vn -0.9170 0.1218 -0.3798
vn -0.0000 0.1218 -0.9926
vn -0.1538 0.9867 0.0523
vn 0.2730 0.9564 0.1038
vn 0.3548 0.9349 -0.0000
vn -0.1529 0.9882 -0.0000
vn 0.1231 0.9922 0.0212
vn -0.0514 0.9987 -0.0074
vn -0.0414 0.9990 -0.0149
vn 0.1169 0.9921 0.0464
vn -0.0030 0.9739 0.2271
vn 0.0158 0.9969 -0.0769
vn 0.0277 0.9982 -0.0523
vn -0.0591 0.9741 0.2184
vn 0.0470 0.9987 -0.0175
vn 0.0475 0.9989 -0.0000
vn 0.1371 0.9906 0.0001
vn 0.1216 0.9920 -0.0327
vn -0.0215 0.9998 -0.0000
vn -0.0410 0.9991 -0.0097
vn -0.1066 0.9941 -0.0190
vn -0.0971 0.9953 0.0002
vn -0.0317 0.9994 -0.0151
vn -0.1022 0.9941 -0.0356
vn 0.0184 0.9996 -0.0224
vn 0.1016 0.9925 -0.0675
vn -0.0369 0.9987 -0.0342
vn -0.0819 0.9946 -0.0633
vn -0.0166 0.9998 0.0091
vn 0.0635 0.9940 -0.0893
vn -0.0157 0.9993 -0.0341
vn -0.0766 0.9918 -0.1020
vn -0.0236 0.9980 0.0580
vn 0.0391 0.9926 -0.1150
vn -0.0040 0.9999 -0.0149
vn -0.0073 0.9990 0.0450
vn 0.0070 0.9942 -0.1069
vn -0.0367 0.9936 -0.1070
vn 0.1167 0.9932 -0.0000
vn -0.1377 0.9821 0.1285
vn 0.1143 0.9894 0.0901
vn -0.0978 0.9761 0.1942
vn 0.0937 0.9865 0.1345
vn 0.0605 0.9774 0.2024
vn -0.0907 0.9956 -0.0254
vn -0.0885 0.9961 -0.0003
vn -0.1211 0.9926 0.0007
vn -0.1265 0.9912 -0.0389
vn 0.1551 0.9879 0.0092
vn 0.0366 0.9768 -0.2111
vn 0.1718 0.9655 -0.1956
vn -0.0309 0.9993 -0.0209
vn -0.0800 0.9823 -0.1693
vn -0.0438 0.9990 -0.0070
vn -0.0492 0.9988 -0.0000
vn -0.0106 0.9995 -0.0301
vn 0.0015 0.9994 0.0333
vn -0.0255 0.9994 -0.0253
vn 0.0092 0.9999 -0.0109
vn -0.0400 0.9991 -0.0157
vn -0.0549 0.9985 -0.0000
vn 0.0217 0.9996 -0.0185
vn -0.0789 0.9950 -0.0616
vn -0.1160 0.9888 -0.0934
vn 0.2335 0.9680 0.0917
vn 0.2748 0.9614 0.0100
vn 0.2673 0.9636 -0.0000
vn -0.1538 0.9867 -0.0523
vn 0.2730 0.9564 -0.1038
vn 0.1231 0.9922 -0.0212
vn 0.1170 0.9920 -0.0465
vn -0.0414 0.9990 0.0149
vn -0.0514 0.9987 0.0074
vn -0.0030 0.9739 -0.2271
vn -0.0591 0.9741 -0.2182
vn 0.0277 0.9982 0.0523
vn 0.0156 0.9969 0.0767
vn 0.0470 0.9987 0.0175
vn 0.1216 0.9920 0.0335
vn -0.1073 0.9940 0.0194
vn -0.0410 0.9991 0.0097
vn -0.1036 0.9940 0.0364
vn -0.0317 0.9994 0.0151
vn 0.0184 0.9996 0.0224
vn 0.1025 0.9924 0.0681
vn -0.0836 0.9944 0.0648
vn -0.0369 0.9987 0.0342
vn -0.0166 0.9998 -0.0091
vn 0.0642 0.9939 0.0901
vn -0.0780 0.9916 0.1036
vn -0.0157 0.9993 0.0341
vn -0.0236 0.9980 -0.0580
vn 0.0393 0.9925 0.1160
vn -0.0040 0.9999 0.0149
vn -0.0377 0.9934 0.1086
vn 0.0069 0.9941 0.1080
vn -0.0073 0.9990 -0.0450
vn -0.1377 0.9821 -0.1284
vn 0.1143 0.9894 -0.0901
vn -0.0978 0.9761 -0.1942
vn 0.0937 0.9865 -0.1345
vn 0.0605 0.9774 -0.2025
vn -0.0910 0.9955 0.0256
vn -0.1267 0.9912 0.0391
vn 0.1551 0.9879 -0.0092
vn 0.1718 0.9655 0.1956
vn 0.0366 0.9768 0.2111
vn -0.0308 0.9993 0.0209
vn -0.0800 0.9823 0.1693
vn -0.0438 0.9990 0.0070
vn -0.0106 0.9995 0.0302
vn 0.0015 0.9994 -0.0333
vn -0.0255 0.9994 0.0253
vn 0.0092 0.9999 0.0109
vn -0.0400 0.9991 0.0157
vn 0.0217 0.9996 0.0185
vn -0.0789 0.9950 0.0616
vn -0.1160 0.9888 0.0934
vn 0.2748 0.9614 -0.0100
vn 0.2336 0.9680 -0.0917
vn 0.5556 -0.0000 -0.8315
vn 0.3827 -0.0000 -0.9239
vn 0.5556 -0.0000 0.8315
vn 0.7071 -0.0000 0.7071
vn -0.9239 -0.0000 -0.3827
vn -0.9808 -0.0000 -0.1951
vn 0.8315 -0.0000 0.5556
vn -1.0000 -0.0000 -0.0000
vn 0.9239 -0.0000 0.3827
vn -0.9808 -0.0000 0.1951
vn 0.9808 -0.0000 0.1951
vn -0.9239 -0.0000 0.3827
vn 1.0000 -0.0000 -0.0000
vn -0.8315 -0.0000 0.5556
vn 0.7071 -0.0000 -0.7071
vn 0.9808 -0.0000 -0.1951
vn -0.7071 -0.0000 0.7071
vn 0.9239 -0.0000 -0.3827
vn -0.5556 -0.0000 0.8315
vn 0.8315 -0.0000 -0.5556
vn -0.3827 -0.0000 0.9239
vn -0.1951 -0.0000 0.9808
vn -0.0000 -0.0000 1.0000
vn -0.3827 -0.0000 -0.9239
vn -0.5556 -0.0000 -0.8315
vn 0.1951 -0.0000 0.9808
vn -0.7071 -0.0000 -0.7071
vn 0.3827 -0.0000 0.9239
vn -0.8315 -0.0000 -0.5556
vn 0.0002 -1.0000 0.0044
vn -0.0001 -1.0000 0.0046
vn -0.0000 -1.0000 0.0061
vn -0.0000 -1.0000 0.0056
vn 0.0009 -1.0000 0.0060
vn 0.0009 -1.0000 0.0058
vn 0.0030 -1.0000 0.0039
vn 0.0032 -1.0000 0.0035
vn 0.0033 -1.0000 0.0017
vn 0.0033 -1.0000 0.0014
vn 0.0025 -1.0000 -0.0001
vn 0.0023 -1.0000 -0.0005
vn 0.0022 -1.0000 -0.0000
vn 0.0010 -1.0000 -0.0015
vn -0.0007 -1.0000 0.0066
vn -0.0023 -1.0000 0.0071
vn -0.0044 -1.0000 0.0068
vn -0.0044 -1.0000 0.0070
vn -0.0081 -1.0000 0.0048
vn -0.0065 -1.0000 0.0057
vn -0.0109 -0.9999 0.0022
vn -0.0105 -0.9999 0.0029
vn -0.0122 -0.9999 -0.0000
vn -0.0125 -0.9999 -0.0000
vn 0.0002 -1.0000 -0.0044
vn -0.0001 -1.0000 -0.0046
vn -0.0003 -1.0000 -0.0062
vn -0.0000 -1.0000 -0.0056
vn 0.0009 -1.0000 -0.0060
vn 0.0009 -1.0000 -0.0058
vn 0.0030 -1.0000 -0.0039
vn 0.0032 -1.0000 -0.0035
vn 0.0033 -1.0000 -0.0017
vn 0.0033 -1.0000 -0.0014
vn 0.0025 -1.0000 0.0001
vn 0.0023 -1.0000 0.0005
vn 0.0010 -1.0000 0.0015
vn -0.0007 -1.0000 -0.0066
vn -0.0023 -1.0000 -0.0071
vn -0.0048 -1.0000 -0.0069
vn -0.0044 -1.0000 -0.0070
vn -0.0081 -1.0000 -0.0048
vn -0.0065 -1.0000 -0.0057
vn -0.0109 -0.9999 -0.0022
vn -0.0105 -0.9999 -0.0029
vn 0.1951 -0.0000 -0.9808
vn -0.0000 -0.0000 -1.0000
vn -0.1951 -0.0000 -0.9808
vn 0.5584 0.8038 -0.2051
vn -0.6187 0.7827 -0.0676
vn -0.5760 0.7741 -0.2626
vn 0.4815 0.7782 -0.4033
vn -0.3060 0.7849 -0.5388
vn -0.8650 0.0636 -0.4977
vn -0.4873 0.0438 -0.8721
vn 0.3809 0.0484 -0.9233
vn -0.2485 0.0632 -0.9666
vn -0.2509 -0.0000 -0.9680
vn 0.3763 -0.0000 -0.9265
vn 0.0441 0.7344 -0.6773
vn 0.0484 0.0310 -0.9983
vn 0.3450 0.7262 -0.5946
vn 0.4945 0.0426 -0.8681
vn 0.7039 0.6902 -0.1679
vn 0.5798 0.7134 -0.3936
vn 0.8239 0.0432 -0.5651
vn 0.9707 0.0414 -0.2366
vn 0.7378 0.6750 -0.0000
vn 0.9992 0.0409 -0.0000
vn 0.2187 0.7830 -0.5823
vn 0.0161 0.9771 -0.2123
vn -0.0019 0.9774 -0.2116
vn -0.8888 0.0583 -0.4546
vn -0.8870 -0.0000 -0.4618
vn -0.8926 0.0543 0.4476
vn -0.8918 -0.0000 0.4525
vn -0.2959 0.0608 0.9533
vn -0.0536 0.0542 0.9971
vn -0.0568 -0.0000 0.9984
vn -0.2952 -0.0000 0.9554
vn -0.8726 0.0556 0.4853
vn -0.9985 0.0551 -0.0000
vn -0.8739 -0.0000 0.4861
vn -0.3729 0.9225 -0.0993
vn -0.4050 0.9143 -0.0000
vn -0.0223 0.9998 -0.0000
vn -0.1845 0.8206 0.5409
vn -0.2030 0.9769 -0.0661
vn -0.2305 0.9731 -0.0000
vn -0.7237 0.6901 -0.0000
vn -0.0437 0.7255 0.6868
vn -0.1596 0.9799 -0.1201
vn -0.2214 0.9720 -0.0784
vn 0.2200 0.9734 0.0645
vn 0.2245 0.9745 -0.0000
vn -0.2473 0.9689 -0.0000
vn -0.5453 0.8366 -0.0517
vn -0.5362 0.8277 -0.1656
vn -0.5933 0.8050 -0.0000
vn 0.0632 0.9781 -0.1985
vn 0.1097 0.9785 -0.1749
vn 0.3497 0.7929 -0.4989
vn 0.2198 0.8058 -0.5499
vn 0.4208 -0.4633 0.7800
vn 0.6562 -0.4839 0.5790
vn 0.6387 0.4973 0.5872
vn 0.3946 0.5129 0.7624
vn 0.0461 0.9123 -0.4070
vn 0.1360 0.9091 -0.3939
vn -0.1075 0.9618 0.2518
vn -0.0364 0.9699 0.2407
vn 0.0803 0.8112 -0.5793
vn -0.0134 0.8138 -0.5810
vn -0.4620 0.8676 -0.1840
vn -0.3109 0.9044 -0.2921
vn 0.2164 0.9615 0.1693
vn 0.3528 0.9297 0.1057
vn -0.4638 -0.4521 0.7619
vn -0.3160 -0.4179 0.8518
vn -0.2893 0.4966 0.8183
vn -0.4474 0.4948 0.7450
vn -0.1748 0.9186 -0.3545
vn 0.1166 0.9709 0.2090
vn -0.8399 -0.5427 -0.0000
vn -0.8320 -0.5231 0.1849
vn -0.8463 0.4946 0.1975
vn -0.8653 0.5012 -0.0000
vn 0.2356 0.8956 -0.3773
vn 0.3448 0.8963 -0.2789
vn -0.2115 0.9614 0.1757
vn -0.1345 0.9637 0.2306
vn -0.5025 0.8646 -0.0000
vn 0.4051 0.9143 -0.0000
vn 0.1723 -0.4384 0.8821
vn 0.1546 0.5235 0.8379
vn -0.0714 0.9151 -0.3969
vn -0.0105 0.9066 -0.4218
vn 0.0038 0.9747 0.2233
vn 0.0393 0.9738 0.2240
vn 0.2847 0.9574 -0.0482
vn 0.3120 0.9501 -0.0000
vn 0.7726 0.6349 -0.0000
vn 0.7533 0.6495 -0.1032
vn -0.1149 -0.4092 0.9052
vn 0.0255 -0.4184 0.9079
vn 0.0212 0.5303 0.8476
vn -0.0997 0.5147 0.8516
vn -0.5208 0.7533 -0.4015
vn -0.6675 0.7085 -0.2291
vn -0.0987 0.9791 -0.1780
vn -0.2906 0.7985 -0.5272
vn -0.0370 0.9774 -0.2082
vn -0.1075 0.8112 -0.5748
vn 0.1869 0.9733 -0.1332
vn 0.6001 0.7161 -0.3565
vn -0.7308 0.6826 -0.0000
vn 0.5377 0.8369 -0.1025
vn 0.6167 0.7872 -0.0000
vn -0.2571 0.9664 -0.0000
vn -0.2582 0.9646 0.0538
vn 0.8103 -0.4909 0.3199
vn 0.8231 0.4492 0.3474
vn -0.6913 -0.4845 0.5360
vn -0.6820 0.4829 0.5492
vn 0.8722 -0.4892 -0.0000
vn 0.9233 0.3841 0.0001
vn -0.3914 -0.9146 0.1018
vn -0.3485 -0.8660 0.3588
vn -0.2955 -0.7956 0.5289
vn -0.2129 -0.7760 0.5937
vn 0.4366 -0.8822 0.1765
vn 0.4674 -0.8841 -0.0000
vn 0.0066 -0.7601 0.6497
vn 0.0856 -0.7905 0.6064
vn 0.3570 -0.8715 0.3361
vn -0.0737 -0.7607 0.6449
vn 0.2278 -0.8397 0.4930
vn -0.3898 -0.9209 -0.0000
vn 0.6331 0.7741 -0.0000
vn -0.6943 0.7197 -0.0000
vn -0.4735 0.0543 0.8791
vn -0.4726 -0.0000 0.8813
vn -0.1467 0.8002 -0.5815
vn 0.9153 0.0447 -0.4002
vn 0.7159 0.0398 -0.6970
vn 0.7185 -0.0000 -0.6956
vn 0.9169 -0.0000 -0.3991
vn -0.4755 0.8346 -0.2783
vn -0.4975 0.8364 0.2301
vn -0.6232 0.7010 0.3466
vn -0.3448 0.6788 0.6483
vn 0.9989 0.0466 -0.0000
vn 1.0000 -0.0000 -0.0001
vn -0.9841 0.0647 -0.1654
vn 0.5212 0.8335 0.1831
vn 0.5275 0.8496 -0.0000
vn -0.0648 0.9961 0.0602
vn -0.5032 0.8457 -0.1777
vn 0.1672 0.8948 0.4140
vn 0.4084 0.8306 0.3786
vn -0.9979 0.0649 -0.0000
vn 0.5584 0.8038 0.2050
vn 0.4815 0.7782 0.4033
vn -0.5760 0.7741 0.2626
vn -0.6187 0.7827 0.0676
vn -0.3060 0.7849 0.5388
vn -0.4873 0.0438 0.8721
vn -0.8650 0.0636 0.4977
vn 0.3809 0.0484 0.9233
vn 0.3763 -0.0000 0.9265
vn -0.2509 -0.0000 0.9680
vn -0.2485 0.0631 0.9666
vn 0.0436 0.7346 0.6771
vn 0.0484 0.0310 0.9983
vn 0.3450 0.7262 0.5946
vn 0.4945 0.0424 0.8681
vn 0.7039 0.6902 0.1679
vn 0.9707 0.0409 0.2368
vn 0.8239 0.0432 0.5651
vn 0.5798 0.7134 0.3936
vn 0.2187 0.7830 0.5823
vn -0.0019 0.9774 0.2116
vn 0.0162 0.9771 0.2124
vn -0.8870 -0.0000 0.4618
vn -0.8888 0.0583 0.4546
vn -0.8917 -0.0000 -0.4525
vn -0.8925 0.0542 -0.4477
vn -0.2959 0.0609 -0.9533
vn -0.2951 -0.0000 -0.9555
vn -0.0568 -0.0000 -0.9984
vn -0.0536 0.0542 -0.9971
vn -0.8726 0.0556 -0.4853
vn -0.8739 -0.0000 -0.4860
vn -0.3729 0.9226 0.0992
vn -0.1845 0.8206 -0.5409
vn -0.2030 0.9769 0.0661
vn -0.0437 0.7255 -0.6868
vn -0.1596 0.9798 0.1201
vn -0.2214 0.9720 0.0784
vn 0.2200 0.9734 -0.0645
vn -0.5453 0.8366 0.0517
vn -0.5361 0.8277 0.1656
vn 0.0632 0.9781 0.1985
vn 0.2200 0.8055 0.5503
vn 0.3498 0.7929 0.4990
vn 0.1097 0.9785 0.1749
vn 0.4208 -0.4633 -0.7800
vn 0.3946 0.5129 -0.7624
vn 0.6387 0.4973 -0.5872
vn 0.6562 -0.4839 -0.5790
vn 0.0461 0.9123 0.4070
vn -0.0364 0.9699 -0.2406
vn -0.1074 0.9618 -0.2516
vn 0.1360 0.9091 0.3939
vn -0.0134 0.8143 0.5803
vn 0.0803 0.8112 0.5793
vn -0.4621 0.8675 0.1840
vn 0.3528 0.9297 -0.1057
vn 0.2172 0.9613 -0.1696
vn -0.3109 0.9044 0.2923
vn -0.4639 -0.4521 -0.7619
vn -0.4474 0.4947 -0.7451
vn -0.2893 0.4967 -0.8183
vn -0.3160 -0.4179 -0.8518
vn 0.1166 0.9709 -0.2090
vn -0.1748 0.9186 0.3545
vn -0.8465 0.4944 -0.1976
vn -0.8320 -0.5231 -0.1849
vn 0.2356 0.8956 0.3773
vn -0.1345 0.9637 -0.2306
vn -0.2115 0.9614 -0.1757
vn 0.3448 0.8963 0.2789
vn 0.1723 -0.4385 -0.8821
vn 0.1546 0.5235 -0.8379
vn -0.0713 0.9153 0.3965
vn 0.0393 0.9738 -0.2240
vn 0.0038 0.9747 -0.2233
vn -0.0105 0.9069 0.4213
vn 0.2847 0.9574 0.0482
vn 0.7533 0.6495 0.1032
vn -0.1149 -0.4093 -0.9051
vn -0.0998 0.5147 -0.8515
vn 0.0212 0.5303 -0.8476
vn 0.0255 -0.4184 -0.9079
vn -0.6675 0.7085 0.2291
vn -0.5209 0.7533 0.4015
vn -0.2904 0.7987 0.5271
vn -0.0987 0.9791 0.1780
vn -0.1078 0.8108 0.5753
vn -0.0371 0.9774 0.2080
vn 0.1869 0.9733 0.1332
vn 0.6001 0.7161 0.3565
vn 0.5377 0.8369 0.1025
vn -0.2585 0.9645 -0.0540
vn 0.8231 0.4492 -0.3474
vn 0.8105 -0.4907 -0.3200
vn -0.6913 -0.4845 -0.5360
vn -0.6820 0.4829 -0.5492
vn 0.9233 0.3841 -0.0002
vn -0.3485 -0.8660 -0.3588
vn -0.3914 -0.9146 -0.1018
vn -0.2129 -0.7760 -0.5937
vn -0.2955 -0.7956 -0.5289
vn 0.4366 -0.8822 -0.1765
vn 0.0856 -0.7907 -0.6062
vn 0.0066 -0.7602 -0.6497
vn 0.3570 -0.8715 -0.3361
vn -0.0736 -0.7609 -0.6447
vn 0.2277 -0.8397 -0.4930
vn -0.4735 0.0543 -0.8791
vn -0.4726 -0.0000 -0.8813
vn -0.1468 0.8003 0.5814
vn 0.9153 0.0447 0.4002
vn 0.9169 -0.0000 0.3991
vn 0.7185 -0.0000 0.6956
vn 0.7159 0.0398 0.6970
vn -0.4755 0.8346 0.2783
vn -0.4975 0.8364 -0.2301
vn -0.3448 0.6788 -0.6483
vn -0.6234 0.7007 -0.3470
vn -0.9841 0.0645 0.1654
vn 0.5212 0.8335 -0.1831
vn -0.0648 0.9961 -0.0603
vn -0.5034 0.8456 0.1777
vn 0.1672 0.8947 -0.4141
vn 0.4083 0.8306 -0.3786
vn -0.5000 -0.0000 -0.8660
vn -0.4927 0.1704 -0.8534
vn -0.0000 0.1705 -0.9854
vn 0.8660 -0.0000 -0.5000
vn 0.8534 0.1704 -0.4927
vn 0.9854 0.1703 -0.0000
vn 1.0000 0.0001 -0.0003
vn 1.0000 -0.0000 0.0001
vn 0.9854 0.1703 0.0003
vn 0.8534 0.1704 0.4927
vn 0.8660 -0.0000 0.5000
vn 0.4928 0.1702 0.8534
vn 0.5000 -0.0000 0.8660
vn -0.0000 0.1705 0.9854
vn -0.4927 0.1702 0.8534
vn -0.5000 -0.0000 0.8660
vn -0.8534 0.1704 0.4927
vn -0.8660 -0.0000 0.5000
vn -0.9854 0.1703 -0.0000
vn -0.8534 0.1704 -0.4927
vn -0.8660 -0.0000 -0.5000
vn 0.4927 0.1704 -0.8534
vn 0.5000 -0.0000 -0.8660
vn -0.0000 0.6466 -0.7628
vn 0.3815 0.6465 -0.6607
vn -0.0000 0.9681 -0.2506
vn 0.1253 0.9681 -0.2171
vn 0.6607 0.6465 -0.3815
vn 0.2171 0.9681 -0.1253
vn 0.7629 0.6465 -0.0001
vn 0.2507 0.9681 -0.0000
vn 0.7629 0.6465 0.0001
vn 0.6607 0.6465 0.3815
vn 0.2171 0.9681 0.1253
vn 0.3815 0.6464 0.6608
vn 0.1253 0.9681 0.2171
vn -0.0001 0.6466 0.7628
vn -0.0000 0.9681 0.2506
vn -0.3815 0.6464 0.6608
vn -0.1253 0.9681 0.2171
vn -0.6607 0.6465 0.3815
vn -0.2171 0.9681 0.1253
vn -0.7630 0.6464 -0.0000
vn -0.2506 0.9681 -0.0000
vn -0.6607 0.6465 -0.3815
vn -0.2171 0.9681 -0.1253
vn -0.3815 0.6465 -0.6607
vn -0.1253 0.9681 -0.2171
vn -0.2170 0.9681 0.1253
vn -0.2169 0.9681 -0.1253
vn -0.1253 0.9681 0.2169
vn -0.1253 0.9681 -0.2169
vn 0.1253 0.9681 0.2169
vn 0.1253 0.9681 -0.2169
vn 0.2169 0.9681 0.1253
vn 0.2169 0.9681 -0.1253
vn 0.2506 0.9681 -0.0000
vt 0.500450 0.225817
vt 0.494177 0.220913
vt 0.494452 0.233847
vt 0.490409 0.212614
vt 0.487332 0.218466
vt 0.473680 0.216840
vt 0.484723 0.233666
vt 0.494688 0.238763
vt 0.547448 0.168245
vt 0.554114 0.160763
vt 0.541389 0.163082
vt 0.532504 0.161051
vt 0.537622 0.156866
vt 0.533297 0.143816
vt 0.558977 0.160011
vt 0.551990 0.151268
vt 0.273000 0.225404
vt 0.266079 0.239305
vt 0.270652 0.234038
vt 0.270355 0.216857
vt 0.265603 0.211751
vt 0.131872 0.268053
vt 0.122979 0.267331
vt 0.122979 0.267536
vt 0.141391 0.272876
vt 0.141328 0.273755
vt 0.141692 0.273851
vt 0.140058 0.273510
vt 0.139232 0.273287
vt 0.139859 0.273635
vt 0.140248 0.273090
vt 0.140112 0.272711
vt 0.139473 0.272496
vt 0.140712 0.274427
vt 0.140162 0.274350
vt 0.139990 0.274673
vt 0.140803 0.273261
vt 0.140589 0.273880
vt 0.141141 0.272138
vt 0.140911 0.272598
vt 0.114085 0.268053
vt 0.104567 0.272876
vt 0.104266 0.273851
vt 0.104630 0.273755
vt 0.105900 0.273510
vt 0.106099 0.273635
vt 0.106726 0.273287
vt 0.105710 0.273090
vt 0.106485 0.272496
vt 0.105846 0.272711
vt 0.105246 0.274427
vt 0.105968 0.274673
vt 0.105796 0.274350
vt 0.105155 0.273261
vt 0.105369 0.273880
vt 0.104817 0.272138
vt 0.105047 0.272598
vt 0.688374 0.371024
vt 0.715710 0.370699
vt 0.715432 0.354812
vt 0.688125 0.355069
vt 0.742964 0.370293
vt 0.742633 0.354487
vt 0.770108 0.369740
vt 0.769681 0.354066
vt 0.797175 0.368853
vt 0.796555 0.353451
vt 0.824293 0.367691
vt 0.823256 0.351886
vt 0.851567 0.365467
vt 0.849773 0.349904
vt 0.879306 0.361768
vt 0.875817 0.346155
vt 0.002441 0.367560
vt 0.030572 0.370790
vt 0.032139 0.355208
vt 0.005761 0.351498
vt 0.058053 0.372601
vt 0.058851 0.356843
vt 0.085474 0.373574
vt 0.085864 0.357503
vt 0.112877 0.373879
vt 0.113042 0.358170
vt 0.140299 0.374246
vt 0.140372 0.358021
vt 0.167785 0.374301
vt 0.167781 0.358290
vt 0.195118 0.374357
vt 0.195095 0.358472
vt 0.222314 0.374377
vt 0.222280 0.358610
vt 0.249437 0.374260
vt 0.249390 0.358776
vt 0.276586 0.374239
vt 0.276534 0.358450
vt 0.303863 0.374077
vt 0.303796 0.358141
vt 0.331266 0.373892
vt 0.331205 0.357822
vt 0.358844 0.373767
vt 0.358746 0.357435
vt 0.386435 0.373426
vt 0.386334 0.357563
vt 0.413944 0.373415
vt 0.413851 0.357129
vt 0.441476 0.373176
vt 0.441333 0.357171
vt 0.468892 0.372898
vt 0.468750 0.357147
vt 0.496377 0.372882
vt 0.496245 0.356583
vt 0.523979 0.372624
vt 0.523796 0.356527
vt 0.551456 0.372406
vt 0.551266 0.356435
vt 0.578818 0.372152
vt 0.578610 0.356277
vt 0.606100 0.371815
vt 0.605894 0.356155
vt 0.389326 0.977556
vt 0.361559 0.977489
vt 0.361578 0.994969
vt 0.389273 0.995038
vt 0.633479 0.371695
vt 0.633276 0.355446
vt 0.660978 0.371346
vt 0.660735 0.355307
vt 0.673393 0.051473
vt 0.662735 0.028354
vt 0.657262 0.030971
vt 0.667847 0.053599
vt 0.518763 0.310269
vt 0.542675 0.306122
vt 0.541307 0.300529
vt 0.518143 0.304680
vt 0.334934 0.213991
vt 0.347881 0.234625
vt 0.352525 0.231290
vt 0.339954 0.211293
vt 0.494418 0.311486
vt 0.494541 0.305692
vt 0.684324 0.150737
vt 0.686530 0.125582
vt 0.680628 0.125442
vt 0.678496 0.149824
vt 0.312705 0.120775
vt 0.313619 0.144845
vt 0.319236 0.144282
vt 0.318335 0.120945
vt 0.423143 0.295460
vt 0.446115 0.303908
vt 0.447750 0.298419
vt 0.425477 0.290251
vt 0.627753 0.259497
vt 0.644515 0.241280
vt 0.639999 0.237631
vt 0.623769 0.255307
vt 0.339835 0.028354
vt 0.328494 0.050171
vt 0.333781 0.052492
vt 0.344928 0.031066
vt 0.363465 0.253524
vt 0.367688 0.249516
vt 0.565829 0.298763
vt 0.563795 0.293509
vt 0.685371 0.100387
vt 0.679509 0.101022
vt 0.317624 0.168661
vt 0.323141 0.167368
vt 0.470004 0.309274
vt 0.470907 0.303613
vt 0.320152 0.073182
vt 0.325622 0.074761
vt 0.381582 0.270173
vt 0.385155 0.265693
vt 0.588058 0.288573
vt 0.585323 0.283524
vt 0.680962 0.075602
vt 0.675222 0.076993
vt 0.324760 0.191872
vt 0.330079 0.189856
vt 0.658785 0.220899
vt 0.653812 0.217866
vt 0.314946 0.096811
vt 0.320456 0.097675
vt 0.401626 0.284090
vt 0.404555 0.279277
vt 0.608862 0.275342
vt 0.605466 0.270680
vt 0.678862 0.175308
vt 0.673231 0.173648
vt 0.341820 0.056065
vt 0.333971 0.077234
vt 0.341083 0.079363
vt 0.348647 0.059137
vt 0.670273 0.198797
vt 0.664933 0.196431
vt 0.633050 0.232064
vt 0.646195 0.213259
vt 0.639678 0.209324
vt 0.627154 0.227364
vt 0.664600 0.171143
vt 0.669570 0.148461
vt 0.661947 0.147305
vt 0.657266 0.169042
vt 0.671589 0.125256
vt 0.663896 0.125089
vt 0.670567 0.102018
vt 0.662933 0.102863
vt 0.666487 0.079150
vt 0.659038 0.081007
vt 0.659369 0.056912
vt 0.652160 0.059761
vt 0.649287 0.035567
vt 0.642530 0.039457
vt 0.339430 0.054996
vt 0.350250 0.034483
vt 0.347336 0.032558
vt 0.336301 0.053610
vt 0.352508 0.035887
vt 0.358879 0.039954
vt 0.328996 0.099029
vt 0.336274 0.100196
vt 0.326949 0.121175
vt 0.334294 0.121373
vt 0.327800 0.143387
vt 0.335115 0.142621
vt 0.331564 0.165353
vt 0.338723 0.163623
vt 0.338214 0.186740
vt 0.345153 0.184070
vt 0.347609 0.207142
vt 0.354138 0.203603
vt 0.359569 0.226177
vt 0.365590 0.221796
vt 0.374030 0.243493
vt 0.379437 0.238342
vt 0.390693 0.258834
vt 0.395386 0.253034
vt 0.409081 0.271859
vt 0.412950 0.265518
vt 0.429026 0.282241
vt 0.432042 0.275411
vt 0.450219 0.290020
vt 0.452326 0.282859
vt 0.472254 0.294962
vt 0.473406 0.287590
vt 0.494740 0.296965
vt 0.494921 0.289527
vt 0.517193 0.296029
vt 0.516398 0.288676
vt 0.539249 0.292130
vt 0.537482 0.284940
vt 0.560639 0.285385
vt 0.557923 0.278455
vt 0.581077 0.275785
vt 0.577454 0.269208
vt 0.600250 0.263572
vt 0.595801 0.257513
vt 0.617676 0.248948
vt 0.612457 0.243516
vt 0.611676 0.956624
vt 0.611845 0.975852
vt 0.639628 0.975482
vt 0.639444 0.956376
vt 0.659224 0.193925
vt 0.648465 0.214633
vt 0.651420 0.216415
vt 0.662364 0.195300
vt 0.727973 0.024752
vt 0.712673 0.040061
vt 0.733438 0.029936
vt 0.745967 0.012724
vt 0.471852 0.297540
vt 0.449482 0.292523
vt 0.448529 0.295780
vt 0.471333 0.300894
vt 0.331483 0.076493
vt 0.328246 0.075539
vt 0.494679 0.299566
vt 0.494606 0.302948
vt 0.326451 0.098623
vt 0.323140 0.098102
vt 0.517474 0.298607
vt 0.517847 0.301960
vt 0.324381 0.121105
vt 0.321042 0.121020
vt 0.539869 0.294658
vt 0.540662 0.297895
vt 0.325242 0.143653
vt 0.321917 0.144003
vt 0.561579 0.287796
vt 0.562801 0.290951
vt 0.329039 0.165959
vt 0.325805 0.166733
vt 0.635115 0.233715
vt 0.637825 0.235884
vt 0.582338 0.278078
vt 0.583990 0.281089
vt 0.335808 0.187664
vt 0.332633 0.188882
vt 0.667184 0.171888
vt 0.670523 0.172859
vt 0.601804 0.265691
vt 0.603829 0.268444
vt 0.345313 0.208385
vt 0.342347 0.209996
vt 0.672225 0.148865
vt 0.675711 0.149398
vt 0.619501 0.250849
vt 0.621849 0.253298
vt 0.357474 0.227699
vt 0.354760 0.229669
vt 0.674278 0.125313
vt 0.677776 0.125382
vt 0.372138 0.245294
vt 0.369674 0.247631
vt 0.673222 0.101723
vt 0.676693 0.101332
vt 0.656785 0.192857
vt 0.649808 0.189808
vt 0.389044 0.260873
vt 0.386893 0.263538
vt 0.669101 0.078502
vt 0.672466 0.077669
vt 0.407732 0.274070
vt 0.405986 0.276934
vt 0.661901 0.055915
vt 0.665204 0.054625
vt 0.427974 0.284620
vt 0.426592 0.287743
vt 0.651686 0.034222
vt 0.654738 0.032394
vt 0.688074 0.349195
vt 0.660696 0.349414
vt 0.715364 0.348961
vt 0.742548 0.348665
vt 0.769564 0.348286
vt 0.796330 0.347698
vt 0.822882 0.346204
vt 0.849152 0.344267
vt 0.874741 0.340619
vt 0.032696 0.349540
vt 0.006822 0.345944
vt 0.059083 0.351098
vt 0.085988 0.351702
vt 0.113091 0.352306
vt 0.140395 0.352150
vt 0.167840 0.352411
vt 0.195143 0.352621
vt 0.222313 0.352785
vt 0.249362 0.352950
vt 0.276453 0.352613
vt 0.303714 0.352269
vt 0.331125 0.351916
vt 0.358725 0.351520
vt 0.386301 0.351639
vt 0.413812 0.351236
vt 0.441343 0.351276
vt 0.468689 0.351250
vt 0.496169 0.350678
vt 0.523770 0.350613
vt 0.551244 0.350550
vt 0.578579 0.350414
vt 0.605804 0.350276
vt 0.633185 0.349555
vt 0.661023 0.375487
vt 0.688421 0.375134
vt 0.715766 0.374833
vt 0.743035 0.374379
vt 0.770216 0.373844
vt 0.797328 0.372947
vt 0.824536 0.371796
vt 0.851993 0.369597
vt 0.880064 0.365996
vt 0.001759 0.371861
vt 0.030197 0.374968
vt 0.057846 0.376747
vt 0.085371 0.377709
vt 0.112819 0.378019
vt 0.140264 0.378383
vt 0.167769 0.378436
vt 0.195111 0.378452
vt 0.222322 0.378472
vt 0.249447 0.378373
vt 0.276598 0.378342
vt 0.303886 0.378201
vt 0.331292 0.378022
vt 0.358876 0.377940
vt 0.386458 0.377587
vt 0.413965 0.377546
vt 0.441512 0.377337
vt 0.468917 0.377024
vt 0.496399 0.377049
vt 0.524008 0.376778
vt 0.551487 0.376540
vt 0.578856 0.376271
vt 0.606132 0.375941
vt 0.633512 0.375830
vt 0.700656 0.058059
vt 0.723298 0.051280
vt 0.692384 0.078053
vt 0.715972 0.075598
vt 0.688172 0.099272
vt 0.711764 0.101590
vt 0.688172 0.120905
vt 0.710831 0.127905
vt 0.692394 0.142126
vt 0.713283 0.153184
vt 0.700677 0.162120
vt 0.719073 0.176094
vt 0.712704 0.180114
vt 0.728012 0.195415
vt 0.756659 0.023186
vt 0.765961 0.004440
vt 0.748814 0.047150
vt 0.742804 0.074767
vt 0.738835 0.104251
vt 0.736988 0.133944
vt 0.737506 0.162202
vt 0.740536 0.187235
vt 0.746010 0.207433
vt 0.781433 0.020071
vt 0.787183 0.000218
vt 0.776147 0.045817
vt 0.771646 0.075581
vt 0.768063 0.107124
vt 0.765437 0.138761
vt 0.764057 0.168831
vt 0.764230 0.195114
vt 0.766004 0.215706
vt 0.806805 0.020700
vt 0.808818 0.000217
vt 0.804196 0.047247
vt 0.801189 0.077840
vt 0.798021 0.110068
vt 0.794854 0.142296
vt 0.791847 0.172889
vt 0.789238 0.199436
vt 0.787225 0.219919
vt 0.831813 0.025022
vt 0.830038 0.004430
vt 0.831986 0.051305
vt 0.830606 0.081375
vt 0.827980 0.113012
vt 0.824396 0.144555
vt 0.819896 0.174319
vt 0.814609 0.200065
vt 0.808860 0.219918
vt 0.855507 0.032901
vt 0.850033 0.012703
vt 0.858536 0.057934
vt 0.859054 0.086192
vt 0.857208 0.115885
vt 0.853238 0.145369
vt 0.847229 0.172986
vt 0.839384 0.196950
vt 0.830082 0.215696
vt 0.876970 0.044042
vt 0.868031 0.024720
vt 0.882760 0.066952
vt 0.885212 0.092231
vt 0.884279 0.118546
vt 0.880071 0.144538
vt 0.872745 0.168856
vt 0.862605 0.190200
vt 0.850075 0.207412
vt 0.895366 0.058016
vt 0.883339 0.040022
vt 0.903649 0.078010
vt 0.907870 0.099231
vt 0.907870 0.120864
vt 0.903659 0.142083
vt 0.895387 0.162077
vt 0.883370 0.180075
vt 0.868070 0.195384
vt 0.694959 0.955679
vt 0.695181 0.974669
vt 0.722825 0.974275
vt 0.722634 0.955333
vt 0.084739 0.959863
vt 0.085125 0.978686
vt 0.112476 0.978245
vt 0.112302 0.959463
vt 0.444955 0.958202
vt 0.445030 0.977396
vt 0.472970 0.977168
vt 0.472848 0.958015
vt 0.057142 0.960567
vt 0.057867 0.979512
vt 0.417067 0.958292
vt 0.417146 0.977626
vt 0.029477 0.961903
vt 0.030702 0.980653
vt 0.389242 0.958499
vt 0.001364 0.963873
vt 0.003677 0.982966
vt 0.361511 0.958701
vt 0.860497 0.956213
vt 0.859468 0.975005
vt 0.886592 0.977103
vt 0.888787 0.957924
vt 0.333835 0.958732
vt 0.333880 0.977664
vt 0.750425 0.973929
vt 0.750283 0.955055
vt 0.832777 0.955250
vt 0.832302 0.974119
vt 0.306139 0.958846
vt 0.306204 0.977857
vt 0.805280 0.955003
vt 0.805121 0.973559
vt 0.278378 0.958966
vt 0.278419 0.978042
vt 0.777840 0.954896
vt 0.777858 0.973636
vt 0.250571 0.959042
vt 0.250577 0.978159
vt 0.222769 0.959042
vt 0.222777 0.978274
vt 0.583949 0.957032
vt 0.584091 0.975859
vt 0.195066 0.959193
vt 0.195047 0.978037
vt 0.556253 0.957219
vt 0.556400 0.976183
vt 0.167408 0.959110
vt 0.167417 0.978164
vt 0.528524 0.957488
vt 0.528687 0.976525
vt 0.139833 0.959318
vt 0.139895 0.977992
vt 0.500706 0.957761
vt 0.500869 0.976860
vt 0.667446 0.975105
vt 0.667229 0.956047
vt 0.493308 0.330481
vt 0.468486 0.329898
vt 0.468382 0.332296
vt 0.493299 0.332887
vt 0.005416 0.999783
vt 0.031822 0.997600
vt 0.417176 0.995084
vt 0.058511 0.996473
vt 0.445175 0.994979
vt 0.085526 0.995779
vt 0.473144 0.994779
vt 0.112692 0.995404
vt 0.501059 0.994389
vt 0.139958 0.995267
vt 0.528884 0.993988
vt 0.167405 0.995447
vt 0.667721 0.992621
vt 0.695477 0.992049
vt 0.556598 0.993566
vt 0.195038 0.995492
vt 0.723109 0.991631
vt 0.584245 0.993330
vt 0.222772 0.995710
vt 0.750653 0.991233
vt 0.611999 0.993288
vt 0.250664 0.995680
vt 0.778011 0.990757
vt 0.639882 0.992993
vt 0.278523 0.995580
vt 0.805043 0.990625
vt 0.306314 0.995299
vt 0.831889 0.991046
vt 0.333977 0.995025
vt 0.858575 0.991939
vt 0.884991 0.993889
vt 0.443930 0.326546
vt 0.468563 0.328122
vt 0.468733 0.324332
vt 0.444218 0.322851
vt 0.859257 0.239742
vt 0.882458 0.225777
vt 0.877753 0.218486
vt 0.855303 0.233068
vt 0.493316 0.328698
vt 0.518099 0.328387
vt 0.517975 0.324622
vt 0.493339 0.324927
vt 0.124354 0.228062
vt 0.145507 0.241179
vt 0.149300 0.235087
vt 0.128665 0.221339
vt 0.542881 0.327130
vt 0.542627 0.323395
vt 0.166097 0.253691
vt 0.169728 0.247475
vt 0.567626 0.324991
vt 0.567228 0.321231
vt 0.187050 0.265358
vt 0.190464 0.259014
vt 0.297615 0.311643
vt 0.321013 0.318446
vt 0.322977 0.311350
vt 0.299824 0.304648
vt 0.592350 0.321955
vt 0.591804 0.318161
vt 0.208356 0.276213
vt 0.211516 0.269728
vt 0.344783 0.324427
vt 0.346495 0.317215
vt 0.617038 0.317885
vt 0.616354 0.314133
vt 0.229996 0.286212
vt 0.232883 0.279608
vt 0.368916 0.329601
vt 0.370358 0.322281
vt 0.641684 0.312955
vt 0.640857 0.309215
vt 0.252045 0.295502
vt 0.254670 0.288762
vt 0.393356 0.333876
vt 0.394515 0.326476
vt 0.666184 0.307048
vt 0.665225 0.303360
vt 0.274595 0.303999
vt 0.277013 0.297154
vt 0.417994 0.337257
vt 0.418880 0.329789
vt 0.690557 0.300292
vt 0.689459 0.296604
vt 0.442869 0.339763
vt 0.443479 0.332221
vt 0.714702 0.292599
vt 0.713471 0.288952
vt 0.467958 0.341381
vt 0.468316 0.333809
vt 0.738506 0.284033
vt 0.737134 0.280437
vt 0.493200 0.342037
vt 0.493291 0.334426
vt 0.761945 0.274586
vt 0.760436 0.271050
vt 0.518496 0.341712
vt 0.518290 0.334094
vt 0.785033 0.264266
vt 0.783377 0.260755
vt 0.543759 0.340470
vt 0.543279 0.332845
vt 0.671154 0.326447
vt 0.696244 0.319574
vt 0.695712 0.317785
vt 0.670695 0.324654
vt 0.227563 0.291711
vt 0.249805 0.301099
vt 0.250448 0.299486
vt 0.228260 0.290132
vt 0.319399 0.324355
vt 0.343373 0.330449
vt 0.343777 0.328717
vt 0.319862 0.322659
vt 0.645969 0.332455
vt 0.645575 0.330644
vt 0.184211 0.270689
vt 0.205756 0.281573
vt 0.206505 0.280028
vt 0.185026 0.269161
vt 0.620587 0.337523
vt 0.620259 0.335694
vt 0.163071 0.258889
vt 0.163947 0.257382
vt 0.595130 0.341552
vt 0.594877 0.339737
vt 0.142354 0.246343
vt 0.143256 0.244853
vt 0.569679 0.344650
vt 0.569493 0.342825
vt 0.121509 0.233632
vt 0.122278 0.232039
vt 0.544185 0.346803
vt 0.544063 0.344969
vt 0.862599 0.245404
vt 0.885475 0.231882
vt 0.884661 0.230135
vt 0.861641 0.243773
vt 0.518692 0.348061
vt 0.518635 0.346242
vt 0.839955 0.258584
vt 0.839045 0.256956
vt 0.493154 0.348411
vt 0.493167 0.346575
vt 0.816946 0.270936
vt 0.816089 0.269267
vt 0.467669 0.347701
vt 0.467752 0.345881
vt 0.793574 0.282407
vt 0.792784 0.280728
vt 0.442348 0.346027
vt 0.442499 0.344229
vt 0.769835 0.293086
vt 0.769105 0.291369
vt 0.417253 0.343471
vt 0.417469 0.341673
vt 0.745639 0.302837
vt 0.744976 0.301091
vt 0.392393 0.340020
vt 0.392671 0.338254
vt 0.721111 0.311663
vt 0.720509 0.309886
vt 0.367724 0.335697
vt 0.368069 0.333933
vt 0.295795 0.317468
vt 0.296322 0.315782
vt 0.836781 0.252914
vt 0.832984 0.246134
vt 0.813975 0.265159
vt 0.810406 0.258213
vt 0.419528 0.324203
vt 0.419956 0.320502
vt 0.790835 0.276582
vt 0.787528 0.269556
vt 0.395369 0.320920
vt 0.395940 0.317233
vt 0.256661 0.283733
vt 0.278840 0.291951
vt 0.280033 0.288548
vt 0.257968 0.280402
vt 0.767289 0.287105
vt 0.764226 0.279939
vt 0.371407 0.316774
vt 0.372095 0.313150
vt 0.300936 0.301027
vt 0.278272 0.293570
vt 0.277502 0.295764
vt 0.300258 0.303242
vt 0.743323 0.296767
vt 0.740594 0.289482
vt 0.347736 0.311804
vt 0.348553 0.308227
vt 0.213869 0.264878
vt 0.235050 0.274687
vt 0.236473 0.271454
vt 0.215428 0.261685
vt 0.719035 0.305528
vt 0.716582 0.298141
vt 0.324408 0.306012
vt 0.325350 0.302491
vt 0.193011 0.254226
vt 0.194706 0.251050
vt 0.694398 0.313343
vt 0.692225 0.305884
vt 0.272559 0.309728
vt 0.273143 0.308080
vt 0.172469 0.242775
vt 0.174280 0.239682
vt 0.669549 0.320201
vt 0.667650 0.312675
vt 0.152270 0.230441
vt 0.154226 0.227409
vt 0.644592 0.326165
vt 0.642941 0.318625
vt 0.132269 0.216871
vt 0.134441 0.213910
vt 0.619450 0.331192
vt 0.618079 0.323595
vt 0.852168 0.228020
vt 0.873964 0.213667
vt 0.871618 0.210373
vt 0.850077 0.224680
vt 0.594242 0.335240
vt 0.593166 0.327648
vt 0.830090 0.240990
vt 0.828187 0.237617
vt 0.569023 0.338313
vt 0.568228 0.330694
vt 0.807734 0.253038
vt 0.805983 0.249637
vt 0.175777 0.237119
vt 0.155868 0.224871
vt 0.808573 0.254658
vt 0.785813 0.265923
vt 0.786863 0.268144
vt 0.809690 0.256824
vt 0.443793 0.328309
vt 0.443602 0.330710
vt 0.762653 0.276248
vt 0.763617 0.278504
vt 0.419328 0.325953
vt 0.419056 0.328290
vt 0.739158 0.285731
vt 0.740037 0.288025
vt 0.256044 0.285298
vt 0.255202 0.287422
vt 0.395104 0.322650
vt 0.394746 0.324984
vt 0.715289 0.294335
vt 0.716081 0.296662
vt 0.301437 0.299398
vt 0.302501 0.295925
vt 0.371078 0.318498
vt 0.370640 0.320812
vt 0.691073 0.302026
vt 0.691777 0.304379
vt 0.234373 0.276229
vt 0.233465 0.278288
vt 0.347346 0.313494
vt 0.346826 0.315776
vt 0.666643 0.308806
vt 0.667262 0.311179
vt 0.213135 0.266391
vt 0.212146 0.268432
vt 0.323960 0.307675
vt 0.323361 0.309923
vt 0.642077 0.314723
vt 0.642607 0.317109
vt 0.192212 0.255725
vt 0.191144 0.257737
vt 0.617362 0.319670
vt 0.617801 0.322063
vt 0.171610 0.244238
vt 0.170460 0.246217
vt 0.592602 0.323733
vt 0.592950 0.326133
vt 0.151340 0.231887
vt 0.150092 0.233846
vt 0.567812 0.326759
vt 0.568068 0.329158
vt 0.131161 0.218249
vt 0.129611 0.220119
vt 0.543006 0.328912
vt 0.543174 0.331318
vt 0.875130 0.215158
vt 0.853155 0.229600
vt 0.854471 0.231721
vt 0.876757 0.217172
vt 0.518160 0.330170
vt 0.518242 0.332576
vt 0.830992 0.242585
vt 0.832215 0.244762
vt 0.826602 0.234828
vt 0.848354 0.221953
vt 0.845450 0.217356
vt 0.823968 0.230161
vt 0.591348 0.315004
vt 0.566903 0.318112
vt 0.136333 0.211472
vt 0.542420 0.320270
vt 0.869661 0.207775
vt 0.517877 0.321502
vt 0.493356 0.321850
vt 0.804511 0.246799
vt 0.468866 0.321221
vt 0.781998 0.257830
vt 0.444460 0.319718
vt 0.759192 0.268116
vt 0.420302 0.317484
vt 0.736015 0.277501
vt 0.303367 0.293091
vt 0.281012 0.285727
vt 0.396415 0.314160
vt 0.712445 0.285931
vt 0.259063 0.277604
vt 0.372670 0.310147
vt 0.688535 0.293503
vt 0.237643 0.268791
vt 0.349233 0.305263
vt 0.664434 0.300322
vt 0.216739 0.259004
vt 0.326133 0.299575
vt 0.640165 0.306122
vt 0.196080 0.248479
vt 0.615780 0.311029
vt 0.413763 0.074152
vt 0.397196 0.090819
vt 0.398174 0.091619
vt 0.414567 0.075126
vt 0.517711 0.316283
vt 0.493394 0.316626
vt 0.802070 0.242050
vt 0.469105 0.316023
vt 0.779729 0.253007
vt 0.444860 0.314554
vt 0.757118 0.263217
vt 0.420893 0.312361
vt 0.734127 0.272519
vt 0.304840 0.288283
vt 0.282659 0.281017
vt 0.397207 0.309096
vt 0.710750 0.280877
vt 0.260867 0.272996
vt 0.373628 0.305128
vt 0.687026 0.288393
vt 0.239634 0.264279
vt 0.350367 0.300305
vt 0.663099 0.295165
vt 0.218910 0.254595
vt 0.327442 0.294700
vt 0.639021 0.300947
vt 0.198420 0.244126
vt 0.614833 0.305838
vt 0.178292 0.232851
vt 0.590602 0.309800
vt 0.158566 0.220747
vt 0.566362 0.312905
vt 0.139151 0.207352
vt 0.542075 0.315048
vt 0.866548 0.203102
vt 0.305924 0.284717
vt 0.283873 0.277518
vt 0.262193 0.269573
vt 0.241071 0.260997
vt 0.220514 0.251322
vt 0.200149 0.240897
vt 0.180150 0.229686
vt 0.160588 0.217656
vt 0.141587 0.204432
vt 0.864015 0.200000
vt 0.843296 0.213976
vt 0.822041 0.226772
vt 0.800221 0.238471
vt 0.778070 0.249498
vt 0.755570 0.259592
vt 0.732722 0.268833
vt 0.709486 0.277133
vt 0.685893 0.284604
vt 0.662082 0.291279
vt 0.638165 0.297107
vt 0.614124 0.301988
vt 0.590047 0.306014
vt 0.565947 0.309048
vt 0.541809 0.311179
vt 0.517580 0.312344
vt 0.493413 0.312824
vt 0.469276 0.312095
vt 0.445145 0.310718
vt 0.421322 0.308569
vt 0.397775 0.305404
vt 0.374339 0.301338
vt 0.351179 0.296693
vt 0.328418 0.291017
vt 0.595670 0.109424
vt 0.582494 0.089910
vt 0.581520 0.090717
vt 0.594555 0.110026
vt 0.501840 0.286183
vt 0.525030 0.281575
vt 0.524661 0.280359
vt 0.501717 0.284919
vt 0.433253 0.061037
vt 0.433852 0.062148
vt 0.478235 0.286170
vt 0.478360 0.284908
vt 0.454904 0.051952
vt 0.455276 0.053157
vt 0.455127 0.281577
vt 0.455493 0.280369
vt 0.477876 0.047258
vt 0.478007 0.048510
vt 0.433375 0.272568
vt 0.433974 0.271449
vt 0.501349 0.047111
vt 0.501233 0.048372
vt 0.413809 0.259478
vt 0.414612 0.258501
vt 0.565780 0.073379
vt 0.546184 0.060432
vt 0.545594 0.061549
vt 0.564984 0.074359
vt 0.524432 0.051564
vt 0.524072 0.052774
vt 0.397207 0.242850
vt 0.398184 0.242050
vt 0.609510 0.154278
vt 0.604794 0.131168
vt 0.603583 0.131541
vt 0.608248 0.154408
vt 0.384183 0.223334
vt 0.385296 0.222740
vt 0.609624 0.177885
vt 0.608360 0.177767
vt 0.375221 0.201650
vt 0.376429 0.201285
vt 0.605139 0.201059
vt 0.603926 0.200698
vt 0.370658 0.178622
vt 0.371914 0.178500
vt 0.596214 0.222921
vt 0.595089 0.222326
vt 0.370658 0.155140
vt 0.371914 0.155264
vt 0.583144 0.242611
vt 0.582160 0.241807
vt 0.375217 0.132100
vt 0.376425 0.132465
vt 0.566489 0.259340
vt 0.565683 0.258363
vt 0.384182 0.110391
vt 0.385296 0.110985
vt 0.546878 0.272508
vt 0.546276 0.271385
vt 0.562405 0.077535
vt 0.578373 0.093326
vt 0.590946 0.111976
vt 0.599662 0.132747
vt 0.604169 0.154829
vt 0.604268 0.177384
vt 0.599991 0.199522
vt 0.591462 0.220406
vt 0.578975 0.239207
vt 0.563072 0.255197
vt 0.544329 0.267764
vt 0.523465 0.276419
vt 0.501318 0.280829
vt 0.478766 0.280826
vt 0.456680 0.276452
vt 0.435901 0.267836
vt 0.417211 0.255337
vt 0.401345 0.239464
vt 0.388894 0.220821
vt 0.380335 0.200099
vt 0.375978 0.178097
vt 0.375984 0.155663
vt 0.380334 0.133651
vt 0.388901 0.112905
vt 0.401344 0.094206
vt 0.417167 0.078274
vt 0.435794 0.065747
vt 0.456476 0.057058
vt 0.478430 0.052566
vt 0.500860 0.052440
vt 0.522907 0.056696
vt 0.543690 0.065159
vt 0.296951 0.313773
vt 0.273847 0.306109
vt 0.251223 0.297557
vt 0.229104 0.288225
vt 0.207400 0.278184
vt 0.186008 0.267315
vt 0.164983 0.255602
vt 0.144346 0.243069
vt 0.123237 0.230097
vt 0.883645 0.228008
vt 0.860489 0.241819
vt 0.837947 0.254999
vt 0.815064 0.267278
vt 0.791842 0.278724
vt 0.768222 0.289294
vt 0.744176 0.299002
vt 0.719797 0.307785
vt 0.695072 0.315624
vt 0.670139 0.322498
vt 0.645097 0.328475
vt 0.619866 0.333514
vt 0.594567 0.337554
vt 0.569265 0.340640
vt 0.543917 0.342800
vt 0.518569 0.344053
vt 0.493183 0.344367
vt 0.467850 0.343701
vt 0.442677 0.342066
vt 0.417723 0.339530
vt 0.393001 0.336148
vt 0.368482 0.331830
vt 0.344265 0.326645
vt 0.320421 0.320619
vt 0.722503 0.940625
vt 0.694809 0.940953
vt 0.112151 0.944768
vt 0.084473 0.945184
vt 0.472765 0.943200
vt 0.444905 0.943380
vt 0.056664 0.945869
vt 0.417030 0.943517
vt 0.028632 0.947078
vt 0.389197 0.943738
vt 0.000217 0.948545
vt 0.361484 0.943945
vt 0.889837 0.942484
vt 0.861176 0.941297
vt 0.333823 0.944019
vt 0.750174 0.940327
vt 0.833126 0.940572
vt 0.306115 0.944108
vt 0.805383 0.940393
vt 0.278362 0.944201
vt 0.777794 0.940270
vt 0.250573 0.944269
vt 0.639307 0.941618
vt 0.611528 0.941952
vt 0.222774 0.944327
vt 0.583803 0.942214
vt 0.195054 0.944503
vt 0.556122 0.942538
vt 0.167371 0.944415
vt 0.528394 0.942671
vt 0.139750 0.944684
vt 0.500597 0.942961
vt 0.667078 0.941295
vt 0.420035 0.129757
vt 0.505073 0.200366
vt 0.517569 0.191822
vt 0.427320 0.118142
vt 0.541048 0.231568
vt 0.536876 0.228485
vt 0.525396 0.237320
vt 0.528353 0.240053
vt 0.480950 0.237175
vt 0.482771 0.235049
vt 0.471024 0.214762
vt 0.428318 0.171597
vt 0.415171 0.126625
vt 0.422805 0.114455
vt 0.419035 0.111376
vt 0.410892 0.123634
vt 0.555954 0.223153
vt 0.545279 0.235463
vt 0.548786 0.239837
vt 0.561594 0.227757
vt 0.532214 0.244214
vt 0.537112 0.248561
vt 0.412103 0.141320
vt 0.407104 0.138353
vt 0.519727 0.250135
vt 0.520858 0.255984
vt 0.415207 0.156387
vt 0.408045 0.154717
vt 0.504699 0.251395
vt 0.505720 0.256551
vt 0.424198 0.172432
vt 0.417505 0.172966
vt 0.493330 0.249430
vt 0.478219 0.239787
vt 0.473156 0.244296
vt 0.491602 0.254732
vt 0.551496 0.219513
vt 0.417211 0.143402
vt 0.516479 0.245675
vt 0.420060 0.156943
vt 0.502566 0.246819
vt 0.493203 0.245179
vt 0.526252 0.220620
vt 0.538875 0.209211
vt 0.533309 0.204189
vt 0.521797 0.215893
vt 0.492485 0.205765
vt 0.497590 0.218110
vt 0.494175 0.213066
vt 0.512642 0.242691
vt 0.503255 0.221560
vt 0.534807 0.227072
vt 0.546476 0.215416
vt 0.499232 0.243420
vt 0.483086 0.223544
vt 0.509892 0.240435
vt 0.467591 0.205591
vt 0.523823 0.235353
vt 0.547972 0.216637
vt 0.472952 0.208010
vt 0.514951 0.226428
vt 0.512451 0.220160
vt 0.506568 0.203421
vt 0.495259 0.208334
vt 0.519269 0.193210
vt 0.437247 0.108682
vt 0.523439 0.177869
vt 0.561213 0.206863
vt 0.566979 0.192727
vt 0.563711 0.190378
vt 0.557356 0.203393
vt 0.554672 0.146870
vt 0.479897 0.108428
vt 0.530730 0.141630
vt 0.552954 0.149080
vt 0.433205 0.104543
vt 0.429421 0.100949
vt 0.570865 0.212786
vt 0.565877 0.210227
vt 0.577069 0.199598
vt 0.571829 0.195673
vt 0.446990 0.098597
vt 0.443082 0.094291
vt 0.581080 0.182196
vt 0.575126 0.182260
vt 0.462374 0.098625
vt 0.459306 0.091943
vt 0.578608 0.167259
vt 0.573353 0.167290
vt 0.479891 0.104224
vt 0.479076 0.097561
vt 0.569154 0.156547
vt 0.574003 0.153794
vt 0.560090 0.137809
vt 0.556685 0.143672
vt 0.450051 0.103186
vt 0.570108 0.179972
vt 0.463889 0.103268
vt 0.568444 0.166116
vt 0.564965 0.157273
vt 0.547523 0.194562
vt 0.542001 0.191145
vt 0.526209 0.164455
vt 0.533701 0.164650
vt 0.539325 0.166986
vt 0.566417 0.176811
vt 0.543840 0.171846
vt 0.555557 0.201650
vt 0.564448 0.163530
vt 0.541747 0.151690
vt 0.563657 0.174569
vt 0.521058 0.140101
vt 0.561469 0.189232
vt 0.524500 0.144870
vt 0.550950 0.182329
vt 0.544309 0.181135
vt 0.529281 0.166659
vt 0.526732 0.178723
vt 0.743084 0.378288
vt 0.715813 0.378740
vt 0.140260 0.382294
vt 0.112814 0.381933
vt 0.496428 0.380957
vt 0.468943 0.380934
vt 0.085365 0.381628
vt 0.441535 0.381246
vt 0.057838 0.380678
vt 0.413986 0.381455
vt 0.030186 0.378919
vt 0.386477 0.381497
vt 0.001748 0.375844
vt 0.358894 0.381849
vt 0.770268 0.377756
vt 0.880132 0.369977
vt 0.852057 0.373545
vt 0.331309 0.381931
vt 0.824596 0.375724
vt 0.303901 0.382109
vt 0.797384 0.376865
vt 0.276610 0.382250
vt 0.249455 0.382282
vt 0.222325 0.382380
vt 0.606169 0.379850
vt 0.578890 0.380180
vt 0.195111 0.382362
vt 0.551519 0.380449
vt 0.167767 0.382344
vt 0.524038 0.380687
vt 0.289058 0.225127
vt 0.283563 0.225222
vt 0.281971 0.234597
vt 0.289145 0.234988
vt 0.291223 0.240534
vt 0.276523 0.242256
vt 0.296804 0.246901
vt 0.270004 0.247583
vt 0.303818 0.260096
vt 0.258533 0.261660
vt 0.248503 0.261192
vt 0.251681 0.249809
vt 0.239629 0.258639
vt 0.247223 0.246801
vt 0.230113 0.251397
vt 0.247149 0.242542
vt 0.223473 0.241093
vt 0.250085 0.240315
vt 0.220168 0.226317
vt 0.259121 0.240453
vt 0.307337 0.248628
vt 0.312331 0.257955
vt 0.316030 0.245908
vt 0.318649 0.254499
vt 0.322026 0.240113
vt 0.326099 0.249226
vt 0.325612 0.230834
vt 0.331565 0.235215
vt 0.326090 0.224488
vt 0.332010 0.224386
vt 0.288805 0.215269
vt 0.281648 0.215907
vt 0.290689 0.209655
vt 0.275939 0.208441
vt 0.296048 0.203099
vt 0.269240 0.203342
vt 0.302602 0.189669
vt 0.257290 0.189669
vt 0.247283 0.190483
vt 0.250852 0.201751
vt 0.238502 0.193341
vt 0.246499 0.204911
vt 0.229241 0.200908
vt 0.246573 0.209169
vt 0.222961 0.211435
vt 0.249584 0.211293
vt 0.258610 0.210844
vt 0.306514 0.201009
vt 0.311184 0.191515
vt 0.315296 0.203427
vt 0.317617 0.194751
vt 0.321489 0.209012
vt 0.325245 0.199764
vt 0.325393 0.218162
vt 0.331191 0.213578
vt 0.688465 0.379042
vt 0.661065 0.379395
vt 0.633552 0.379737
vt 0.177587 0.316386
vt 0.183147 0.319176
vt 0.187774 0.315850
vt 0.176444 0.307229
vt 0.196323 0.313668
vt 0.189549 0.319016
vt 0.196478 0.317382
vt 0.170672 0.299954
vt 0.155308 0.286976
vt 0.154631 0.288542
vt 0.169387 0.300927
vt 0.207745 0.317156
vt 0.205949 0.320536
vt 0.215544 0.322970
vt 0.213138 0.325555
vt 0.225848 0.338741
vt 0.221232 0.329641
vt 0.218178 0.331673
vt 0.222450 0.340176
vt 0.227951 0.344812
vt 0.224538 0.346017
vt 0.172532 0.298449
vt 0.206812 0.308477
vt 0.168345 0.282958
vt 0.149174 0.286097
vt 0.149402 0.287801
vt 0.144588 0.288051
vt 0.145659 0.289417
vt 0.141992 0.291447
vt 0.138789 0.300613
vt 0.140295 0.301207
vt 0.143463 0.292281
vt 0.130755 0.310335
vt 0.122979 0.311444
vt 0.122979 0.312865
vt 0.131286 0.311738
vt 0.130101 0.270921
vt 0.122979 0.270192
vt 0.122979 0.284979
vt 0.139841 0.290351
vt 0.133772 0.261247
vt 0.122979 0.259178
vt 0.122979 0.309573
vt 0.136711 0.300090
vt 0.144148 0.264761
vt 0.130680 0.269945
vt 0.131286 0.269054
vt 0.122979 0.268447
vt 0.122979 0.269156
vt 0.140057 0.273904
vt 0.130290 0.270580
vt 0.122979 0.269821
vt 0.213567 0.313638
vt 0.218387 0.318624
vt 0.221133 0.317005
vt 0.216276 0.312070
vt 0.158934 0.263520
vt 0.149570 0.257873
vt 0.147920 0.261138
vt 0.156925 0.266477
vt 0.209820 0.306044
vt 0.216644 0.311250
vt 0.216738 0.310857
vt 0.209980 0.305626
vt 0.209415 0.306876
vt 0.169779 0.280485
vt 0.135600 0.258509
vt 0.146281 0.262160
vt 0.146629 0.262032
vt 0.136420 0.257951
vt 0.225826 0.312578
vt 0.219643 0.306300
vt 0.217009 0.309200
vt 0.222801 0.315206
vt 0.155499 0.267809
vt 0.155831 0.267590
vt 0.240960 0.341333
vt 0.237296 0.331697
vt 0.233840 0.333186
vt 0.236919 0.342752
vt 0.221478 0.316202
vt 0.226849 0.322962
vt 0.226979 0.321863
vt 0.221528 0.315855
vt 0.122979 0.256252
vt 0.122954 0.255382
vt 0.165843 0.268452
vt 0.163567 0.271463
vt 0.162356 0.273226
vt 0.170303 0.279687
vt 0.170544 0.279282
vt 0.162652 0.272895
vt 0.229457 0.336743
vt 0.231263 0.344067
vt 0.233129 0.343649
vt 0.231337 0.335811
vt 0.212846 0.300734
vt 0.173756 0.274305
vt 0.171267 0.277637
vt 0.210431 0.303931
vt 0.145624 0.262695
vt 0.135157 0.259172
vt 0.153307 0.270589
vt 0.154874 0.268372
vt 0.160321 0.276309
vt 0.161775 0.273903
vt 0.223779 0.325315
vt 0.226401 0.323629
vt 0.122979 0.257040
vt 0.231960 0.335382
vt 0.233860 0.343482
vt 0.235466 0.343110
vt 0.232615 0.333937
vt 0.138820 0.253600
vt 0.137648 0.257093
vt 0.231027 0.319564
vt 0.228161 0.321199
vt 0.123777 0.250228
vt 0.122993 0.254401
vt 0.239563 0.329801
vt 0.232121 0.317151
vt 0.226123 0.309940
vt 0.220736 0.304785
vt 0.139696 0.251299
vt 0.124790 0.247818
vt 0.175612 0.273381
vt 0.167729 0.267579
vt 0.151047 0.256051
vt 0.213735 0.299149
vt 0.160721 0.262292
vt 0.243850 0.339999
vt 0.175583 0.324398
vt 0.178868 0.326259
vt 0.136116 0.306875
vt 0.137356 0.307926
vt 0.156218 0.284775
vt 0.174766 0.316108
vt 0.174050 0.307582
vt 0.172646 0.307960
vt 0.173411 0.316055
vt 0.148915 0.283348
vt 0.142531 0.285650
vt 0.130086 0.308517
vt 0.134617 0.305604
vt 0.173368 0.323959
vt 0.172106 0.323741
vt 0.186013 0.321762
vt 0.131611 0.268536
vt 0.122979 0.267888
vt 0.141483 0.274359
vt 0.139862 0.274139
vt 0.140465 0.272788
vt 0.140654 0.272382
vt 0.181703 0.328168
vt 0.068371 0.316386
vt 0.069514 0.307229
vt 0.058184 0.315850
vt 0.062811 0.319176
vt 0.049635 0.313668
vt 0.049480 0.317382
vt 0.056409 0.319016
vt 0.075286 0.299955
vt 0.076571 0.300927
vt 0.091327 0.288542
vt 0.090651 0.286976
vt 0.038213 0.317156
vt 0.040009 0.320536
vt 0.030415 0.322970
vt 0.032821 0.325556
vt 0.020111 0.338741
vt 0.023509 0.340176
vt 0.027780 0.331673
vt 0.024727 0.329641
vt 0.018007 0.344812
vt 0.021421 0.346017
vt 0.073426 0.298449
vt 0.077613 0.282958
vt 0.039147 0.308477
vt 0.096556 0.287801
vt 0.096784 0.286097
vt 0.100299 0.289417
vt 0.101370 0.288051
vt 0.103967 0.291447
vt 0.102495 0.292281
vt 0.105664 0.301207
vt 0.107169 0.300613
vt 0.115203 0.310335
vt 0.114672 0.311738
vt 0.115857 0.270921
vt 0.106117 0.290351
vt 0.112186 0.261247
vt 0.109247 0.300090
vt 0.101810 0.264761
vt 0.115278 0.269945
vt 0.114672 0.269054
vt 0.105901 0.273904
vt 0.115668 0.270580
vt 0.032391 0.313638
vt 0.029682 0.312070
vt 0.024826 0.317005
vt 0.027572 0.318624
vt 0.087024 0.263520
vt 0.089033 0.266477
vt 0.098038 0.261138
vt 0.096388 0.257873
vt 0.036138 0.306044
vt 0.035978 0.305626
vt 0.029220 0.310857
vt 0.029315 0.311250
vt 0.076179 0.280485
vt 0.036543 0.306876
vt 0.110358 0.258509
vt 0.109538 0.257951
vt 0.099329 0.262032
vt 0.099676 0.262160
vt 0.020132 0.312578
vt 0.023157 0.315206
vt 0.028949 0.309200
vt 0.026315 0.306300
vt 0.090127 0.267590
vt 0.090459 0.267809
vt 0.004999 0.341333
vt 0.009039 0.342752
vt 0.012119 0.333186
vt 0.008662 0.331697
vt 0.024480 0.316202
vt 0.024430 0.315855
vt 0.018979 0.321863
vt 0.019110 0.322962
vt 0.123004 0.255382
vt 0.080115 0.268452
vt 0.082390 0.271463
vt 0.083602 0.273226
vt 0.083306 0.272895
vt 0.075414 0.279282
vt 0.075655 0.279687
vt 0.016501 0.336743
vt 0.014622 0.335811
vt 0.012829 0.343649
vt 0.014695 0.344067
vt 0.033112 0.300734
vt 0.035528 0.303931
vt 0.074691 0.277637
vt 0.072202 0.274305
vt 0.110800 0.259172
vt 0.100334 0.262696
vt 0.091084 0.268372
vt 0.092651 0.270589
vt 0.084183 0.273903
vt 0.085637 0.276309
vt 0.022179 0.325315
vt 0.019558 0.323629
vt 0.013999 0.335382
vt 0.013343 0.333937
vt 0.010493 0.343110
vt 0.012099 0.343482
vt 0.108310 0.257093
vt 0.107138 0.253600
vt 0.014931 0.319563
vt 0.017797 0.321200
vt 0.122965 0.254401
vt 0.122181 0.250228
vt 0.013837 0.317151
vt 0.006395 0.329801
vt 0.025222 0.304785
vt 0.019835 0.309940
vt 0.121168 0.247818
vt 0.106262 0.251299
vt 0.078229 0.267579
vt 0.070346 0.273382
vt 0.094911 0.256051
vt 0.032224 0.299149
vt 0.085237 0.262292
vt 0.002109 0.339999
vt 0.067090 0.326259
vt 0.070375 0.324398
vt 0.109842 0.306875
vt 0.108602 0.307926
vt 0.089740 0.284775
vt 0.071193 0.316108
vt 0.072547 0.316055
vt 0.073312 0.307960
vt 0.071908 0.307582
vt 0.097043 0.283348
vt 0.103427 0.285650
vt 0.111341 0.305604
vt 0.115872 0.308517
vt 0.072590 0.323959
vt 0.073852 0.323741
vt 0.059945 0.321762
vt 0.114347 0.268536
vt 0.104475 0.274359
vt 0.106097 0.274139
vt 0.105493 0.272788
vt 0.105304 0.272383
vt 0.064255 0.328168
vt 0.098361 0.349767
vt 0.099628 0.345038
vt 0.095035 0.343284
vt 0.092966 0.347866
vt 0.083297 0.341395
vt 0.086822 0.337548
vt 0.083368 0.333363
vt 0.079212 0.337090
vt 0.133179 0.335435
vt 0.129720 0.332952
vt 0.127346 0.336546
vt 0.130530 0.339125
vt 0.124476 0.339531
vt 0.127332 0.342649
vt 0.121050 0.342088
vt 0.123446 0.345722
vt 0.117208 0.344116
vt 0.119016 0.348142
vt 0.113107 0.345466
vt 0.114222 0.349803
vt 0.108768 0.346102
vt 0.109134 0.350672
vt 0.104238 0.345975
vt 0.103807 0.350686
vt 0.090693 0.340783
vt 0.087880 0.345036
vt 0.095507 0.342300
vt 0.091314 0.339889
vt 0.095956 0.341370
vt 0.091897 0.339064
vt 0.087619 0.336764
vt 0.088340 0.336073
vt 0.084369 0.332693
vt 0.085392 0.332228
vt 0.128875 0.332504
vt 0.126643 0.335992
vt 0.128060 0.332228
vt 0.126000 0.335485
vt 0.123868 0.338845
vt 0.123313 0.338207
vt 0.120546 0.341286
vt 0.120071 0.340525
vt 0.116842 0.343243
vt 0.116502 0.342441
vt 0.112898 0.344538
vt 0.112708 0.343714
vt 0.108725 0.345129
vt 0.108678 0.344235
vt 0.104357 0.344980
vt 0.104469 0.344057
vt 0.099921 0.344029
vt 0.100201 0.343102
vt 0.149795 0.336245
vt 0.151937 0.344238
vt 0.151937 0.339954
vt 0.146086 0.334103
vt 0.149795 0.347947
vt 0.141803 0.334103
vt 0.146086 0.350089
vt 0.138093 0.336245
vt 0.141803 0.350089
vt 0.135952 0.339954
vt 0.138093 0.347947
vt 0.135952 0.344238
s 1
usemtl Material.001
f 1/1/1 2/2/2 3/3/3
f 4/4/4 5/5/5 2/2/2
f 6/6/6 7/7/7 8/8/8
f 9/9/9 10/10/10 11/11/11
f 12/12/12 11/11/11 13/13/13
f 14/14/14 15/15/15 16/16/16
f 17/17/17 18/18/18 19/19/19
f 17/17/17 20/20/19 21/21/20
f 22/22/21 23/23/22 24/24/23
f 25/25/24 26/26/25 27/27/26
f 28/28/27 29/29/28 30/30/29
f 31/31/30 32/32/31 33/33/32
f 34/34/33 35/35/34 36/36/35
f 37/37/36 38/38/37 26/26/25
f 39/39/38 40/40/39 25/25/24
f 41/41/40 24/24/23 23/23/22
f 42/42/41 43/43/42 44/44/43
f 45/45/44 46/46/45 47/47/46
f 48/48/47 49/49/48 50/50/49
f 51/51/50 52/52/51 53/53/52
f 54/54/53 44/44/43 55/55/54
f 56/56/55 42/42/41 57/57/56
f 58/58/57 59/59/58 60/60/59
f 58/58/57 60/60/59 61/61/60
f 59/59/58 62/62/61 63/63/62
f 59/59/58 63/63/62 60/60/59
f 62/62/61 64/64/63 65/65/64
f 62/62/61 65/65/64 63/63/62
f 64/64/63 66/66/65 67/67/66
f 64/64/63 67/67/66 65/65/64
f 66/66/65 68/68/67 69/69/68
f 66/66/65 69/69/68 67/67/66
f 68/68/67 70/70/69 71/71/70
f 68/68/67 71/71/70 69/69/68
f 70/70/69 72/72/71 73/73/72
f 70/70/69 73/73/72 71/71/70
f 74/74/71 75/75/73 76/76/74
f 74/74/71 76/76/74 77/77/72
f 75/75/73 78/78/75 79/79/76
f 75/75/73 79/79/76 76/76/74
f 78/78/75 80/80/77 81/81/78
f 78/78/75 81/81/78 79/79/76
f 80/80/77 82/82/79 83/83/80
f 80/80/77 83/83/80 81/81/78
f 82/82/79 84/84/81 85/85/82
f 82/82/79 85/85/82 83/83/80
f 84/84/81 86/86/83 87/87/84
f 84/84/81 87/87/84 85/85/82
f 86/86/83 88/88/85 89/89/86
f 86/86/83 89/89/86 87/87/84
f 88/88/85 90/90/87 91/91/88
f 88/88/85 91/91/88 89/89/86
f 90/90/87 92/92/89 93/93/90
f 90/90/87 93/93/90 91/91/88
f 92/92/89 94/94/91 95/95/92
f 92/92/89 95/95/92 93/93/90
f 94/94/91 96/96/93 97/97/94
f 94/94/91 97/97/94 95/95/92
f 96/96/93 98/98/95 99/99/96
f 96/96/93 99/99/96 97/97/94
f 98/98/95 100/100/97 101/101/98
f 98/98/95 101/101/98 99/99/96
f 100/100/97 102/102/99 103/103/100
f 100/100/97 103/103/100 101/101/98
f 102/102/99 104/104/101 105/105/102
f 102/102/99 105/105/102 103/103/100
f 104/104/101 106/106/103 107/107/104
f 104/104/101 107/107/104 105/105/102
f 106/106/103 108/108/105 109/109/106
f 106/106/103 109/109/106 107/107/104
f 108/108/105 110/110/107 111/111/108
f 108/108/105 111/111/108 109/109/106
f 110/110/107 112/112/109 113/113/110
f 110/110/107 113/113/110 111/111/108
f 112/112/109 114/114/111 115/115/112
f 112/112/109 115/115/112 113/113/110
f 114/114/111 116/116/113 117/117/114
f 114/114/111 117/117/114 115/115/112
f 116/116/113 118/118/115 119/119/116
f 116/116/113 119/119/116 117/117/114
f 120/120/117 121/121/118 122/122/119
f 120/120/117 122/122/119 123/123/120
f 118/118/115 124/124/121 125/125/122
f 118/118/115 125/125/122 119/119/116
f 124/124/121 126/126/123 127/127/124
f 124/124/121 127/127/124 125/125/122
f 128/128/125 129/129/126 130/130/127
f 128/128/125 130/130/127 131/131/128
f 132/132/129 133/133/130 134/134/131
f 132/132/129 134/134/131 135/135/132
f 136/136/133 137/137/134 138/138/135
f 136/136/133 138/138/135 139/139/136
f 140/140/137 132/132/129 135/135/132
f 140/140/137 135/135/132 141/141/138
f 142/142/139 143/143/140 144/144/141
f 142/142/139 144/144/141 145/145/142
f 146/146/143 147/147/144 148/148/145
f 146/146/143 148/148/145 149/149/146
f 150/150/147 151/151/148 152/152/149
f 150/150/147 152/152/149 153/153/150
f 154/154/151 155/155/152 156/156/153
f 154/154/151 156/156/153 157/157/154
f 158/158/155 159/159/156 160/160/157
f 158/158/155 160/160/157 161/161/127
f 137/137/134 162/162/158 163/163/159
f 137/137/134 163/163/159 138/138/135
f 133/133/130 164/164/160 165/165/161
f 133/133/130 165/165/161 134/134/131
f 143/143/140 166/166/162 167/167/163
f 143/143/140 167/167/163 144/144/141
f 147/147/144 168/168/164 169/169/165
f 147/147/144 169/169/165 148/148/145
f 151/151/148 170/170/166 171/171/167
f 151/151/148 171/171/167 152/152/149
f 159/159/156 172/172/168 173/173/169
f 159/159/156 173/173/169 160/160/157
f 162/162/158 174/174/170 175/175/171
f 162/162/158 175/175/171 163/163/159
f 164/164/160 176/176/172 177/177/173
f 164/164/160 177/177/173 165/165/161
f 166/166/162 178/178/174 179/179/175
f 166/166/162 179/179/175 167/167/163
f 168/168/164 180/180/176 181/181/177
f 168/168/164 181/181/177 169/169/165
f 170/170/166 140/140/137 141/141/138
f 170/170/166 141/141/138 171/171/167
f 155/155/152 182/182/178 183/183/179
f 155/155/152 183/183/179 156/156/153
f 172/172/168 184/184/180 185/185/181
f 172/172/168 185/185/181 173/173/169
f 174/174/170 186/186/182 187/187/183
f 174/174/170 187/187/183 175/175/171
f 176/176/172 188/188/184 189/189/185
f 176/176/172 189/189/185 177/177/173
f 178/178/174 128/128/125 131/131/128
f 178/178/174 131/131/128 179/179/175
f 180/180/176 136/136/133 139/139/136
f 180/180/176 139/139/136 181/181/177
f 190/190/186 142/142/139 145/145/142
f 190/190/186 145/145/142 191/191/187
f 184/184/180 146/146/143 149/149/146
f 184/184/180 149/149/146 185/185/181
f 186/186/182 150/150/147 153/153/150
f 186/186/182 153/153/150 187/187/183
f 188/188/184 154/154/151 157/157/154
f 188/188/184 157/157/154 189/189/185
f 192/192/188 193/193/189 194/194/190
f 192/192/188 194/194/190 195/195/191
f 196/196/192 190/190/186 191/191/187
f 196/196/192 191/191/187 197/197/193
f 198/198/194 199/199/195 200/200/196
f 198/198/194 200/200/196 201/201/197
f 202/202/198 203/203/199 204/204/200
f 202/202/198 204/204/200 205/205/201
f 203/203/199 206/206/202 207/207/203
f 203/203/199 207/207/203 204/204/200
f 206/206/202 208/208/204 209/209/205
f 206/206/202 209/209/205 207/207/203
f 208/208/204 210/210/206 211/211/207
f 208/208/204 211/211/207 209/209/205
f 210/210/206 212/212/208 213/213/209
f 210/210/206 213/213/209 211/211/207
f 212/212/208 214/214/210 215/215/211
f 212/212/208 215/215/211 213/213/209
f 216/216/212 217/217/213 218/218/214
f 216/216/212 218/218/214 219/219/215
f 220/220/210 192/192/188 195/195/191
f 220/220/210 195/195/191 221/221/216
f 193/193/189 222/222/217 223/223/218
f 193/193/189 223/223/218 194/194/190
f 222/222/217 224/224/219 225/225/220
f 222/222/217 225/225/220 223/223/218
f 224/224/219 226/226/221 227/227/222
f 224/224/219 227/227/222 225/225/220
f 226/226/221 228/228/223 229/229/224
f 226/226/221 229/229/224 227/227/222
f 228/228/223 230/230/225 231/231/226
f 228/228/223 231/231/226 229/229/224
f 230/230/225 232/232/227 233/233/228
f 230/230/225 233/233/228 231/231/226
f 232/232/227 234/234/229 235/235/230
f 232/232/227 235/235/230 233/233/228
f 234/234/229 236/236/231 237/237/232
f 234/234/229 237/237/232 235/235/230
f 236/236/231 238/238/233 239/239/234
f 236/236/231 239/239/234 237/237/232
f 238/238/233 240/240/235 241/241/236
f 238/238/233 241/241/236 239/239/234
f 240/240/235 242/242/237 243/243/238
f 240/240/235 243/243/238 241/241/236
f 242/242/237 244/244/239 245/245/240
f 242/242/237 245/245/240 243/243/238
f 244/244/239 246/246/241 247/247/242
f 244/244/239 247/247/242 245/245/240
f 246/246/241 248/248/243 249/249/244
f 246/246/241 249/249/244 247/247/242
f 248/248/243 250/250/245 251/251/246
f 248/248/243 251/251/246 249/249/244
f 250/250/245 252/252/247 253/253/248
f 250/250/245 253/253/248 251/251/246
f 252/252/247 254/254/249 255/255/250
f 252/252/247 255/255/250 253/253/248
f 254/254/249 256/256/251 257/257/252
f 254/254/249 257/257/252 255/255/250
f 256/256/251 258/258/253 259/259/254
f 256/256/251 259/259/254 257/257/252
f 258/258/253 260/260/255 261/261/256
f 258/258/253 261/261/256 259/259/254
f 260/260/255 198/198/194 201/201/197
f 260/260/255 201/201/197 261/261/256
f 262/262/257 263/263/258 264/264/259
f 262/262/257 264/264/259 265/265/260
f 266/266/261 267/267/262 268/268/263
f 266/266/261 268/268/263 269/269/264
f 270/270/265 271/271/224 272/272/266
f 270/270/265 272/272/266 273/273/267
f 274/274/268 275/275/269 276/276/270
f 274/274/268 276/276/270 277/277/271
f 278/278/272 216/216/212 219/219/215
f 278/278/272 219/219/215 279/279/273
f 280/280/274 274/274/268 277/277/271
f 280/280/274 277/277/271 281/281/275
f 282/282/276 278/278/272 279/279/273
f 282/282/276 279/279/273 283/283/277
f 284/284/278 280/280/274 281/281/275
f 284/284/278 281/281/275 285/285/279
f 286/286/280 282/282/276 283/283/277
f 286/286/280 283/283/277 287/287/281
f 288/288/282 284/284/278 285/285/279
f 288/288/282 285/285/279 289/289/283
f 290/290/284 286/286/280 287/287/281
f 290/290/284 287/287/281 291/291/285
f 292/292/286 288/288/282 289/289/283
f 292/292/286 289/289/283 293/293/287
f 294/294/288 290/290/284 291/291/285
f 294/294/288 291/291/285 295/295/289
f 267/267/262 296/296/290 297/297/291
f 267/267/262 297/297/291 268/268/263
f 298/298/292 292/292/286 293/293/287
f 298/298/292 293/293/287 299/299/293
f 300/300/294 294/294/288 295/295/289
f 300/300/294 295/295/289 301/301/295
f 302/302/296 266/266/261 269/269/264
f 302/302/296 269/269/264 303/303/297
f 304/304/298 298/298/292 299/299/293
f 304/304/298 299/299/293 305/305/299
f 306/306/300 300/300/294 301/301/295
f 306/306/300 301/301/295 307/307/301
f 308/308/302 302/302/296 303/303/297
f 308/308/302 303/303/297 309/309/303
f 310/310/304 304/304/298 305/305/299
f 310/310/304 305/305/299 311/311/305
f 312/312/306 306/306/300 307/307/301
f 312/312/306 307/307/301 313/313/307
f 314/314/308 308/308/302 309/309/303
f 314/314/308 309/309/303 315/315/309
f 296/296/290 310/310/304 311/311/305
f 296/296/290 311/311/305 297/297/291
f 316/316/310 312/312/306 313/313/307
f 316/316/310 313/313/307 317/317/311
f 318/318/312 314/314/308 315/315/309
f 318/318/312 315/315/309 319/319/313
f 320/320/314 202/202/198 205/205/201
f 320/320/314 205/205/201 321/321/315
f 322/322/316 316/316/310 317/317/311
f 322/322/316 317/317/311 323/323/317
f 324/324/318 318/318/312 319/319/313
f 324/324/318 319/319/313 325/325/319
f 326/326/320 322/322/316 323/323/317
f 326/326/320 323/323/317 327/327/321
f 328/328/322 324/324/318 325/325/319
f 328/328/322 325/325/319 329/329/323
f 330/330/324 326/326/320 327/327/321
f 330/330/324 327/327/321 331/331/325
f 332/332/213 328/328/322 329/329/323
f 332/332/213 329/329/323 333/333/214
f 275/275/269 330/330/324 331/331/325
f 275/275/269 331/331/325 276/276/270
f 183/183/179 197/197/193 269/269/264
f 183/183/179 269/269/264 268/268/263
f 197/197/193 191/191/187 303/303/297
f 197/197/193 303/303/297 269/269/264
f 191/191/187 145/145/142 309/309/303
f 191/191/187 309/309/303 303/303/297
f 145/145/142 144/144/141 315/315/309
f 145/145/142 315/315/309 309/309/303
f 144/144/141 167/167/163 319/319/313
f 144/144/141 319/319/313 315/315/309
f 167/167/163 179/179/175 325/325/319
f 167/167/163 325/325/319 319/319/313
f 179/179/175 131/131/128 329/329/323
f 179/179/175 329/329/323 325/325/319
f 131/131/128 130/130/127 333/333/214
f 131/131/128 333/333/214 329/329/323
f 161/161/127 160/160/157 219/219/215
f 161/161/127 219/219/215 218/218/214
f 160/160/157 173/173/169 279/279/273
f 160/160/157 279/279/273 219/219/215
f 173/173/169 185/185/181 283/283/277
f 173/173/169 283/283/277 279/279/273
f 185/185/181 149/149/146 287/287/281
f 185/185/181 287/287/281 283/283/277
f 149/149/146 148/148/145 291/291/285
f 149/149/146 291/291/285 287/287/281
f 148/148/145 169/169/165 295/295/289
f 148/148/145 295/295/289 291/291/285
f 169/169/165 181/181/177 301/301/295
f 169/169/165 301/301/295 295/295/289
f 181/181/177 139/139/136 307/307/301
f 181/181/177 307/307/301 301/301/295
f 139/139/136 138/138/135 313/313/307
f 139/139/136 313/313/307 307/307/301
f 138/138/135 163/163/159 317/317/311
f 138/138/135 317/317/311 313/313/307
f 163/163/159 175/175/171 323/323/317
f 163/163/159 323/323/317 317/317/311
f 175/175/171 187/187/183 327/327/321
f 175/175/171 327/327/321 323/323/317
f 187/187/183 153/153/150 331/331/325
f 187/187/183 331/331/325 327/327/321
f 153/153/150 152/152/149 276/276/270
f 153/153/150 276/276/270 331/331/325
f 152/152/149 171/171/167 277/277/271
f 152/152/149 277/277/271 276/276/270
f 171/171/167 141/141/138 281/281/275
f 171/171/167 281/281/275 277/277/271
f 141/141/138 135/135/132 285/285/279
f 141/141/138 285/285/279 281/281/275
f 135/135/132 134/134/131 289/289/283
f 135/135/132 289/289/283 285/285/279
f 134/134/131 165/165/161 293/293/287
f 134/134/131 293/293/287 289/289/283
f 165/165/161 177/177/173 299/299/293
f 165/165/161 299/299/293 293/293/287
f 177/177/173 189/189/185 305/305/299
f 177/177/173 305/305/299 299/299/293
f 189/189/185 157/157/154 311/311/305
f 189/189/185 311/311/305 305/305/299
f 157/157/154 156/156/153 297/297/291
f 157/157/154 297/297/291 311/311/305
f 156/156/153 183/183/179 268/268/263
f 156/156/153 268/268/263 297/297/291
f 267/267/262 266/266/261 320/320/314
f 267/267/262 320/320/314 199/199/195
f 266/266/261 302/302/296 202/202/198
f 266/266/261 202/202/198 320/320/314
f 302/302/296 308/308/302 203/203/199
f 302/302/296 203/203/199 202/202/198
f 308/308/302 314/314/308 206/206/202
f 308/308/302 206/206/202 203/203/199
f 314/314/308 318/318/312 208/208/204
f 314/314/308 208/208/204 206/206/202
f 318/318/312 324/324/318 210/210/206
f 318/318/312 210/210/206 208/208/204
f 324/324/318 328/328/322 212/212/208
f 324/324/318 212/212/208 210/210/206
f 328/328/322 332/332/213 214/214/210
f 328/328/322 214/214/210 212/212/208
f 217/217/213 216/216/212 192/192/188
f 217/217/213 192/192/188 220/220/210
f 216/216/212 278/278/272 193/193/189
f 216/216/212 193/193/189 192/192/188
f 278/278/272 282/282/276 222/222/217
f 278/278/272 222/222/217 193/193/189
f 282/282/276 286/286/280 224/224/219
f 282/282/276 224/224/219 222/222/217
f 286/286/280 290/290/284 226/226/221
f 286/286/280 226/226/221 224/224/219
f 290/290/284 294/294/288 228/228/223
f 290/290/284 228/228/223 226/226/221
f 294/294/288 300/300/294 230/230/225
f 294/294/288 230/230/225 228/228/223
f 300/300/294 306/306/300 232/232/227
f 300/300/294 232/232/227 230/230/225
f 306/306/300 312/312/306 234/234/229
f 306/306/300 234/234/229 232/232/227
f 312/312/306 316/316/310 236/236/231
f 312/312/306 236/236/231 234/234/229
f 316/316/310 322/322/316 238/238/233
f 316/316/310 238/238/233 236/236/231
f 322/322/316 326/326/320 240/240/235
f 322/322/316 240/240/235 238/238/233
f 326/326/320 330/330/324 242/242/237
f 326/326/320 242/242/237 240/240/235
f 330/330/324 275/275/269 244/244/239
f 330/330/324 244/244/239 242/242/237
f 275/275/269 274/274/268 246/246/241
f 275/275/269 246/246/241 244/244/239
f 274/274/268 280/280/274 248/248/243
f 274/274/268 248/248/243 246/246/241
f 280/280/274 284/284/278 250/250/245
f 280/280/274 250/250/245 248/248/243
f 284/284/278 288/288/282 252/252/247
f 284/284/278 252/252/247 250/250/245
f 288/288/282 292/292/286 254/254/249
f 288/288/282 254/254/249 252/252/247
f 292/292/286 298/298/292 256/256/251
f 292/292/286 256/256/251 254/254/249
f 298/298/292 304/304/298 258/258/253
f 298/298/292 258/258/253 256/256/251
f 304/304/298 310/310/304 260/260/255
f 304/304/298 260/260/255 258/258/253
f 310/310/304 296/296/290 198/198/194
f 310/310/304 198/198/194 260/260/255
f 296/296/290 267/267/262 199/199/195
f 296/296/290 199/199/195 198/198/194
f 199/199/195 320/320/314 321/321/315
f 199/199/195 321/321/315 200/200/196
f 127/127/124 61/61/60 334/334/326
f 127/127/124 334/334/326 335/335/327
f 61/61/60 60/60/59 336/336/328
f 61/61/60 336/336/328 334/334/326
f 60/60/59 63/63/62 337/337/329
f 60/60/59 337/337/329 336/336/328
f 63/63/62 65/65/64 338/338/330
f 63/63/62 338/338/330 337/337/329
f 65/65/64 67/67/66 339/339/331
f 65/65/64 339/339/331 338/338/330
f 67/67/66 69/69/68 340/340/332
f 67/67/66 340/340/332 339/339/331
f 69/69/68 71/71/70 341/341/333
f 69/69/68 341/341/333 340/340/332
f 71/71/70 73/73/72 342/342/334
f 71/71/70 342/342/334 341/341/333
f 77/77/72 76/76/74 343/343/335
f 77/77/72 343/343/335 344/344/334
f 76/76/74 79/79/76 345/345/336
f 76/76/74 345/345/336 343/343/335
f 79/79/76 81/81/78 346/346/337
f 79/79/76 346/346/337 345/345/336
f 81/81/78 83/83/80 347/347/338
f 81/81/78 347/347/338 346/346/337
f 83/83/80 85/85/82 348/348/339
f 83/83/80 348/348/339 347/347/338
f 85/85/82 87/87/84 349/349/340
f 85/85/82 349/349/340 348/348/339
f 87/87/84 89/89/86 350/350/341
f 87/87/84 350/350/341 349/349/340
f 89/89/86 91/91/88 351/351/342
f 89/89/86 351/351/342 350/350/341
f 91/91/88 93/93/90 352/352/343
f 91/91/88 352/352/343 351/351/342
f 93/93/90 95/95/92 353/353/344
f 93/93/90 353/353/344 352/352/343
f 95/95/92 97/97/94 354/354/345
f 95/95/92 354/354/345 353/353/344
f 97/97/94 99/99/96 355/355/346
f 97/97/94 355/355/346 354/354/345
f 99/99/96 101/101/98 356/356/347
f 99/99/96 356/356/347 355/355/346
f 101/101/98 103/103/100 357/357/348
f 101/101/98 357/357/348 356/356/347
f 103/103/100 105/105/102 358/358/349
f 103/103/100 358/358/349 357/357/348
f 105/105/102 107/107/104 359/359/350
f 105/105/102 359/359/350 358/358/349
f 107/107/104 109/109/106 360/360/351
f 107/107/104 360/360/351 359/359/350
f 109/109/106 111/111/108 361/361/352
f 109/109/106 361/361/352 360/360/351
f 111/111/108 113/113/110 362/362/353
f 111/111/108 362/362/353 361/361/352
f 113/113/110 115/115/112 363/363/354
f 113/113/110 363/363/354 362/362/353
f 115/115/112 117/117/114 364/364/355
f 115/115/112 364/364/355 363/363/354
f 117/117/114 119/119/116 365/365/356
f 117/117/114 365/365/356 364/364/355
f 119/119/116 125/125/122 366/366/357
f 119/119/116 366/366/357 365/365/356
f 125/125/122 127/127/124 335/335/327
f 125/125/122 335/335/327 366/366/357
f 182/182/178 196/196/192 197/197/193
f 182/182/178 197/197/193 183/183/179
f 367/367/358 368/368/359 58/58/57
f 367/367/358 58/58/57 126/126/123
f 368/368/359 369/369/360 59/59/58
f 368/368/359 59/59/58 58/58/57
f 369/369/360 370/370/361 62/62/61
f 369/369/360 62/62/61 59/59/58
f 370/370/361 371/371/362 64/64/63
f 370/370/361 64/64/63 62/62/61
f 371/371/362 372/372/363 66/66/65
f 371/371/362 66/66/65 64/64/63
f 372/372/363 373/373/364 68/68/67
f 372/372/363 68/68/67 66/66/65
f 373/373/364 374/374/365 70/70/69
f 373/373/364 70/70/69 68/68/67
f 374/374/365 375/375/366 72/72/71
f 374/374/365 72/72/71 70/70/69
f 376/376/366 377/377/367 75/75/73
f 376/376/366 75/75/73 74/74/71
f 377/377/367 378/378/368 78/78/75
f 377/377/367 78/78/75 75/75/73
f 378/378/368 379/379/369 80/80/77
f 378/378/368 80/80/77 78/78/75
f 379/379/369 380/380/370 82/82/79
f 379/379/369 82/82/79 80/80/77
f 380/380/370 381/381/371 84/84/81
f 380/380/370 84/84/81 82/82/79
f 381/381/371 382/382/372 86/86/83
f 381/381/371 86/86/83 84/84/81
f 382/382/372 383/383/373 88/88/85
f 382/382/372 88/88/85 86/86/83
f 383/383/373 384/384/374 90/90/87
f 383/383/373 90/90/87 88/88/85
f 384/384/374 385/385/375 92/92/89
f 384/384/374 92/92/89 90/90/87
f 385/385/375 386/386/376 94/94/91
f 385/385/375 94/94/91 92/92/89
f 386/386/376 387/387/377 96/96/93
f 386/386/376 96/96/93 94/94/91
f 387/387/377 388/388/378 98/98/95
f 387/387/377 98/98/95 96/96/93
f 388/388/378 389/389/379 100/100/97
f 388/388/378 100/100/97 98/98/95
f 389/389/379 390/390/380 102/102/99
f 389/389/379 102/102/99 100/100/97
f 390/390/380 391/391/381 104/104/101
f 390/390/380 104/104/101 102/102/99
f 391/391/381 392/392/382 106/106/103
f 391/391/381 106/106/103 104/104/101
f 392/392/382 393/393/383 108/108/105
f 392/392/382 108/108/105 106/106/103
f 393/393/383 394/394/384 110/110/107
f 393/393/383 110/110/107 108/108/105
f 394/394/384 395/395/385 112/112/109
f 394/394/384 112/112/109 110/110/107
f 395/395/385 396/396/386 114/114/111
f 395/395/385 114/114/111 112/112/109
f 396/396/386 397/397/387 116/116/113
f 396/396/386 116/116/113 114/114/111
f 397/397/387 398/398/388 118/118/115
f 397/397/387 118/118/115 116/116/113
f 398/398/388 399/399/389 124/124/121
f 398/398/388 124/124/121 118/118/115
f 399/399/389 367/367/358 126/126/123
f 399/399/389 126/126/123 124/124/121
f 126/126/123 58/58/57 61/61/60
f 126/126/123 61/61/60 127/127/124
f 271/271/224 400/400/390 401/401/391
f 271/271/224 401/401/391 272/272/266
f 400/400/390 402/402/392 403/403/393
f 400/400/390 403/403/393 401/401/391
f 402/402/392 404/404/394 405/405/395
f 402/402/392 405/405/395 403/403/393
f 404/404/394 406/406/396 407/407/397
f 404/404/394 407/407/397 405/405/395
f 406/406/396 408/408/398 409/409/399
f 406/406/396 409/409/399 407/407/397
f 408/408/398 410/410/236 411/411/400
f 408/408/398 411/411/400 409/409/399
f 410/410/236 412/412/401 413/413/402
f 410/410/236 413/413/402 411/411/400
f 273/273/267 272/272/266 414/414/403
f 273/273/267 414/414/403 415/415/404
f 272/272/266 401/401/391 416/416/405
f 272/272/266 416/416/405 414/414/403
f 401/401/391 403/403/393 417/417/406
f 401/401/391 417/417/406 416/416/405
f 403/403/393 405/405/395 418/418/407
f 403/403/393 418/418/407 417/417/406
f 405/405/395 407/407/397 419/419/408
f 405/405/395 419/419/408 418/418/407
f 407/407/397 409/409/399 420/420/409
f 407/407/397 420/420/409 419/419/408
f 409/409/399 411/411/400 421/421/410
f 409/409/399 421/421/410 420/420/409
f 411/411/400 413/413/402 422/422/411
f 411/411/400 422/422/411 421/421/410
f 415/415/404 414/414/403 423/423/412
f 415/415/404 423/423/412 424/424/413
f 414/414/403 416/416/405 425/425/414
f 414/414/403 425/425/414 423/423/412
f 416/416/405 417/417/406 426/426/415
f 416/416/405 426/426/415 425/425/414
f 417/417/406 418/418/407 427/427/416
f 417/417/406 427/427/416 426/426/415
f 418/418/407 419/419/408 428/428/417
f 418/418/407 428/428/417 427/427/416
f 419/419/408 420/420/409 429/429/418
f 419/419/408 429/429/418 428/428/417
f 420/420/409 421/421/410 430/430/419
f 420/420/409 430/430/419 429/429/418
f 421/421/410 422/422/411 431/431/420
f 421/421/410 431/431/420 430/430/419
f 424/424/413 423/423/412 432/432/421
f 424/424/413 432/432/421 433/433/422
f 423/423/412 425/425/414 434/434/423
f 423/423/412 434/434/423 432/432/421
f 425/425/414 426/426/415 435/435/424
f 425/425/414 435/435/424 434/434/423
f 426/426/415 427/427/416 436/436/19
f 426/426/415 436/436/19 435/435/424
f 427/427/416 428/428/417 437/437/425
f 427/427/416 437/437/425 436/436/19
f 428/428/417 429/429/418 438/438/426
f 428/428/417 438/438/426 437/437/425
f 429/429/418 430/430/419 439/439/427
f 429/429/418 439/439/427 438/438/426
f 430/430/419 431/431/420 440/440/428
f 430/430/419 440/440/428 439/439/427
f 433/433/422 432/432/421 441/441/429
f 433/433/422 441/441/429 442/442/216
f 432/432/421 434/434/423 443/443/430
f 432/432/421 443/443/430 441/441/429
f 434/434/423 435/435/424 444/444/431
f 434/434/423 444/444/431 443/443/430
f 435/435/424 436/436/19 445/445/432
f 435/435/424 445/445/432 444/444/431
f 436/436/19 437/437/425 446/446/433
f 436/436/19 446/446/433 445/445/432
f 437/437/425 438/438/426 447/447/434
f 437/437/425 447/447/434 446/446/433
f 438/438/426 439/439/427 448/448/435
f 438/438/426 448/448/435 447/447/434
f 439/439/427 440/440/428 449/449/436
f 439/439/427 449/449/436 448/448/435
f 442/442/216 441/441/429 450/450/437
f 442/442/216 450/450/437 451/451/438
f 441/441/429 443/443/430 452/452/439
f 441/441/429 452/452/439 450/450/437
f 443/443/430 444/444/431 453/453/440
f 443/443/430 453/453/440 452/452/439
f 444/444/431 445/445/432 454/454/441
f 444/444/431 454/454/441 453/453/440
f 445/445/432 446/446/433 455/455/442
f 445/445/432 455/455/442 454/454/441
f 446/446/433 447/447/434 456/456/443
f 446/446/433 456/456/443 455/455/442
f 447/447/434 448/448/435 457/457/444
f 447/447/434 457/457/444 456/456/443
f 448/448/435 449/449/436 458/458/445
f 448/448/435 458/458/445 457/457/444
f 451/451/438 450/450/437 459/459/446
f 451/451/438 459/459/446 460/460/447
f 450/450/437 452/452/439 461/461/448
f 450/450/437 461/461/448 459/459/446
f 452/452/439 453/453/440 462/462/449
f 452/452/439 462/462/449 461/461/448
f 453/453/440 454/454/441 463/463/450
f 453/453/440 463/463/450 462/462/449
f 454/454/441 455/455/442 464/464/451
f 454/454/441 464/464/451 463/463/450
f 455/455/442 456/456/443 465/465/452
f 455/455/442 465/465/452 464/464/451
f 456/456/443 457/457/444 466/466/453
f 456/456/443 466/466/453 465/465/452
f 457/457/444 458/458/445 467/467/454
f 457/457/444 467/467/454 466/466/453
f 460/460/447 459/459/446 468/468/203
f 460/460/447 468/468/203 469/469/455
f 459/459/446 461/461/448 470/470/456
f 459/459/446 470/470/456 468/468/203
f 461/461/448 462/462/449 471/471/457
f 461/461/448 471/471/457 470/470/456
f 462/462/449 463/463/450 472/472/458
f 462/462/449 472/472/458 471/471/457
f 463/463/450 464/464/451 473/473/459
f 463/463/450 473/473/459 472/472/458
f 464/464/451 465/465/452 474/474/460
f 464/464/451 474/474/460 473/473/459
f 465/465/452 466/466/453 475/475/461
f 465/465/452 475/475/461 474/474/460
f 466/466/453 467/467/454 476/476/462
f 466/466/453 476/476/462 475/475/461
f 477/477/463 478/478/464 479/479/465
f 477/477/463 479/479/465 480/480/466
f 481/481/467 482/482/468 483/483/469
f 481/481/467 483/483/469 484/484/470
f 485/485/471 486/486/472 487/487/473
f 485/485/471 487/487/473 488/488/474
f 489/489/475 490/490/476 482/482/468
f 489/489/475 482/482/468 481/481/467
f 491/491/477 492/492/478 486/486/472
f 491/491/477 486/486/472 485/485/471
f 493/493/479 494/494/480 490/490/476
f 493/493/479 490/490/476 489/489/475
f 495/495/481 120/120/117 492/492/478
f 495/495/481 492/492/478 491/491/477
f 496/496/482 497/497/483 494/494/480
f 496/496/482 494/494/480 493/493/479
f 498/498/484 121/121/118 120/120/117
f 498/498/484 120/120/117 495/495/481
f 499/499/485 500/500/486 501/501/483
f 499/499/485 501/501/483 502/502/482
f 503/503/487 504/504/488 121/121/118
f 503/503/487 121/121/118 498/498/484
f 480/480/466 479/479/465 505/505/489
f 480/480/466 505/505/489 506/506/490
f 507/507/491 508/508/492 500/500/486
f 507/507/491 500/500/486 499/499/485
f 509/509/493 510/510/494 504/504/488
f 509/509/493 504/504/488 503/503/487
f 511/511/495 512/512/496 508/508/492
f 511/511/495 508/508/492 507/507/491
f 513/513/497 514/514/498 510/510/494
f 513/513/497 510/510/494 509/509/493
f 515/515/499 516/516/500 512/512/496
f 515/515/499 512/512/496 511/511/495
f 517/517/501 518/518/502 514/514/498
f 517/517/501 514/514/498 513/513/497
f 506/506/490 505/505/489 516/516/500
f 506/506/490 516/516/500 515/515/499
f 519/519/503 520/520/504 518/518/502
f 519/519/503 518/518/502 517/517/501
f 521/521/505 522/522/506 263/263/258
f 521/521/505 263/263/258 262/262/257
f 523/523/507 524/524/508 520/520/504
f 523/523/507 520/520/504 519/519/503
f 525/525/509 526/526/510 522/522/506
f 525/525/509 522/522/506 521/521/505
f 527/527/511 528/528/512 524/524/508
f 527/527/511 524/524/508 523/523/507
f 529/529/513 530/530/514 526/526/510
f 529/529/513 526/526/510 525/525/509
f 531/531/515 532/532/516 528/528/512
f 531/531/515 528/528/512 527/527/511
f 533/533/517 534/534/518 530/530/514
f 533/533/517 530/530/514 529/529/513
f 484/484/470 483/483/469 532/532/516
f 484/484/470 532/532/516 531/531/515
f 488/488/474 487/487/473 534/534/518
f 488/488/474 534/534/518 533/533/517
f 265/265/260 264/264/259 535/535/519
f 265/265/260 535/535/519 536/536/520
f 537/537/521 538/538/522 539/539/523
f 537/537/521 539/539/523 540/540/524
f 494/494/480 497/497/483 541/541/525
f 494/494/480 541/541/525 542/542/526
f 492/492/478 120/120/117 123/123/120
f 492/492/478 123/123/120 543/543/527
f 490/490/476 494/494/480 542/542/526
f 490/490/476 542/542/526 544/544/528
f 486/486/472 492/492/478 543/543/527
f 486/486/472 543/543/527 545/545/529
f 482/482/468 490/490/476 544/544/528
f 482/482/468 544/544/528 546/546/530
f 487/487/473 486/486/472 545/545/529
f 487/487/473 545/545/529 547/547/531
f 483/483/469 482/482/468 546/546/530
f 483/483/469 546/546/530 548/548/532
f 534/534/518 487/487/473 547/547/531
f 534/534/518 547/547/531 549/549/533
f 532/532/516 483/483/469 548/548/532
f 532/532/516 548/548/532 550/550/534
f 530/530/514 534/534/518 549/549/533
f 530/530/514 549/549/533 551/551/535
f 528/528/512 532/532/516 550/550/534
f 528/528/512 550/550/534 552/552/536
f 478/478/464 535/535/519 553/553/537
f 478/478/464 553/553/537 554/554/538
f 526/526/510 530/530/514 551/551/535
f 526/526/510 551/551/535 555/555/539
f 524/524/508 528/528/512 552/552/536
f 524/524/508 552/552/536 556/556/540
f 479/479/465 478/478/464 554/554/538
f 479/479/465 554/554/538 557/557/541
f 522/522/506 526/526/510 555/555/539
f 522/522/506 555/555/539 558/558/542
f 520/520/504 524/524/508 556/556/540
f 520/520/504 556/556/540 559/559/543
f 505/505/489 479/479/465 557/557/541
f 505/505/489 557/557/541 560/560/544
f 263/263/258 522/522/506 558/558/542
f 263/263/258 558/558/542 561/561/545
f 518/518/502 520/520/504 559/559/543
f 518/518/502 559/559/543 562/562/546
f 516/516/500 505/505/489 560/560/544
f 516/516/500 560/560/544 563/563/547
f 264/264/259 263/263/258 561/561/545
f 264/264/259 561/561/545 564/564/548
f 514/514/498 518/518/502 562/562/546
f 514/514/498 562/562/546 565/565/549
f 512/512/496 516/516/500 563/563/547
f 512/512/496 563/563/547 566/566/550
f 535/535/519 264/264/259 564/564/548
f 535/535/519 564/564/548 553/553/537
f 510/510/494 514/514/498 565/565/549
f 510/510/494 565/565/549 567/567/551
f 508/508/492 512/512/496 566/566/550
f 508/508/492 566/566/550 568/568/552
f 504/504/488 510/510/494 567/567/551
f 504/504/488 567/567/551 569/569/553
f 500/500/486 508/508/492 568/568/552
f 500/500/486 568/568/552 570/570/554
f 121/121/118 504/504/488 569/569/553
f 121/121/118 569/569/553 122/122/119
f 501/501/483 500/500/486 570/570/554
f 501/501/483 570/570/554 571/571/525
f 572/572/555 573/573/556 574/574/557
f 572/572/555 574/574/557 575/575/558
f 576/576/559 577/577/560 578/578/561
f 576/576/559 578/578/561 579/579/562
f 580/580/563 581/581/564 582/582/565
f 580/580/563 582/582/565 583/583/566
f 584/584/560 585/585/567 586/586/568
f 584/584/560 586/586/568 587/587/561
f 581/581/564 588/588/569 589/589/570
f 581/581/564 589/589/570 582/582/565
f 585/585/567 590/590/571 591/591/572
f 585/585/567 591/591/572 586/586/568
f 588/588/569 592/592/573 593/593/574
f 588/588/569 593/593/574 589/589/570
f 590/590/571 594/594/575 595/595/576
f 590/590/571 595/595/576 591/591/572
f 596/596/577 597/597/578 598/598/579
f 596/596/577 598/598/579 599/599/580
f 592/592/573 600/600/581 601/601/582
f 592/592/573 601/601/582 593/593/574
f 594/594/575 602/602/583 603/603/584
f 594/594/575 603/603/584 595/595/576
f 597/597/578 604/604/585 605/605/586
f 597/597/578 605/605/586 598/598/579
f 600/600/581 606/606/587 607/607/588
f 600/600/581 607/607/588 601/601/582
f 602/602/583 608/608/589 609/609/590
f 602/602/583 609/609/590 603/603/584
f 604/604/585 610/610/591 611/611/592
f 604/604/585 611/611/592 605/605/586
f 606/606/587 612/612/593 613/613/594
f 606/606/587 613/613/594 607/607/588
f 608/608/589 614/614/595 615/615/596
f 608/608/589 615/615/596 609/609/590
f 610/610/591 616/616/597 617/617/598
f 610/610/591 617/617/598 611/611/592
f 612/612/593 618/618/599 619/619/600
f 612/612/593 619/619/600 613/613/594
f 614/614/595 620/620/601 621/621/602
f 614/614/595 621/621/602 615/615/596
f 616/616/597 622/622/603 623/623/604
f 616/616/597 623/623/604 617/617/598
f 618/618/599 624/624/605 625/625/606
f 618/618/599 625/625/606 619/619/600
f 620/620/601 596/596/577 599/599/580
f 620/620/601 599/599/580 621/621/602
f 622/622/603 626/626/607 627/627/608
f 622/622/603 627/627/608 623/623/604
f 624/624/605 628/628/609 629/629/610
f 624/624/605 629/629/610 625/625/606
f 626/626/607 630/630/611 631/631/612
f 626/626/607 631/631/612 627/627/608
f 628/628/609 632/632/613 633/633/614
f 628/628/609 633/633/614 629/629/610
f 630/630/611 634/634/615 635/635/616
f 630/630/611 635/635/616 631/631/612
f 632/632/613 636/636/617 637/637/618
f 632/632/613 637/637/618 633/633/614
f 634/634/615 638/638/619 639/639/620
f 634/634/615 639/639/620 635/635/616
f 636/636/617 640/640/621 641/641/622
f 636/636/617 641/641/622 637/637/618
f 638/638/619 642/642/623 643/643/624
f 638/638/619 643/643/624 639/639/620
f 644/644/625 645/645/626 646/646/627
f 644/644/625 646/646/627 647/647/628
f 648/648/629 649/649/630 650/650/631
f 648/648/629 650/650/631 651/651/632
f 652/652/633 653/653/634 654/654/635
f 652/652/633 654/654/635 655/655/636
f 656/656/637 644/644/625 647/647/628
f 656/656/637 647/647/628 657/657/638
f 658/658/639 659/659/640 660/660/641
f 658/658/639 660/660/641 661/661/642
f 662/662/643 656/656/637 657/657/638
f 662/662/643 657/657/638 663/663/644
f 664/664/645 658/658/639 661/661/642
f 664/664/645 661/661/642 665/665/646
f 666/666/647 662/662/643 663/663/644
f 666/666/647 663/663/644 667/667/648
f 668/668/649 664/664/645 665/665/646
f 668/668/649 665/665/646 669/669/650
f 659/659/640 648/648/629 651/651/632
f 659/659/640 651/651/632 660/660/641
f 670/670/651 666/666/647 667/667/648
f 670/670/651 667/667/648 671/671/652
f 672/672/653 668/668/649 669/669/650
f 672/672/653 669/669/650 673/673/654
f 674/674/655 670/670/651 671/671/652
f 674/674/655 671/671/652 675/675/656
f 676/676/657 677/677/653 678/678/654
f 676/676/657 678/678/654 679/679/658
f 680/680/659 674/674/655 675/675/656
f 680/680/659 675/675/656 681/681/660
f 682/682/661 676/676/657 679/679/658
f 682/682/661 679/679/658 683/683/662
f 684/684/663 680/680/659 681/681/660
f 684/684/663 681/681/660 685/685/664
f 686/686/665 682/682/661 683/683/662
f 686/686/665 683/683/662 687/687/666
f 688/688/667 684/684/663 685/685/664
f 688/688/667 685/685/664 689/689/668
f 690/690/669 686/686/665 687/687/666
f 690/690/669 687/687/666 691/691/670
f 692/692/671 688/688/667 689/689/668
f 692/692/671 689/689/668 693/693/672
f 694/694/673 690/690/669 691/691/670
f 694/694/673 691/691/670 695/695/674
f 696/696/675 692/692/671 693/693/672
f 696/696/675 693/693/672 697/697/676
f 698/698/677 694/694/673 695/695/674
f 698/698/677 695/695/674 699/699/678
f 700/700/679 696/696/675 697/697/676
f 700/700/679 697/697/676 701/701/680
f 702/702/681 698/698/677 699/699/678
f 702/702/681 699/699/678 703/703/682
f 704/704/683 700/700/679 701/701/680
f 704/704/683 701/701/680 705/705/684
f 645/645/626 702/702/681 703/703/682
f 645/645/626 703/703/682 646/646/627
f 706/706/685 652/652/633 655/655/636
f 706/706/685 655/655/636 707/707/686
f 653/653/634 704/704/683 705/705/684
f 653/653/634 705/705/684 654/654/635
f 708/708/687 576/576/559 579/579/562
f 708/708/687 579/579/562 709/709/688
f 573/573/556 580/580/563 583/583/566
f 573/573/556 583/583/566 574/574/557
f 710/710/689 708/708/687 709/709/688
f 710/710/689 709/709/688 711/711/690
f 712/712/691 572/572/555 575/575/558
f 712/712/691 575/575/558 713/713/692
f 714/714/693 710/710/689 711/711/690
f 714/714/693 711/711/690 715/715/694
f 716/716/695 712/712/691 713/713/692
f 716/716/695 713/713/692 717/717/696
f 718/718/697 719/719/698 720/720/699
f 718/718/697 720/720/699 721/721/700
f 722/722/701 714/714/693 715/715/694
f 722/722/701 715/715/694 723/723/702
f 724/724/703 716/716/695 717/717/696
f 724/724/703 717/717/696 725/725/704
f 726/726/705 727/727/706 728/728/707
f 726/726/705 728/728/707 729/729/708
f 730/730/709 722/722/701 723/723/702
f 730/730/709 723/723/702 731/731/710
f 732/732/711 724/724/703 725/725/704
f 732/732/711 725/725/704 733/733/712
f 734/734/713 735/735/714 736/736/715
f 734/734/713 736/736/715 737/737/716
f 738/738/717 730/730/709 731/731/710
f 738/738/717 731/731/710 739/739/718
f 740/740/719 732/732/711 733/733/712
f 740/740/719 733/733/712 741/741/720
f 742/742/721 734/734/713 737/737/716
f 742/742/721 737/737/716 743/743/722
f 744/744/723 738/738/717 739/739/718
f 744/744/723 739/739/718 745/745/724
f 649/649/630 746/746/725 747/747/726
f 649/649/630 747/747/726 650/650/631
f 748/748/727 742/742/721 743/743/722
f 748/748/727 743/743/722 749/749/728
f 750/750/729 744/744/723 745/745/724
f 750/750/729 745/745/724 751/751/730
f 735/735/714 718/718/697 721/721/700
f 735/735/714 721/721/700 736/736/715
f 752/752/731 748/748/727 749/749/728
f 752/752/731 749/749/728 753/753/732
f 754/754/733 750/750/729 751/751/730
f 754/754/733 751/751/730 755/755/734
f 756/756/735 752/752/731 753/753/732
f 756/756/735 753/753/732 757/757/736
f 758/758/737 754/754/733 755/755/734
f 758/758/737 755/755/734 759/759/738
f 760/760/739 761/761/740 762/762/736
f 760/760/739 762/762/736 763/763/741
f 764/764/742 758/758/737 759/759/738
f 764/764/742 759/759/738 765/765/743
f 766/766/744 760/760/739 763/763/741
f 766/766/744 763/763/741 767/767/745
f 768/768/746 764/764/742 765/765/743
f 768/768/746 765/765/743 769/769/747
f 770/770/748 766/766/744 767/767/745
f 770/770/748 767/767/745 771/771/749
f 642/642/623 768/768/746 769/769/747
f 642/642/623 769/769/747 643/643/624
f 640/640/621 770/770/748 771/771/749
f 640/640/621 771/771/749 641/641/622
f 753/753/732 749/749/728 772/772/750
f 753/753/732 772/772/750 773/773/751
f 774/774/752 775/775/753 776/776/754
f 774/774/752 776/776/754 777/777/755
f 538/538/522 778/778/756 779/779/757
f 538/538/522 779/779/757 539/539/523
f 775/775/753 780/780/758 781/781/759
f 775/775/753 781/781/759 776/776/754
f 778/778/756 782/782/760 783/783/761
f 778/778/756 783/783/761 779/779/757
f 780/780/758 784/784/762 785/785/763
f 780/780/758 785/785/763 781/781/759
f 727/727/706 786/786/764 787/787/765
f 727/727/706 787/787/765 728/728/707
f 782/782/760 788/788/766 789/789/767
f 782/782/760 789/789/767 783/783/761
f 784/784/762 790/790/768 791/791/769
f 784/784/762 791/791/769 785/785/763
f 792/792/770 740/740/719 741/741/720
f 792/792/770 741/741/720 793/793/771
f 788/788/766 794/794/772 795/795/773
f 788/788/766 795/795/773 789/789/767
f 790/790/768 796/796/774 797/797/775
f 790/790/768 797/797/775 791/791/769
f 786/786/764 798/798/776 799/799/777
f 786/786/764 799/799/777 787/787/765
f 794/794/772 800/800/778 801/801/779
f 794/794/772 801/801/779 795/795/773
f 796/796/774 802/802/780 803/803/781
f 796/796/774 803/803/781 797/797/775
f 798/798/776 804/804/782 805/805/783
f 798/798/776 805/805/783 799/799/777
f 800/800/778 806/806/784 807/807/785
f 800/800/778 807/807/785 801/801/779
f 802/802/780 808/808/786 809/809/787
f 802/802/780 809/809/787 803/803/781
f 804/804/782 810/810/788 811/811/789
f 804/804/782 811/811/789 805/805/783
f 806/806/784 726/726/705 729/729/708
f 806/806/784 729/729/708 807/807/785
f 808/808/786 812/812/790 813/813/791
f 808/808/786 813/813/791 809/809/787
f 810/810/788 814/814/792 815/815/793
f 810/810/788 815/815/793 811/811/789
f 812/812/790 816/816/794 817/817/795
f 812/812/790 817/817/795 813/813/791
f 814/814/792 818/818/796 819/819/797
f 814/814/792 819/819/797 815/815/793
f 816/816/794 820/820/798 821/821/799
f 816/816/794 821/821/799 817/817/795
f 818/818/796 822/822/800 823/823/801
f 818/818/796 823/823/801 819/819/797
f 820/820/798 824/824/802 825/825/803
f 820/820/798 825/825/803 821/821/799
f 826/826/800 827/827/804 828/828/805
f 826/826/800 828/828/805 829/829/801
f 824/824/802 830/830/806 831/831/807
f 824/824/802 831/831/807 825/825/803
f 827/827/804 832/832/808 833/833/809
f 827/827/804 833/833/809 828/828/805
f 830/830/806 537/537/521 540/540/524
f 830/830/806 540/540/524 831/831/807
f 832/832/808 774/774/752 777/777/755
f 832/832/808 777/777/755 833/833/809
f 834/834/810 835/835/811 836/836/812
f 834/834/810 836/836/812 837/837/813
f 593/593/574 601/601/582 838/838/814
f 593/593/574 838/838/814 839/839/815
f 757/757/736 753/753/732 773/773/751
f 757/757/736 773/773/751 840/840/816
f 589/589/570 593/593/574 839/839/815
f 589/589/570 839/839/815 841/841/817
f 763/763/741 762/762/736 842/842/816
f 763/763/741 842/842/816 835/835/811
f 582/582/565 589/589/570 841/841/817
f 582/582/565 841/841/817 843/843/818
f 767/767/745 763/763/741 835/835/811
f 767/767/745 835/835/811 834/834/810
f 583/583/566 582/582/565 843/843/818
f 583/583/566 843/843/818 844/844/819
f 771/771/749 767/767/745 834/834/810
f 771/771/749 834/834/810 845/845/820
f 574/574/557 583/583/566 844/844/819
f 574/574/557 844/844/819 846/846/821
f 641/641/622 771/771/749 845/845/820
f 641/641/622 845/845/820 847/847/822
f 575/575/558 574/574/557 846/846/821
f 575/575/558 846/846/821 848/848/823
f 637/637/618 641/641/622 847/847/822
f 637/637/618 847/847/822 849/849/824
f 713/713/692 575/575/558 848/848/823
f 713/713/692 848/848/823 850/850/825
f 633/633/614 637/637/618 849/849/824
f 633/633/614 849/849/824 851/851/826
f 720/720/699 793/793/771 852/852/827
f 720/720/699 852/852/827 853/853/828
f 717/717/696 713/713/692 850/850/825
f 717/717/696 850/850/825 854/854/829
f 629/629/610 633/633/614 851/851/826
f 629/629/610 851/851/826 855/855/830
f 721/721/700 720/720/699 853/853/828
f 721/721/700 853/853/828 856/856/831
f 725/725/704 717/717/696 854/854/829
f 725/725/704 854/854/829 857/857/832
f 625/625/606 629/629/610 855/855/830
f 625/625/606 855/855/830 858/858/833
f 736/736/715 721/721/700 856/856/831
f 736/736/715 856/856/831 859/859/834
f 733/733/712 725/725/704 857/857/832
f 733/733/712 857/857/832 860/860/835
f 619/619/600 625/625/606 858/858/833
f 619/619/600 858/858/833 861/861/836
f 737/737/716 736/736/715 859/859/834
f 737/737/716 859/859/834 862/862/837
f 741/741/720 733/733/712 860/860/835
f 741/741/720 860/860/835 863/863/838
f 613/613/594 619/619/600 861/861/836
f 613/613/594 861/861/836 864/864/839
f 743/743/722 737/737/716 862/862/837
f 743/743/722 862/862/837 865/865/840
f 793/793/771 741/741/720 863/863/838
f 793/793/771 863/863/838 852/852/827
f 607/607/588 613/613/594 864/864/839
f 607/607/588 864/864/839 866/866/841
f 749/749/728 743/743/722 865/865/840
f 749/749/728 865/865/840 772/772/750
f 601/601/582 607/607/588 866/866/841
f 601/601/582 866/866/841 838/838/814
f 867/867/842 868/868/843 869/869/844
f 867/867/842 869/869/844 870/870/845
f 844/844/819 843/843/818 871/871/846
f 844/844/819 871/871/846 872/872/847
f 845/845/820 834/834/810 837/837/813
f 845/845/820 837/837/813 873/873/848
f 846/846/821 844/844/819 872/872/847
f 846/846/821 872/872/847 874/874/849
f 847/847/822 845/845/820 873/873/848
f 847/847/822 873/873/848 875/875/850
f 848/848/823 846/846/821 874/874/849
f 848/848/823 874/874/849 876/876/851
f 849/849/824 847/847/822 875/875/850
f 849/849/824 875/875/850 877/877/852
f 850/850/825 848/848/823 876/876/851
f 850/850/825 876/876/851 878/878/853
f 851/851/826 849/849/824 877/877/852
f 851/851/826 877/877/852 879/879/854
f 853/853/828 852/852/827 880/880/855
f 853/853/828 880/880/855 881/881/856
f 854/854/829 850/850/825 878/878/853
f 854/854/829 878/878/853 882/882/857
f 855/855/830 851/851/826 879/879/854
f 855/855/830 879/879/854 883/883/858
f 856/856/831 853/853/828 881/881/856
f 856/856/831 881/881/856 884/884/859
f 857/857/832 854/854/829 882/882/857
f 857/857/832 882/882/857 885/885/860
f 858/858/833 855/855/830 883/883/858
f 858/858/833 883/883/858 886/886/861
f 859/859/834 856/856/831 884/884/859
f 859/859/834 884/884/859 887/887/862
f 860/860/835 857/857/832 885/885/860
f 860/860/835 885/885/860 888/888/863
f 861/861/836 858/858/833 886/886/861
f 861/861/836 886/886/861 889/889/864
f 862/862/837 859/859/834 887/887/862
f 862/862/837 887/887/862 890/890/865
f 863/863/838 860/860/835 888/888/863
f 863/863/838 888/888/863 891/891/866
f 864/864/839 861/861/836 889/889/864
f 864/864/839 889/889/864 892/892/867
f 865/865/840 862/862/837 890/890/865
f 865/865/840 890/890/865 893/893/868
f 852/852/827 863/863/838 891/891/866
f 852/852/827 891/891/866 880/880/855
f 866/866/841 864/864/839 892/892/867
f 866/866/841 892/892/867 894/894/869
f 772/772/750 865/865/840 893/893/868
f 772/772/750 893/893/868 895/895/870
f 838/838/814 866/866/841 894/894/869
f 838/838/814 894/894/869 896/896/871
f 773/773/751 772/772/750 895/895/870
f 773/773/751 895/895/870 897/897/872
f 839/839/815 838/838/814 896/896/871
f 839/839/815 896/896/871 898/898/873
f 840/840/816 773/773/751 897/897/872
f 840/840/816 897/897/872 899/899/874
f 841/841/817 839/839/815 898/898/873
f 841/841/817 898/898/873 900/900/875
f 835/835/811 842/842/816 901/901/876
f 835/835/811 901/901/876 836/836/812
f 843/843/818 841/841/817 900/900/875
f 843/843/818 900/900/875 871/871/846
f 902/902/877 903/903/878 881/881/856
f 902/902/877 881/881/856 880/880/855
f 903/903/878 904/904/879 884/884/859
f 903/903/878 884/884/859 881/881/856
f 904/904/879 905/905/880 887/887/862
f 904/904/879 887/887/862 884/884/859
f 905/905/880 906/906/881 890/890/865
f 905/905/880 890/890/865 887/887/862
f 906/906/881 907/907/882 893/893/868
f 906/906/881 893/893/868 890/890/865
f 907/907/882 908/908/883 895/895/870
f 907/907/882 895/895/870 893/893/868
f 908/908/883 909/909/884 897/897/872
f 908/908/883 897/897/872 895/895/870
f 909/909/884 910/910/885 899/899/874
f 909/909/884 899/899/874 897/897/872
f 911/911/885 912/912/886 836/836/812
f 911/911/885 836/836/812 901/901/876
f 912/912/886 913/913/887 837/837/813
f 912/912/886 837/837/813 836/836/812
f 913/913/887 914/914/888 873/873/848
f 913/913/887 873/873/848 837/837/813
f 914/914/888 915/915/889 875/875/850
f 914/914/888 875/875/850 873/873/848
f 915/915/889 916/916/890 877/877/852
f 915/915/889 877/877/852 875/875/850
f 916/916/890 917/917/891 879/879/854
f 916/916/890 879/879/854 877/877/852
f 917/917/891 918/918/892 883/883/858
f 917/917/891 883/883/858 879/879/854
f 918/918/892 919/919/893 886/886/861
f 918/918/892 886/886/861 883/883/858
f 919/919/893 920/920/894 889/889/864
f 919/919/893 889/889/864 886/886/861
f 920/920/894 921/921/895 892/892/867
f 920/920/894 892/892/867 889/889/864
f 921/921/895 922/922/896 894/894/869
f 921/921/895 894/894/869 892/892/867
f 922/922/896 923/923/897 896/896/871
f 922/922/896 896/896/871 894/894/869
f 923/923/897 924/924/898 898/898/873
f 923/923/897 898/898/873 896/896/871
f 924/924/898 925/925/899 900/900/875
f 924/924/898 900/900/875 898/898/873
f 925/925/899 926/926/900 871/871/846
f 925/925/899 871/871/846 900/900/875
f 926/926/900 927/927/843 872/872/847
f 926/926/900 872/872/847 871/871/846
f 927/927/843 928/928/842 874/874/849
f 927/927/843 874/874/849 872/872/847
f 928/928/842 929/929/901 876/876/851
f 928/928/842 876/876/851 874/874/849
f 929/929/901 930/930/902 878/878/853
f 929/929/901 878/878/853 876/876/851
f 930/930/902 931/931/903 882/882/857
f 930/930/902 882/882/857 878/878/853
f 931/931/903 932/932/904 885/885/860
f 931/931/903 885/885/860 882/882/857
f 932/932/904 933/933/905 888/888/863
f 932/932/904 888/888/863 885/885/860
f 933/933/905 934/934/906 891/891/866
f 933/933/905 891/891/866 888/888/863
f 934/934/906 902/902/877 880/880/855
f 934/934/906 880/880/855 891/891/866
f 935/935/907 936/936/878 937/937/908
f 935/935/907 937/937/908 938/938/909
f 939/939/910 940/940/888 941/941/911
f 939/939/910 941/941/911 942/942/912
f 943/943/913 867/867/842 870/870/845
f 943/943/913 870/870/845 944/944/914
f 945/945/890 939/939/910 942/942/912
f 945/945/890 942/942/912 946/946/915
f 947/947/902 943/943/913 944/944/914
f 947/947/902 944/944/914 948/948/916
f 949/949/917 945/945/890 946/946/915
f 949/949/917 946/946/915 950/950/918
f 951/951/919 947/947/902 948/948/916
f 951/951/919 948/948/916 952/952/920
f 953/953/921 949/949/917 950/950/918
f 953/953/921 950/950/918 954/954/922
f 955/955/904 951/951/919 952/952/920
f 955/955/904 952/952/920 956/956/923
f 957/957/893 953/953/921 954/954/922
f 957/957/893 954/954/922 958/958/924
f 959/959/877 960/960/906 961/961/925
f 959/959/877 961/961/925 962/962/926
f 963/963/905 955/955/904 956/956/923
f 963/963/905 956/956/923 964/964/927
f 965/965/894 957/957/893 958/958/924
f 965/965/894 958/958/924 966/966/928
f 967/967/881 968/968/929 969/969/930
f 967/967/881 969/969/930 970/970/931
f 960/960/906 963/963/905 964/964/927
f 960/960/906 964/964/927 961/961/925
f 971/971/895 965/965/894 966/966/928
f 971/971/895 966/966/928 972/972/932
f 973/973/882 967/967/881 970/970/931
f 973/973/882 970/970/931 974/974/933
f 975/975/934 971/971/895 972/972/932
f 975/975/934 972/972/932 976/976/935
f 977/977/936 973/973/882 974/974/933
f 977/977/936 974/974/933 978/978/937
f 968/968/929 935/935/907 938/938/909
f 968/968/929 938/938/909 969/969/930
f 979/979/897 975/975/934 976/976/935
f 979/979/897 976/976/935 980/980/938
f 981/981/884 977/977/936 978/978/937
f 981/981/884 978/978/937 982/982/939
f 983/983/898 979/979/897 980/980/938
f 983/983/898 980/980/938 984/984/940
f 985/985/885 981/981/884 982/982/939
f 985/985/885 982/982/939 986/986/941
f 987/987/942 983/983/898 984/984/940
f 987/987/942 984/984/940 988/988/943
f 989/989/886 985/985/885 986/986/941
f 989/989/886 986/986/941 990/990/944
f 991/991/900 987/987/942 988/988/943
f 991/991/900 988/988/943 992/992/945
f 993/993/887 989/989/886 990/990/944
f 993/993/887 990/990/944 994/994/946
f 868/868/843 991/991/900 992/992/945
f 868/868/843 992/992/945 869/869/844
f 940/940/888 993/993/887 994/994/946
f 940/940/888 994/994/946 941/941/911
f 937/937/908 962/962/926 995/995/947
f 937/937/908 995/995/947 996/996/948
f 938/938/909 937/937/908 996/996/948
f 938/938/909 996/996/948 997/997/949
f 969/969/930 938/938/909 997/997/949
f 969/969/930 997/997/949 998/998/950
f 970/970/931 969/969/930 998/998/950
f 970/970/931 998/998/950 999/999/951
f 974/974/933 970/970/931 999/999/951
f 974/974/933 999/999/951 1000/1000/952
f 978/978/937 974/974/933 1000/1000/952
f 978/978/937 1000/1000/952 1001/1001/953
f 982/982/939 978/978/937 1001/1001/953
f 982/982/939 1001/1001/953 1002/1002/954
f 986/986/941 982/982/939 1002/1002/954
f 986/986/941 1002/1002/954 1003/1003/955
f 990/990/944 986/986/941 1003/1003/955
f 990/990/944 1003/1003/955 1004/1004/956
f 994/994/946 990/990/944 1004/1004/956
f 994/994/946 1004/1004/956 1005/1005/957
f 941/941/911 994/994/946 1005/1005/957
f 941/941/911 1005/1005/957 1006/1006/958
f 942/942/912 941/941/911 1006/1006/958
f 942/942/912 1006/1006/958 1007/1007/959
f 946/946/915 942/942/912 1007/1007/959
f 946/946/915 1007/1007/959 1008/1008/960
f 950/950/918 946/946/915 1008/1008/960
f 950/950/918 1008/1008/960 1009/1009/961
f 954/954/922 950/950/918 1009/1009/961
f 954/954/922 1009/1009/961 1010/1010/962
f 958/958/924 954/954/922 1010/1010/962
f 958/958/924 1010/1010/962 1011/1011/963
f 966/966/928 958/958/924 1011/1011/963
f 966/966/928 1011/1011/963 1012/1012/964
f 972/972/932 966/966/928 1012/1012/964
f 972/972/932 1012/1012/964 1013/1013/965
f 976/976/935 972/972/932 1013/1013/965
f 976/976/935 1013/1013/965 1014/1014/966
f 980/980/938 976/976/935 1014/1014/966
f 980/980/938 1014/1014/966 1015/1015/967
f 984/984/940 980/980/938 1015/1015/967
f 984/984/940 1015/1015/967 1016/1016/968
f 988/988/943 984/984/940 1016/1016/968
f 988/988/943 1016/1016/968 1017/1017/969
f 992/992/945 988/988/943 1017/1017/969
f 992/992/945 1017/1017/969 1018/1018/970
f 869/869/844 992/992/945 1018/1018/970
f 869/869/844 1018/1018/970 1019/1019/971
f 870/870/845 869/869/844 1019/1019/971
f 870/870/845 1019/1019/971 1020/1020/972
f 944/944/914 870/870/845 1020/1020/972
f 944/944/914 1020/1020/972 1021/1021/973
f 948/948/916 944/944/914 1021/1021/973
f 948/948/916 1021/1021/973 1022/1022/974
f 952/952/920 948/948/916 1022/1022/974
f 952/952/920 1022/1022/974 1023/1023/975
f 956/956/923 952/952/920 1023/1023/975
f 956/956/923 1023/1023/975 1024/1024/976
f 964/964/927 956/956/923 1024/1024/976
f 964/964/927 1024/1024/976 1025/1025/977
f 961/961/925 964/964/927 1025/1025/977
f 961/961/925 1025/1025/977 1026/1026/978
f 962/962/926 961/961/925 1026/1026/978
f 962/962/926 1026/1026/978 995/995/947
f 936/936/878 959/959/877 962/962/926
f 936/936/878 962/962/926 937/937/908
f 727/727/706 726/726/705 792/792/770
f 727/727/706 792/792/770 719/719/698
f 786/786/764 727/727/706 719/719/698
f 786/786/764 719/719/698 718/718/697
f 798/798/776 786/786/764 718/718/697
f 798/798/776 718/718/697 735/735/714
f 804/804/782 798/798/776 735/735/714
f 804/804/782 735/735/714 734/734/713
f 810/810/788 804/804/782 734/734/713
f 810/810/788 734/734/713 742/742/721
f 814/814/792 810/810/788 742/742/721
f 814/814/792 742/742/721 748/748/727
f 818/818/796 814/814/792 748/748/727
f 818/818/796 748/748/727 752/752/731
f 822/822/800 818/818/796 752/752/731
f 822/822/800 752/752/731 756/756/735
f 827/827/804 826/826/800 761/761/740
f 827/827/804 761/761/740 760/760/739
f 832/832/808 827/827/804 760/760/739
f 832/832/808 760/760/739 766/766/744
f 774/774/752 832/832/808 766/766/744
f 774/774/752 766/766/744 770/770/748
f 775/775/753 774/774/752 770/770/748
f 775/775/753 770/770/748 640/640/621
f 780/780/758 775/775/753 640/640/621
f 780/780/758 640/640/621 636/636/617
f 784/784/762 780/780/758 636/636/617
f 784/784/762 636/636/617 632/632/613
f 790/790/768 784/784/762 632/632/613
f 790/790/768 632/632/613 628/628/609
f 796/796/774 790/790/768 628/628/609
f 796/796/774 628/628/609 624/624/605
f 802/802/780 796/796/774 624/624/605
f 802/802/780 624/624/605 618/618/599
f 808/808/786 802/802/780 618/618/599
f 808/808/786 618/618/599 612/612/593
f 812/812/790 808/808/786 612/612/593
f 812/812/790 612/612/593 606/606/587
f 816/816/794 812/812/790 606/606/587
f 816/816/794 606/606/587 600/600/581
f 820/820/798 816/816/794 600/600/581
f 820/820/798 600/600/581 592/592/573
f 824/824/802 820/820/798 592/592/573
f 824/824/802 592/592/573 588/588/569
f 830/830/806 824/824/802 588/588/569
f 830/830/806 588/588/569 581/581/564
f 537/537/521 830/830/806 581/581/564
f 537/537/521 581/581/564 580/580/563
f 538/538/522 537/537/521 580/580/563
f 538/538/522 580/580/563 573/573/556
f 778/778/756 538/538/522 573/573/556
f 778/778/756 573/573/556 572/572/555
f 782/782/760 778/778/756 572/572/555
f 782/782/760 572/572/555 712/712/691
f 788/788/766 782/782/760 712/712/691
f 788/788/766 712/712/691 716/716/695
f 794/794/772 788/788/766 716/716/695
f 794/794/772 716/716/695 724/724/703
f 800/800/778 794/794/772 724/724/703
f 800/800/778 724/724/703 732/732/711
f 806/806/784 800/800/778 732/732/711
f 806/806/784 732/732/711 740/740/719
f 726/726/705 806/806/784 740/740/719
f 726/726/705 740/740/719 792/792/770
f 621/621/602 599/599/580 729/729/708
f 621/621/602 729/729/708 728/728/707
f 615/615/596 621/621/602 728/728/707
f 615/615/596 728/728/707 787/787/765
f 609/609/590 615/615/596 787/787/765
f 609/609/590 787/787/765 799/799/777
f 603/603/584 609/609/590 799/799/777
f 603/603/584 799/799/777 805/805/783
f 595/595/576 603/603/584 805/805/783
f 595/595/576 805/805/783 811/811/789
f 591/591/572 595/595/576 811/811/789
f 591/591/572 811/811/789 815/815/793
f 586/586/568 591/591/572 815/815/793
f 586/586/568 815/815/793 819/819/797
f 587/587/561 586/586/568 819/819/797
f 587/587/561 819/819/797 823/823/801
f 579/579/562 578/578/561 829/829/801
f 579/579/562 829/829/801 828/828/805
f 709/709/688 579/579/562 828/828/805
f 709/709/688 828/828/805 833/833/809
f 711/711/690 709/709/688 833/833/809
f 711/711/690 833/833/809 777/777/755
f 715/715/694 711/711/690 777/777/755
f 715/715/694 777/777/755 776/776/754
f 723/723/702 715/715/694 776/776/754
f 723/723/702 776/776/754 781/781/759
f 731/731/710 723/723/702 781/781/759
f 731/731/710 781/781/759 785/785/763
f 739/739/718 731/731/710 785/785/763
f 739/739/718 785/785/763 791/791/769
f 745/745/724 739/739/718 791/791/769
f 745/745/724 791/791/769 797/797/775
f 751/751/730 745/745/724 797/797/775
f 751/751/730 797/797/775 803/803/781
f 755/755/734 751/751/730 803/803/781
f 755/755/734 803/803/781 809/809/787
f 759/759/738 755/755/734 809/809/787
f 759/759/738 809/809/787 813/813/791
f 765/765/743 759/759/738 813/813/791
f 765/765/743 813/813/791 817/817/795
f 769/769/747 765/765/743 817/817/795
f 769/769/747 817/817/795 821/821/799
f 643/643/624 769/769/747 821/821/799
f 643/643/624 821/821/799 825/825/803
f 639/639/620 643/643/624 825/825/803
f 639/639/620 825/825/803 831/831/807
f 635/635/616 639/639/620 831/831/807
f 635/635/616 831/831/807 540/540/524
f 631/631/612 635/635/616 540/540/524
f 631/631/612 540/540/524 539/539/523
f 627/627/608 631/631/612 539/539/523
f 627/627/608 539/539/523 779/779/757
f 623/623/604 627/627/608 779/779/757
f 623/623/604 779/779/757 783/783/761
f 617/617/598 623/623/604 783/783/761
f 617/617/598 783/783/761 789/789/767
f 611/611/592 617/617/598 789/789/767
f 611/611/592 789/789/767 795/795/773
f 605/605/586 611/611/592 795/795/773
f 605/605/586 795/795/773 801/801/779
f 598/598/579 605/605/586 801/801/779
f 598/598/579 801/801/779 807/807/785
f 599/599/580 598/598/579 807/807/785
f 599/599/580 807/807/785 729/729/708
f 719/719/698 792/792/770 793/793/771
f 719/719/698 793/793/771 720/720/699
f 747/747/726 707/707/686 1027/1027/979
f 747/747/726 1027/1027/979 1028/1028/980
f 1028/1028/980 1027/1027/979 596/596/577
f 1028/1028/980 596/596/577 620/620/601
f 650/650/631 747/747/726 1028/1028/980
f 650/650/631 1028/1028/980 1029/1029/981
f 1029/1029/981 1028/1028/980 620/620/601
f 1029/1029/981 620/620/601 614/614/595
f 651/651/632 650/650/631 1029/1029/981
f 651/651/632 1029/1029/981 1030/1030/982
f 1030/1030/982 1029/1029/981 614/614/595
f 1030/1030/982 614/614/595 608/608/589
f 660/660/641 651/651/632 1030/1030/982
f 660/660/641 1030/1030/982 1031/1031/983
f 1031/1031/983 1030/1030/982 608/608/589
f 1031/1031/983 608/608/589 602/602/583
f 661/661/642 660/660/641 1031/1031/983
f 661/661/642 1031/1031/983 1032/1032/984
f 1032/1032/984 1031/1031/983 602/602/583
f 1032/1032/984 602/602/583 594/594/575
f 665/665/646 661/661/642 1032/1032/984
f 665/665/646 1032/1032/984 1033/1033/985
f 1033/1033/985 1032/1032/984 594/594/575
f 1033/1033/985 594/594/575 590/590/571
f 669/669/650 665/665/646 1033/1033/985
f 669/669/650 1033/1033/985 1034/1034/986
f 1034/1034/986 1033/1033/985 590/590/571
f 1034/1034/986 590/590/571 585/585/567
f 673/673/654 669/669/650 1034/1034/986
f 673/673/654 1034/1034/986 1035/1035/987
f 1035/1035/987 1034/1034/986 585/585/567
f 1035/1035/987 585/585/567 584/584/560
f 679/679/658 678/678/654 1036/1036/987
f 679/679/658 1036/1036/987 1037/1037/988
f 1037/1037/988 1036/1036/987 577/577/560
f 1037/1037/988 577/577/560 576/576/559
f 683/683/662 679/679/658 1037/1037/988
f 683/683/662 1037/1037/988 1038/1038/989
f 1038/1038/989 1037/1037/988 576/576/559
f 1038/1038/989 576/576/559 708/708/687
f 687/687/666 683/683/662 1038/1038/989
f 687/687/666 1038/1038/989 1039/1039/990
f 1039/1039/990 1038/1038/989 708/708/687
f 1039/1039/990 708/708/687 710/710/689
f 691/691/670 687/687/666 1039/1039/990
f 691/691/670 1039/1039/990 1040/1040/991
f 1040/1040/991 1039/1039/990 710/710/689
f 1040/1040/991 710/710/689 714/714/693
f 695/695/674 691/691/670 1040/1040/991
f 695/695/674 1040/1040/991 1041/1041/992
f 1041/1041/992 1040/1040/991 714/714/693
f 1041/1041/992 714/714/693 722/722/701
f 699/699/678 695/695/674 1041/1041/992
f 699/699/678 1041/1041/992 1042/1042/993
f 1042/1042/993 1041/1041/992 722/722/701
f 1042/1042/993 722/722/701 730/730/709
f 703/703/682 699/699/678 1042/1042/993
f 703/703/682 1042/1042/993 1043/1043/994
f 1043/1043/994 1042/1042/993 730/730/709
f 1043/1043/994 730/730/709 738/738/717
f 646/646/627 703/703/682 1043/1043/994
f 646/646/627 1043/1043/994 1044/1044/995
f 1044/1044/995 1043/1043/994 738/738/717
f 1044/1044/995 738/738/717 744/744/723
f 647/647/628 646/646/627 1044/1044/995
f 647/647/628 1044/1044/995 1045/1045/996
f 1045/1045/996 1044/1044/995 744/744/723
f 1045/1045/996 744/744/723 750/750/729
f 657/657/638 647/647/628 1045/1045/996
f 657/657/638 1045/1045/996 1046/1046/997
f 1046/1046/997 1045/1045/996 750/750/729
f 1046/1046/997 750/750/729 754/754/733
f 663/663/644 657/657/638 1046/1046/997
f 663/663/644 1046/1046/997 1047/1047/998
f 1047/1047/998 1046/1046/997 754/754/733
f 1047/1047/998 754/754/733 758/758/737
f 667/667/648 663/663/644 1047/1047/998
f 667/667/648 1047/1047/998 1048/1048/999
f 1048/1048/999 1047/1047/998 758/758/737
f 1048/1048/999 758/758/737 764/764/742
f 671/671/652 667/667/648 1048/1048/999
f 671/671/652 1048/1048/999 1049/1049/1000
f 1049/1049/1000 1048/1048/999 764/764/742
f 1049/1049/1000 764/764/742 768/768/746
f 675/675/656 671/671/652 1049/1049/1000
f 675/675/656 1049/1049/1000 1050/1050/1001
f 1050/1050/1001 1049/1049/1000 768/768/746
f 1050/1050/1001 768/768/746 642/642/623
f 681/681/660 675/675/656 1050/1050/1001
f 681/681/660 1050/1050/1001 1051/1051/1002
f 1051/1051/1002 1050/1050/1001 642/642/623
f 1051/1051/1002 642/642/623 638/638/619
f 685/685/664 681/681/660 1051/1051/1002
f 685/685/664 1051/1051/1002 1052/1052/1003
f 1052/1052/1003 1051/1051/1002 638/638/619
f 1052/1052/1003 638/638/619 634/634/615
f 689/689/668 685/685/664 1052/1052/1003
f 689/689/668 1052/1052/1003 1053/1053/1004
f 1053/1053/1004 1052/1052/1003 634/634/615
f 1053/1053/1004 634/634/615 630/630/611
f 693/693/672 689/689/668 1053/1053/1004
f 693/693/672 1053/1053/1004 1054/1054/1005
f 1054/1054/1005 1053/1053/1004 630/630/611
f 1054/1054/1005 630/630/611 626/626/607
f 697/697/676 693/693/672 1054/1054/1005
f 697/697/676 1054/1054/1005 1055/1055/1006
f 1055/1055/1006 1054/1054/1005 626/626/607
f 1055/1055/1006 626/626/607 622/622/603
f 701/701/680 697/697/676 1055/1055/1006
f 701/701/680 1055/1055/1006 1056/1056/1007
f 1056/1056/1007 1055/1055/1006 622/622/603
f 1056/1056/1007 622/622/603 616/616/597
f 705/705/684 701/701/680 1056/1056/1007
f 705/705/684 1056/1056/1007 1057/1057/1008
f 1057/1057/1008 1056/1056/1007 616/616/597
f 1057/1057/1008 616/616/597 610/610/591
f 654/654/635 705/705/684 1057/1057/1008
f 654/654/635 1057/1057/1008 1058/1058/1009
f 1058/1058/1009 1057/1057/1008 610/610/591
f 1058/1058/1009 610/610/591 604/604/585
f 655/655/636 654/654/635 1058/1058/1009
f 655/655/636 1058/1058/1009 1059/1059/1010
f 1059/1059/1010 1058/1058/1009 604/604/585
f 1059/1059/1010 604/604/585 597/597/578
f 707/707/686 655/655/636 1059/1059/1010
f 707/707/686 1059/1059/1010 1027/1027/979
f 1027/1027/979 1059/1059/1010 597/597/578
f 1027/1027/979 597/597/578 596/596/577
f 746/746/725 706/706/685 707/707/686
f 746/746/725 707/707/686 747/747/726
f 477/477/463 480/480/466 1060/1060/1011
f 477/477/463 1060/1060/1011 1061/1061/1012
f 481/481/467 484/484/470 1062/1062/1013
f 481/481/467 1062/1062/1013 1063/1063/1014
f 485/485/471 488/488/474 1064/1064/1015
f 485/485/471 1064/1064/1015 1065/1065/1016
f 489/489/475 481/481/467 1063/1063/1014
f 489/489/475 1063/1063/1014 1066/1066/1017
f 491/491/477 485/485/471 1065/1065/1016
f 491/491/477 1065/1065/1016 1067/1067/1018
f 493/493/479 489/489/475 1066/1066/1017
f 493/493/479 1066/1066/1017 1068/1068/1019
f 495/495/481 491/491/477 1067/1067/1018
f 495/495/481 1067/1067/1018 1069/1069/1020
f 496/496/482 493/493/479 1068/1068/1019
f 496/496/482 1068/1068/1019 1070/1070/1021
f 498/498/484 495/495/481 1069/1069/1020
f 498/498/484 1069/1069/1020 1071/1071/1022
f 499/499/485 502/502/482 1072/1072/1021
f 499/499/485 1072/1072/1021 1073/1073/1023
f 503/503/487 498/498/484 1071/1071/1022
f 503/503/487 1071/1071/1022 1074/1074/1024
f 480/480/466 506/506/490 1075/1075/1025
f 480/480/466 1075/1075/1025 1060/1060/1011
f 507/507/491 499/499/485 1073/1073/1023
f 507/507/491 1073/1073/1023 1076/1076/1026
f 509/509/493 503/503/487 1074/1074/1024
f 509/509/493 1074/1074/1024 1077/1077/1027
f 511/511/495 507/507/491 1076/1076/1026
f 511/511/495 1076/1076/1026 1078/1078/1028
f 513/513/497 509/509/493 1077/1077/1027
f 513/513/497 1077/1077/1027 1079/1079/1029
f 515/515/499 511/511/495 1078/1078/1028
f 515/515/499 1078/1078/1028 1080/1080/1030
f 517/517/501 513/513/497 1079/1079/1029
f 517/517/501 1079/1079/1029 1081/1081/1031
f 262/262/257 265/265/260 1082/1082/1032
f 262/262/257 1082/1082/1032 1083/1083/1033
f 506/506/490 515/515/499 1080/1080/1030
f 506/506/490 1080/1080/1030 1075/1075/1025
f 519/519/503 517/517/501 1081/1081/1031
f 519/519/503 1081/1081/1031 1084/1084/1034
f 521/521/505 262/262/257 1083/1083/1033
f 521/521/505 1083/1083/1033 1085/1085/1035
f 523/523/507 519/519/503 1084/1084/1034
f 523/523/507 1084/1084/1034 1086/1086/1036
f 525/525/509 521/521/505 1085/1085/1035
f 525/525/509 1085/1085/1035 1087/1087/1037
f 527/527/511 523/523/507 1086/1086/1036
f 527/527/511 1086/1086/1036 1088/1088/1038
f 529/529/513 525/525/509 1087/1087/1037
f 529/529/513 1087/1087/1037 1089/1089/1039
f 531/531/515 527/527/511 1088/1088/1038
f 531/531/515 1088/1088/1038 1090/1090/1040
f 533/533/517 529/529/513 1089/1089/1039
f 533/533/517 1089/1089/1039 1091/1091/1041
f 484/484/470 531/531/515 1090/1090/1040
f 484/484/470 1090/1090/1040 1062/1062/1013
f 488/488/474 533/533/517 1091/1091/1041
f 488/488/474 1091/1091/1041 1064/1064/1015
f 536/536/520 477/477/463 1061/1061/1012
f 536/536/520 1061/1061/1012 1092/1092/1042
f 265/265/260 536/536/520 1092/1092/1042
f 265/265/260 1092/1092/1042 1082/1082/1032
f 536/536/520 535/535/519 478/478/464
f 536/536/520 478/478/464 477/477/463
f 1093/1093/1043 1094/1094/1044 1095/1095/1045
f 1093/1093/1043 1095/1095/1045 1096/1096/1046
f 1097/1097/1047 1098/1098/1048 1099/1099/1049
f 1097/1097/1047 1099/1099/1049 1100/1100/1050
f 1101/1101/1051 1102/1102/1052 1103/1103/1053
f 1101/1101/1051 1103/1103/1053 1104/1104/1054
f 1105/1105/1055 1106/1106/1056 1107/1107/1057
f 1105/1105/1055 1107/1107/1057 1108/1108/1058
f 1109/1109/1059 1110/1110/1060 1111/1111/1061
f 1109/1109/1059 1111/1111/1061 1112/1112/1062
f 1110/1110/1060 1113/1113/1063 1114/1114/1064
f 1110/1110/1060 1114/1114/1064 1111/1111/1061
f 1115/1115/1065 1105/1105/1055 1108/1108/1058
f 1115/1115/1065 1108/1108/1058 1116/1116/1066
f 1113/1113/1063 1117/1117/1067 1118/1118/1068
f 1113/1113/1063 1118/1118/1068 1114/1114/1064
f 1119/1119/1069 1115/1115/1065 1116/1116/1066
f 1119/1119/1069 1116/1116/1066 1120/1120/1070
f 1117/1117/1067 1121/1121/1071 1122/1122/1072
f 1117/1117/1067 1122/1122/1072 1118/1118/1068
f 1123/1123/1073 1119/1119/1069 1120/1120/1070
f 1123/1123/1073 1120/1120/1070 1124/1124/1074
f 1125/1125/1075 1126/1126/1076 1127/1127/1077
f 1125/1125/1075 1127/1127/1077 1128/1128/1078
f 1121/1121/1071 1125/1125/1075 1128/1128/1078
f 1121/1121/1071 1128/1128/1078 1122/1122/1072
f 1126/1126/1076 1123/1123/1073 1124/1124/1074
f 1126/1126/1076 1124/1124/1074 1127/1127/1077
f 1093/1093/1043 1096/1096/1046 1106/1106/1056
f 1093/1093/1043 1106/1106/1056 1105/1105/1055
f 1129/1129/1079 1097/1097/1047 1110/1110/1060
f 1129/1129/1079 1110/1110/1060 1109/1109/1059
f 1097/1097/1047 1100/1100/1050 1113/1113/1063
f 1097/1097/1047 1113/1113/1063 1110/1110/1060
f 1130/1130/1080 1093/1093/1043 1105/1105/1055
f 1130/1130/1080 1105/1105/1055 1115/1115/1065
f 1100/1100/1050 1131/1131/1081 1117/1117/1067
f 1100/1100/1050 1117/1117/1067 1113/1113/1063
f 1132/1132/1082 1130/1130/1080 1115/1115/1065
f 1132/1132/1082 1115/1115/1065 1119/1119/1069
f 1131/1131/1081 1133/1133/1083 1121/1121/1071
f 1131/1131/1081 1121/1121/1071 1117/1117/1067
f 1104/1104/1054 1132/1132/1082 1119/1119/1069
f 1104/1104/1054 1119/1119/1069 1123/1123/1073
f 1134/1134/1084 1101/1101/1051 1126/1126/1076
f 1134/1134/1084 1126/1126/1076 1125/1125/1075
f 1133/1133/1083 1134/1134/1084 1125/1125/1075
f 1133/1133/1083 1125/1125/1075 1121/1121/1071
f 1101/1101/1051 1104/1104/1054 1123/1123/1073
f 1101/1101/1051 1123/1123/1073 1126/1126/1076
f 1135/1135/1085 1136/1136/1086 1137/1137/1087
f 1135/1135/1085 1137/1137/1087 1138/1138/1088
f 1139/1139/1089 1094/1094/1044 1093/1093/1043
f 1139/1139/1089 1093/1093/1043 1130/1130/1080
f 4/4/4 2/2/2 1140/1140/1090
f 4/4/4 1140/1140/1090 1141/1141/1091
f 1100/1100/1050 1099/1099/1049 1142/1142/1092
f 1100/1100/1050 1142/1142/1092 1131/1131/1081
f 2/2/2 1/1/1 1143/1143/1093
f 2/2/2 1143/1143/1093 1140/1140/1090
f 1136/1136/1086 1135/1135/1085 1144/1144/1094
f 1136/1136/1086 1144/1144/1094 1145/1145/1095
f 1131/1131/1081 1142/1142/1092 1146/1146/1096
f 1131/1131/1081 1146/1146/1096 1133/1133/1083
f 2/2/2 5/5/5 1147/1147/1097
f 2/2/2 1147/1147/1097 3/3/3
f 1146/1146/1096 1142/1142/1092 1148/1148/1098
f 1146/1146/1096 1148/1148/1098 8/8/8
f 1103/1103/1053 1149/1149/1099 1132/1132/1082
f 1103/1103/1053 1132/1132/1082 1104/1104/1054
f 1099/1099/1049 1098/1098/1048 1144/1144/1094
f 1099/1099/1049 1144/1144/1094 1150/1150/1100
f 1142/1142/1092 1099/1099/1049 1150/1150/1100
f 1142/1142/1092 1150/1150/1100 1148/1148/1098
f 1102/1102/1052 1146/1146/1096 8/8/8
f 1102/1102/1052 8/8/8 7/7/7
f 1151/1151/1101 1098/1098/1048 1097/1097/1047
f 1151/1151/1101 1097/1097/1047 1129/1129/1079
f 6/6/6 1152/1152/1102 1149/1149/1099
f 6/6/6 1149/1149/1099 1103/1103/1053
f 1150/1150/1100 1144/1144/1094 1135/1135/1085
f 1150/1150/1100 1135/1135/1085 1153/1153/1103
f 1145/1145/1095 1144/1144/1094 1098/1098/1048
f 1145/1145/1095 1098/1098/1048 1151/1151/1101
f 1103/1103/1053 1102/1102/1052 7/7/7
f 1103/1103/1053 7/7/7 6/6/6
f 1154/1154/1104 1138/1138/1088 1155/1155/1105
f 1154/1154/1104 1155/1155/1105 1156/1156/1106
f 1157/1157/1107 1155/1155/1105 1138/1138/1088
f 1157/1157/1107 1138/1138/1088 1137/1137/1087
f 1095/1095/1045 1094/1094/1044 1155/1155/1105
f 1095/1095/1045 1155/1155/1105 1157/1157/1107
f 1153/1153/1103 1135/1135/1085 1138/1138/1088
f 1153/1153/1103 1138/1138/1088 1154/1154/1104
f 1139/1139/1089 4/4/4 1141/1141/1091
f 1139/1139/1089 1141/1141/1091 1156/1156/1106
f 1/1/1 1153/1153/1103 1154/1154/1104
f 1/1/1 1154/1154/1104 1143/1143/1093
f 1094/1094/1044 1139/1139/1089 1156/1156/1106
f 1094/1094/1044 1156/1156/1106 1155/1155/1105
f 1158/1158/1108 1096/1096/1046 1095/1095/1045
f 1158/1158/1108 1095/1095/1045 1159/1159/1109
f 1160/1160/1110 1161/1161/1111 1162/1162/1112
f 1160/1160/1110 1162/1162/1112 1163/1163/1113
f 1164/1164/1114 1165/1165/1115 1166/1166/1116
f 1164/1164/1114 1166/1166/1116 1167/1167/1117
f 1168/1168/1118 1169/1169/1119 1107/1107/1057
f 1168/1168/1118 1107/1107/1057 1106/1106/1056
f 1109/1109/1059 1112/1112/1062 1170/1170/1120
f 1109/1109/1059 1170/1170/1120 1171/1171/1121
f 1171/1171/1121 1170/1170/1120 1172/1172/1122
f 1171/1171/1121 1172/1172/1122 1173/1173/1123
f 1174/1174/1124 1175/1175/1125 1169/1169/1119
f 1174/1174/1124 1169/1169/1119 1168/1168/1118
f 1173/1173/1123 1172/1172/1122 1176/1176/1126
f 1173/1173/1123 1176/1176/1126 1177/1177/1127
f 1178/1178/1128 1179/1179/1129 1175/1175/1125
f 1178/1178/1128 1175/1175/1125 1174/1174/1124
f 1177/1177/1127 1176/1176/1126 1180/1180/1130
f 1177/1177/1127 1180/1180/1130 1181/1181/1131
f 1182/1182/1132 1183/1183/1133 1179/1179/1129
f 1182/1182/1132 1179/1179/1129 1178/1178/1128
f 1184/1184/1134 1185/1185/1135 1186/1186/1136
f 1184/1184/1134 1186/1186/1136 1187/1187/1137
f 1181/1181/1131 1180/1180/1130 1185/1185/1135
f 1181/1181/1131 1185/1185/1135 1184/1184/1134
f 1187/1187/1137 1186/1186/1136 1183/1183/1133
f 1187/1187/1137 1183/1183/1133 1182/1182/1132
f 1158/1158/1108 1168/1168/1118 1106/1106/1056
f 1158/1158/1108 1106/1106/1056 1096/1096/1046
f 1129/1129/1079 1109/1109/1059 1171/1171/1121
f 1129/1129/1079 1171/1171/1121 1160/1160/1110
f 1160/1160/1110 1171/1171/1121 1173/1173/1123
f 1160/1160/1110 1173/1173/1123 1161/1161/1111
f 1188/1188/1138 1174/1174/1124 1168/1168/1118
f 1188/1188/1138 1168/1168/1118 1158/1158/1108
f 1161/1161/1111 1173/1173/1123 1177/1177/1127
f 1161/1161/1111 1177/1177/1127 1189/1189/1139
f 1190/1190/1140 1178/1178/1128 1174/1174/1124
f 1190/1190/1140 1174/1174/1124 1188/1188/1138
f 1189/1189/1139 1177/1177/1127 1181/1181/1131
f 1189/1189/1139 1181/1181/1131 1191/1191/1141
f 1165/1165/1115 1182/1182/1132 1178/1178/1128
f 1165/1165/1115 1178/1178/1128 1190/1190/1140
f 1192/1192/1142 1184/1184/1134 1187/1187/1137
f 1192/1192/1142 1187/1187/1137 1164/1164/1114
f 1191/1191/1141 1181/1181/1131 1184/1184/1134
f 1191/1191/1141 1184/1184/1134 1192/1192/1142
f 1164/1164/1114 1187/1187/1137 1182/1182/1132
f 1164/1164/1114 1182/1182/1132 1165/1165/1115
f 1193/1193/1143 1194/1194/1144 1137/1137/1087
f 1193/1193/1143 1137/1137/1087 1136/1136/1086
f 1195/1195/1145 1188/1188/1138 1158/1158/1108
f 1195/1195/1145 1158/1158/1108 1159/1159/1109
f 12/12/12 1196/1196/1146 1197/1197/1147
f 12/12/12 1197/1197/1147 11/11/11
f 1161/1161/1111 1189/1189/1139 1198/1198/1148
f 1161/1161/1111 1198/1198/1148 1162/1162/1112
f 11/11/11 1197/1197/1147 1199/1199/1149
f 11/11/11 1199/1199/1149 9/9/9
f 1136/1136/1086 1145/1145/1095 1200/1200/1150
f 1136/1136/1086 1200/1200/1150 1193/1193/1143
f 1189/1189/1139 1191/1191/1141 1201/1201/1151
f 1189/1189/1139 1201/1201/1151 1198/1198/1148
f 11/11/11 10/10/10 1202/1202/1152
f 11/11/11 1202/1202/1152 13/13/13
f 1201/1201/1151 15/15/15 1203/1203/1153
f 1201/1201/1151 1203/1203/1153 1198/1198/1148
f 1166/1166/1116 1165/1165/1115 1190/1190/1140
f 1166/1166/1116 1190/1190/1140 1204/1204/1154
f 1162/1162/1112 1205/1205/1155 1200/1200/1150
f 1162/1162/1112 1200/1200/1150 1163/1163/1113
f 1198/1198/1148 1203/1203/1153 1205/1205/1155
f 1198/1198/1148 1205/1205/1155 1162/1162/1112
f 1167/1167/1117 16/16/16 15/15/15
f 1167/1167/1117 15/15/15 1201/1201/1151
f 1151/1151/1101 1129/1129/1079 1160/1160/1110
f 1151/1151/1101 1160/1160/1110 1163/1163/1113
f 14/14/14 1166/1166/1116 1204/1204/1154
f 14/14/14 1204/1204/1154 1206/1206/1156
f 1205/1205/1155 1207/1207/1157 1193/1193/1143
f 1205/1205/1155 1193/1193/1143 1200/1200/1150
f 1145/1145/1095 1151/1151/1101 1163/1163/1113
f 1145/1145/1095 1163/1163/1113 1200/1200/1150
f 1166/1166/1116 14/14/14 16/16/16
f 1166/1166/1116 16/16/16 1167/1167/1117
f 1208/1208/1158 1209/1209/1159 1210/1210/1160
f 1208/1208/1158 1210/1210/1160 1194/1194/1144
f 1157/1157/1107 1137/1137/1087 1194/1194/1144
f 1157/1157/1107 1194/1194/1144 1210/1210/1160
f 1095/1095/1045 1157/1157/1107 1210/1210/1160
f 1095/1095/1045 1210/1210/1160 1159/1159/1109
f 1207/1207/1157 1208/1208/1158 1194/1194/1144
f 1207/1207/1157 1194/1194/1144 1193/1193/1143
f 1195/1195/1145 1209/1209/1159 1196/1196/1146
f 1195/1195/1145 1196/1196/1146 12/12/12
f 9/9/9 1199/1199/1149 1208/1208/1158
f 9/9/9 1208/1208/1158 1207/1207/1157
f 1159/1159/1109 1210/1210/1160 1209/1209/1159
f 1159/1159/1109 1209/1209/1159 1195/1195/1145
f 1003/1003/955 1112/1112/1062 1111/1111/1061
f 1003/1003/955 1111/1111/1061 1004/1004/956
f 1170/1170/1120 1112/1112/1062 1003/1003/955
f 1170/1170/1120 1003/1003/955 1002/1002/954
f 1172/1172/1122 1170/1170/1120 1002/1002/954
f 1172/1172/1122 1002/1002/954 1001/1001/953
f 1176/1176/1126 1172/1172/1122 1001/1001/953
f 1176/1176/1126 1001/1001/953 1000/1000/952
f 1180/1180/1130 1176/1176/1126 1000/1000/952
f 1180/1180/1130 1000/1000/952 999/999/951
f 1185/1185/1135 1180/1180/1130 999/999/951
f 1185/1185/1135 999/999/951 998/998/950
f 1186/1186/1136 1185/1185/1135 998/998/950
f 1186/1186/1136 998/998/950 997/997/949
f 1004/1004/956 1111/1111/1061 1114/1114/1064
f 1004/1004/956 1114/1114/1064 1005/1005/957
f 1006/1006/958 1005/1005/957 1114/1114/1064
f 1006/1006/958 1114/1114/1064 1118/1118/1068
f 1007/1007/959 1006/1006/958 1118/1118/1068
f 1007/1007/959 1118/1118/1068 1122/1122/1072
f 1008/1008/960 1007/1007/959 1122/1122/1072
f 1008/1008/960 1122/1122/1072 1128/1128/1078
f 1009/1009/961 1008/1008/960 1128/1128/1078
f 1009/1009/961 1128/1128/1078 1127/1127/1077
f 1015/1015/967 1124/1124/1074 1120/1120/1070
f 1015/1015/967 1120/1120/1070 1016/1016/968
f 1017/1017/969 1016/1016/968 1120/1120/1070
f 1017/1017/969 1120/1120/1070 1116/1116/1066
f 1018/1018/970 1017/1017/969 1116/1116/1066
f 1018/1018/970 1116/1116/1066 1108/1108/1058
f 1019/1019/971 1018/1018/970 1108/1108/1058
f 1019/1019/971 1108/1108/1058 1107/1107/1057
f 1020/1020/972 1019/1019/971 1107/1107/1057
f 1020/1020/972 1107/1107/1057 1169/1169/1119
f 1021/1021/973 1020/1020/972 1169/1169/1119
f 1021/1021/973 1169/1169/1119 1175/1175/1125
f 1022/1022/974 1021/1021/973 1175/1175/1125
f 1022/1022/974 1175/1175/1125 1179/1179/1129
f 1023/1023/975 1022/1022/974 1179/1179/1129
f 1023/1023/975 1179/1179/1129 1183/1183/1133
f 1211/1211/1161 370/370/361 369/369/360
f 1211/1211/1161 369/369/360 1212/1212/1162
f 1213/1213/1163 381/381/371 380/380/370
f 1213/1213/1163 380/380/370 1214/1214/1164
f 1215/1215/1165 394/394/384 393/393/383
f 1215/1215/1165 393/393/383 1216/1216/1166
f 1214/1214/1164 380/380/370 379/379/369
f 1214/1214/1164 379/379/369 1217/1217/1167
f 1216/1216/1166 393/393/383 392/392/382
f 1216/1216/1166 392/392/382 1218/1218/1168
f 1217/1217/1167 379/379/369 378/378/368
f 1217/1217/1167 378/378/368 1219/1219/1169
f 1218/1218/1168 392/392/382 391/391/381
f 1218/1218/1168 391/391/381 1220/1220/1170
f 1219/1219/1169 378/378/368 377/377/367
f 1219/1219/1169 377/377/367 1221/1221/1171
f 1220/1220/1170 391/391/381 390/390/380
f 1220/1220/1170 390/390/380 1222/1222/1172
f 1221/1221/1171 377/377/367 376/376/366
f 1221/1221/1171 376/376/366 1223/1223/1173
f 1222/1222/1172 390/390/380 389/389/379
f 1222/1222/1172 389/389/379 1224/1224/1174
f 1225/1225/1175 371/371/362 370/370/361
f 1225/1225/1175 370/370/361 1211/1211/1161
f 1226/1226/1173 375/375/366 374/374/365
f 1226/1226/1173 374/374/365 1227/1227/1176
f 1224/1224/1174 389/389/379 388/388/378
f 1224/1224/1174 388/388/378 1228/1228/1177
f 1227/1227/1176 374/374/365 373/373/364
f 1227/1227/1176 373/373/364 1229/1229/1178
f 1228/1228/1177 388/388/378 387/387/377
f 1228/1228/1177 387/387/377 1230/1230/1179
f 1229/1229/1178 373/373/364 372/372/363
f 1229/1229/1178 372/372/363 1231/1231/1180
f 1230/1230/1179 387/387/377 386/386/376
f 1230/1230/1179 386/386/376 1232/1232/1181
f 1231/1231/1180 372/372/363 371/371/362
f 1231/1231/1180 371/371/362 1225/1225/1175
f 1232/1232/1181 386/386/376 385/385/375
f 1232/1232/1181 385/385/375 1233/1233/1182
f 1233/1233/1182 385/385/375 384/384/374
f 1233/1233/1182 384/384/374 1234/1234/1183
f 1235/1235/1184 398/398/388 397/397/387
f 1235/1235/1184 397/397/387 1236/1236/1185
f 1234/1234/1183 384/384/374 383/383/373
f 1234/1234/1183 383/383/373 1237/1237/1186
f 1236/1236/1185 397/397/387 396/396/386
f 1236/1236/1185 396/396/386 1238/1238/1187
f 1237/1237/1186 383/383/373 382/382/372
f 1237/1237/1186 382/382/372 1239/1239/1188
f 1238/1238/1187 396/396/386 395/395/385
f 1238/1238/1187 395/395/385 1240/1240/1189
f 1239/1239/1188 382/382/372 381/381/371
f 1239/1239/1188 381/381/371 1213/1213/1163
f 1240/1240/1189 395/395/385 394/394/384
f 1240/1240/1189 394/394/384 1215/1215/1165
f 1241/1241/19 1242/1242/19 1243/1243/19
f 1241/1241/19 1243/1243/19 1244/1244/19
f 1245/1245/19 1244/1244/19 1243/1243/19
f 1245/1245/19 1243/1243/19 1246/1246/19
f 1247/1247/1190 1245/1245/19 1246/1246/19
f 1247/1247/1190 1246/1246/19 1248/1248/1191
f 1249/1249/1192 1247/1247/1190 1248/1248/1191
f 1249/1249/1192 1248/1248/1191 1250/1250/1193
f 1251/1251/1194 1250/1250/1193 1248/1248/1191
f 1251/1251/1194 1248/1248/1191 1252/1252/1195
f 1253/1253/1196 1251/1251/1194 1252/1252/1195
f 1253/1253/1196 1252/1252/1195 1254/1254/1197
f 1255/1255/1198 1253/1253/1196 1254/1254/1197
f 1255/1255/1198 1254/1254/1197 1256/1256/1199
f 1257/1257/1200 1255/1255/1198 1256/1256/1199
f 1257/1257/1200 1256/1256/1199 1258/1258/1201
f 1259/1259/1202 1257/1257/1200 1258/1258/1201
f 1259/1259/1202 1258/1258/1201 1260/1260/1203
f 17/17/17 1259/1259/1202 1260/1260/1203
f 17/17/17 1260/1260/1203 18/18/18
f 1261/1261/1204 1247/1247/1190 1249/1249/1192
f 1261/1261/1204 1249/1249/1192 1262/1262/1205
f 1263/1263/1206 1261/1261/1204 1262/1262/1205
f 1263/1263/1206 1262/1262/1205 1264/1264/1207
f 1265/1265/1208 1263/1263/1206 1264/1264/1207
f 1265/1265/1208 1264/1264/1207 1266/1266/1209
f 1267/1267/1210 1265/1265/1208 1266/1266/1209
f 1267/1267/1210 1266/1266/1209 1268/1268/1211
f 1269/1269/1212 1267/1267/1210 1268/1268/1211
f 1269/1269/1212 1268/1268/1211 1270/1270/1213
f 1241/1241/19 1271/1271/19 1272/1272/19
f 1241/1241/19 1272/1272/19 1242/1242/19
f 1273/1273/19 1274/1274/19 1272/1272/19
f 1273/1273/19 1272/1272/19 1271/1271/19
f 1275/1275/1214 1276/1276/1215 1274/1274/19
f 1275/1275/1214 1274/1274/19 1273/1273/19
f 1277/1277/1216 1278/1278/1217 1276/1276/1215
f 1277/1277/1216 1276/1276/1215 1275/1275/1214
f 1279/1279/1218 1280/1280/1219 1276/1276/1215
f 1279/1279/1218 1276/1276/1215 1278/1278/1217
f 1281/1281/1220 1282/1282/1221 1280/1280/1219
f 1281/1281/1220 1280/1280/1219 1279/1279/1218
f 1283/1283/1222 1284/1284/1223 1282/1282/1221
f 1283/1283/1222 1282/1282/1221 1281/1281/1220
f 1285/1285/1224 1286/1286/1225 1284/1284/1223
f 1285/1285/1224 1284/1284/1223 1283/1283/1222
f 1259/1259/1202 1287/1287/1226 1286/1286/1225
f 1259/1259/1202 1286/1286/1225 1285/1285/1224
f 17/17/17 21/21/20 1287/1287/1226
f 17/17/17 1287/1287/1226 1259/1259/1202
f 1288/1288/1227 1289/1289/1228 1277/1277/1216
f 1288/1288/1227 1277/1277/1216 1275/1275/1214
f 1290/1290/1229 1291/1291/1230 1289/1289/1228
f 1290/1290/1229 1289/1289/1228 1288/1288/1227
f 1292/1292/1231 1293/1293/1232 1291/1291/1230
f 1292/1292/1231 1291/1291/1230 1290/1290/1229
f 1294/1294/1233 1295/1295/1234 1293/1293/1232
f 1294/1294/1233 1293/1293/1232 1292/1292/1231
f 1269/1269/1212 1270/1270/1213 1295/1295/1234
f 1269/1269/1212 1295/1295/1234 1294/1294/1233
f 1212/1212/1162 369/369/360 368/368/359
f 1212/1212/1162 368/368/359 1296/1296/1235
f 1296/1296/1235 368/368/359 367/367/358
f 1296/1296/1235 367/367/358 1297/1297/1236
f 1061/1061/1012 1296/1296/1235 1297/1297/1236
f 1061/1061/1012 1297/1297/1236 1092/1092/1042
f 1298/1298/1237 1082/1082/1032 1092/1092/1042
f 1298/1298/1237 1092/1092/1042 1297/1297/1236
f 1060/1060/1011 1212/1212/1162 1296/1296/1235
f 1060/1060/1011 1296/1296/1235 1061/1061/1012
f 1089/1089/1039 1240/1240/1189 1215/1215/1165
f 1089/1089/1039 1215/1215/1165 1091/1091/1041
f 1088/1088/1038 1239/1239/1188 1213/1213/1163
f 1088/1088/1038 1213/1213/1163 1090/1090/1040
f 1087/1087/1037 1238/1238/1187 1240/1240/1189
f 1087/1087/1037 1240/1240/1189 1089/1089/1039
f 1086/1086/1036 1237/1237/1186 1239/1239/1188
f 1086/1086/1036 1239/1239/1188 1088/1088/1038
f 1085/1085/1035 1236/1236/1185 1238/1238/1187
f 1085/1085/1035 1238/1238/1187 1087/1087/1037
f 1084/1084/1034 1234/1234/1183 1237/1237/1186
f 1084/1084/1034 1237/1237/1186 1086/1086/1036
f 1083/1083/1033 1235/1235/1184 1236/1236/1185
f 1083/1083/1033 1236/1236/1185 1085/1085/1035
f 1081/1081/1031 1233/1233/1182 1234/1234/1183
f 1081/1081/1031 1234/1234/1183 1084/1084/1034
f 1079/1079/1029 1232/1232/1181 1233/1233/1182
f 1079/1079/1029 1233/1233/1182 1081/1081/1031
f 1078/1078/1028 1231/1231/1180 1225/1225/1175
f 1078/1078/1028 1225/1225/1175 1080/1080/1030
f 1077/1077/1027 1230/1230/1179 1232/1232/1181
f 1077/1077/1027 1232/1232/1181 1079/1079/1029
f 1235/1235/1184 1083/1083/1033 1082/1082/1032
f 1235/1235/1184 1082/1082/1032 1298/1298/1237
f 1076/1076/1026 1229/1229/1178 1231/1231/1180
f 1076/1076/1026 1231/1231/1180 1078/1078/1028
f 1074/1074/1024 1228/1228/1177 1230/1230/1179
f 1074/1074/1024 1230/1230/1179 1077/1077/1027
f 1073/1073/1023 1227/1227/1176 1229/1229/1178
f 1073/1073/1023 1229/1229/1178 1076/1076/1026
f 1071/1071/1022 1224/1224/1174 1228/1228/1177
f 1071/1071/1022 1228/1228/1177 1074/1074/1024
f 1072/1072/1021 1226/1226/1173 1227/1227/1176
f 1072/1072/1021 1227/1227/1176 1073/1073/1023
f 1080/1080/1030 1225/1225/1175 1211/1211/1161
f 1080/1080/1030 1211/1211/1161 1075/1075/1025
f 1069/1069/1020 1222/1222/1172 1224/1224/1174
f 1069/1069/1020 1224/1224/1174 1071/1071/1022
f 1068/1068/1019 1221/1221/1171 1223/1223/1173
f 1068/1068/1019 1223/1223/1173 1070/1070/1021
f 1067/1067/1018 1220/1220/1170 1222/1222/1172
f 1067/1067/1018 1222/1222/1172 1069/1069/1020
f 1066/1066/1017 1219/1219/1169 1221/1221/1171
f 1066/1066/1017 1221/1221/1171 1068/1068/1019
f 1065/1065/1016 1218/1218/1168 1220/1220/1170
f 1065/1065/1016 1220/1220/1170 1067/1067/1018
f 1063/1063/1014 1217/1217/1167 1219/1219/1169
f 1063/1063/1014 1219/1219/1169 1066/1066/1017
f 1064/1064/1015 1216/1216/1166 1218/1218/1168
f 1064/1064/1015 1218/1218/1168 1065/1065/1016
f 1062/1062/1013 1214/1214/1164 1217/1217/1167
f 1062/1062/1013 1217/1217/1167 1063/1063/1014
f 1091/1091/1041 1215/1215/1165 1216/1216/1166
f 1091/1091/1041 1216/1216/1166 1064/1064/1015
f 1090/1090/1040 1213/1213/1163 1214/1214/1164
f 1090/1090/1040 1214/1214/1164 1062/1062/1013
f 1075/1075/1025 1211/1211/1161 1212/1212/1162
f 1075/1075/1025 1212/1212/1162 1060/1060/1011
f 398/398/388 1235/1235/1184 1298/1298/1237
f 398/398/388 1298/1298/1237 399/399/389
f 399/399/389 1298/1298/1237 1297/1297/1236
f 399/399/389 1297/1297/1236 367/367/358
f 1299/1299/1238 1300/1300/1239 1301/1301/1240
f 1299/1299/1238 1301/1301/1240 1302/1302/1241
f 1303/1303/1242 1301/1301/1240 1304/1304/1243
f 1303/1303/1242 1304/1304/1243 1305/1305/1244
f 1306/1306/1245 1307/1307/1246 1308/1308/1247
f 1306/1306/1245 1308/1308/1247 1309/1309/1248
f 1310/1310/1249 1303/1303/1242 1305/1305/1244
f 1310/1310/1249 1305/1305/1244 1311/1311/1250
f 1312/1312/1251 1310/1310/1249 1311/1311/1250
f 1312/1312/1251 1311/1311/1250 1313/1313/1252
f 1314/1314/1253 1315/1315/1254 1316/1316/1255
f 1314/1314/1253 1316/1316/1255 1317/1317/1256
f 1318/1318/1257 1314/1314/1253 1317/1317/1256
f 1318/1318/1257 1317/1317/1256 1319/1319/1258
f 1315/1315/1254 1312/1312/1251 1313/1313/1252
f 1315/1315/1254 1313/1313/1252 1316/1316/1255
f 1320/1320/1259 1303/1303/1242 1321/1321/1260
f 1320/1320/1259 1321/1321/1260 1322/1322/1261
f 1307/1307/1246 1323/1323/1262 1324/1324/1263
f 1307/1307/1246 1324/1324/1263 1308/1308/1247
f 1323/1323/1262 1325/1325/1264 1326/1326/1265
f 1323/1323/1262 1326/1326/1265 1324/1324/1263
f 1327/1327/1266 1328/1328/1267 1329/1329/1268
f 1327/1327/1266 1329/1329/1268 1330/1330/1269
f 1331/1331/1270 1332/1332/1271 1333/1333/1168
f 1331/1331/1270 1333/1333/1168 1334/1334/1272
f 1325/1325/1264 1327/1327/1266 1330/1330/1269
f 1325/1325/1264 1330/1330/1269 1326/1326/1265
f 1335/1335/1273 1336/1336/1274 1337/1337/1275
f 1335/1335/1273 1337/1337/1275 1338/1338/1276
f 23/23/22 22/22/21 1339/1339/1277
f 23/23/22 1339/1339/1277 1340/1340/1278
f 1338/1338/1276 1337/1337/1275 1341/1341/1279
f 1338/1338/1276 1341/1341/1279 1342/1342/1280
f 22/22/21 39/39/38 1343/1343/1281
f 22/22/21 1343/1343/1281 1339/1339/1277
f 1344/1344/1282 1345/1345/1283 1346/1346/1284
f 1344/1344/1282 1346/1346/1284 1347/1347/1285
f 28/28/27 30/30/29 1348/1348/1286
f 28/28/27 1348/1348/1286 38/38/37
f 1336/1336/1274 1335/1335/1273 1349/1349/1287
f 1336/1336/1274 1349/1349/1287 1350/1350/1288
f 1351/1351/1289 1352/1352/1290 1353/1353/1291
f 1351/1351/1289 1353/1353/1291 1354/1354/1292
f 1355/1355/1293 1356/1356/1294 1357/1357/1295
f 1355/1355/1293 1357/1357/1295 1358/1358/1296
f 1359/1359/1297 1360/1360/1298 1361/1361/1299
f 1359/1359/1297 1361/1361/1299 1362/1362/1300
f 1322/1322/1261 1321/1321/1260 1363/1363/1301
f 1322/1322/1261 1363/1363/1301 1364/1364/1302
f 1365/1365/1303 1366/1366/1304 1367/1367/1305
f 1365/1365/1303 1367/1367/1305 1368/1368/1306
f 1369/1369/1307 1370/1370/1308 1371/1371/1309
f 1369/1369/1307 1371/1371/1309 1372/1372/1310
f 1366/1366/1304 1373/1373/1311 1374/1374/1312
f 1366/1366/1304 1374/1374/1312 1367/1367/1305
f 1375/1375/1313 1376/1376/1314 1377/1377/1315
f 1375/1375/1313 1377/1377/1315 1378/1378/1316
f 1379/1379/1317 1380/1380/1318 1381/1381/1319
f 1379/1379/1317 1381/1381/1319 1382/1382/1320
f 1383/1383/1321 1365/1365/1303 1368/1368/1306
f 1383/1383/1321 1368/1368/1306 1384/1384/1322
f 1385/1385/1323 1355/1355/1293 1358/1358/1296
f 1385/1385/1323 1358/1358/1296 1386/1386/1324
f 1387/1387/1325 1388/1388/1326 1389/1389/1327
f 1387/1387/1325 1389/1389/1327 1390/1390/1328
f 1391/1391/1329 1392/1392/1330 1393/1393/1331
f 1391/1391/1329 1393/1393/1331 1394/1394/1332
f 1395/1395/1333 1396/1396/1334 1397/1397/1335
f 1395/1395/1333 1397/1397/1335 1398/1398/1336
f 1339/1339/1277 1343/1343/1281 1399/1399/1337
f 1339/1339/1277 1399/1399/1337 1400/1400/1338
f 1343/1343/1281 1401/1401/1339 1402/1402/1340
f 1343/1343/1281 1402/1402/1340 1399/1399/1337
f 1401/1401/1339 1403/1403/1341 1404/1404/1342
f 1401/1401/1339 1404/1404/1342 1402/1402/1340
f 1403/1403/1341 1322/1322/1261 1364/1364/1302
f 1403/1403/1341 1364/1364/1302 1404/1404/1342
f 1405/1405/1343 1391/1391/1329 1394/1394/1332
f 1405/1405/1343 1394/1394/1332 1406/1406/1344
f 1340/1340/1278 1339/1339/1277 1400/1400/1338
f 1340/1340/1278 1400/1400/1338 1407/1407/1345
f 1352/1352/1290 1405/1405/1343 1406/1406/1344
f 1352/1352/1290 1406/1406/1344 1353/1353/1291
f 1321/1321/1260 1351/1351/1289 1354/1354/1292
f 1321/1321/1260 1354/1354/1292 1363/1363/1301
f 1370/1370/1308 1395/1395/1333 1398/1398/1336
f 1370/1370/1308 1398/1398/1336 1371/1371/1309
f 1408/1408/1346 1409/1409/1347 1410/1410/1348
f 1408/1408/1346 1410/1410/1348 1411/1411/1349
f 1356/1356/1294 1412/1412/1350 1413/1413/1351
f 1356/1356/1294 1413/1413/1351 1357/1357/1295
f 1396/1396/1334 1385/1385/1323 1386/1386/1324
f 1396/1396/1334 1386/1386/1324 1397/1397/1335
f 1360/1360/1298 1379/1379/1317 1382/1382/1320
f 1360/1360/1298 1382/1382/1320 1361/1361/1299
f 1414/1414/1352 1369/1369/1307 1372/1372/1310
f 1414/1414/1352 1372/1372/1310 1415/1415/1353
f 1380/1380/1318 1408/1408/1346 1411/1411/1349
f 1380/1380/1318 1411/1411/1349 1381/1381/1319
f 1412/1412/1350 1416/1416/1354 1417/1417/1355
f 1412/1412/1350 1417/1417/1355 1413/1413/1351
f 1373/1373/1311 1387/1387/1325 1390/1390/1328
f 1373/1373/1311 1390/1390/1328 1374/1374/1312
f 1376/1376/1314 1414/1414/1352 1415/1415/1353
f 1376/1376/1314 1415/1415/1353 1377/1377/1315
f 1359/1359/1297 1388/1388/1326 1364/1364/1302
f 1359/1359/1297 1364/1364/1302 1363/1363/1301
f 1360/1360/1298 1359/1359/1297 1363/1363/1301
f 1360/1360/1298 1363/1363/1301 1354/1354/1292
f 1379/1379/1317 1360/1360/1298 1354/1354/1292
f 1379/1379/1317 1354/1354/1292 1353/1353/1291
f 1380/1380/1318 1379/1379/1317 1353/1353/1291
f 1380/1380/1318 1353/1353/1291 1406/1406/1344
f 1409/1409/1347 1408/1408/1346 1394/1394/1332
f 1409/1409/1347 1394/1394/1332 1393/1393/1331
f 1408/1408/1346 1380/1380/1318 1406/1406/1344
f 1408/1408/1346 1406/1406/1344 1394/1394/1332
f 1388/1388/1326 1387/1387/1325 1404/1404/1342
f 1388/1388/1326 1404/1404/1342 1364/1364/1302
f 1387/1387/1325 1373/1373/1311 1402/1402/1340
f 1387/1387/1325 1402/1402/1340 1404/1404/1342
f 1373/1373/1311 1366/1366/1304 1399/1399/1337
f 1373/1373/1311 1399/1399/1337 1402/1402/1340
f 1365/1365/1303 1383/1383/1321 1407/1407/1345
f 1365/1365/1303 1407/1407/1345 1400/1400/1338
f 1366/1366/1304 1365/1365/1303 1400/1400/1338
f 1366/1366/1304 1400/1400/1338 1399/1399/1337
f 1398/1398/1336 1397/1397/1335 1389/1389/1327
f 1398/1398/1336 1389/1389/1327 1362/1362/1300
f 1371/1371/1309 1398/1398/1336 1362/1362/1300
f 1371/1371/1309 1362/1362/1300 1361/1361/1299
f 1372/1372/1310 1371/1371/1309 1361/1361/1299
f 1372/1372/1310 1361/1361/1299 1382/1382/1320
f 1415/1415/1353 1372/1372/1310 1382/1382/1320
f 1415/1415/1353 1382/1382/1320 1381/1381/1319
f 1378/1378/1316 1377/1377/1315 1411/1411/1349
f 1378/1378/1316 1411/1411/1349 1410/1410/1348
f 1377/1377/1315 1415/1415/1353 1381/1381/1319
f 1377/1377/1315 1381/1381/1319 1411/1411/1349
f 1397/1397/1335 1386/1386/1324 1390/1390/1328
f 1397/1397/1335 1390/1390/1328 1389/1389/1327
f 1386/1386/1324 1358/1358/1296 1374/1374/1312
f 1386/1386/1324 1374/1374/1312 1390/1390/1328
f 1358/1358/1296 1357/1357/1295 1367/1367/1305
f 1358/1358/1296 1367/1367/1305 1374/1374/1312
f 1413/1413/1351 1417/1417/1355 1384/1384/1322
f 1413/1413/1351 1384/1384/1322 1368/1368/1306
f 1357/1357/1295 1413/1413/1351 1368/1368/1306
f 1357/1357/1295 1368/1368/1306 1367/1367/1305
f 1388/1388/1326 1359/1359/1297 1362/1362/1300
f 1388/1388/1326 1362/1362/1300 1389/1389/1327
f 1414/1414/1352 1376/1376/1314 1418/1418/1356
f 1414/1414/1352 1418/1418/1356 1419/1419/1357
f 1370/1370/1308 1369/1369/1307 1420/1420/1358
f 1370/1370/1308 1420/1420/1358 1421/1421/1359
f 1416/1416/1354 1412/1412/1350 1422/1422/1360
f 1416/1416/1354 1422/1422/1360 1423/1423/1361
f 1385/1385/1323 1396/1396/1334 1424/1424/1362
f 1385/1385/1323 1424/1424/1362 1425/1425/1363
f 1369/1369/1307 1414/1414/1352 1419/1419/1357
f 1369/1369/1307 1419/1419/1357 1420/1420/1358
f 1412/1412/1350 1356/1356/1294 1426/1426/1364
f 1412/1412/1350 1426/1426/1364 1422/1422/1360
f 1396/1396/1334 1395/1395/1333 1427/1427/1365
f 1396/1396/1334 1427/1427/1365 1424/1424/1362
f 1355/1355/1293 1385/1385/1323 1425/1425/1363
f 1355/1355/1293 1425/1425/1363 1428/1428/1366
f 1376/1376/1314 1375/1375/1313 1429/1429/1367
f 1376/1376/1314 1429/1429/1367 1418/1418/1356
f 1395/1395/1333 1370/1370/1308 1421/1421/1359
f 1395/1395/1333 1421/1421/1359 1427/1427/1365
f 1356/1356/1294 1355/1355/1293 1428/1428/1366
f 1356/1356/1294 1428/1428/1366 1426/1426/1364
f 1300/1300/1239 1299/1299/1238 1430/1430/1368
f 1300/1300/1239 1430/1430/1368 1431/1431/1369
f 1351/1351/1289 1310/1310/1249 1312/1312/1251
f 1351/1351/1289 1312/1312/1251 1352/1352/1290
f 1432/1432/1370 1331/1331/1270 1334/1334/1272
f 1432/1432/1370 1334/1334/1272 1433/1433/1371
f 1320/1320/1259 1322/1322/1261 1403/1403/1341
f 1320/1320/1259 1403/1403/1341 1434/1434/1372
f 1405/1405/1343 1315/1315/1254 1314/1314/1253
f 1405/1405/1343 1314/1314/1253 1391/1391/1329
f 1435/1435/1373 1436/1436/1374 1437/1437/1375
f 1435/1435/1373 1437/1437/1375 1438/1438/1376
f 1439/1439/1377 1401/1401/1339 1343/1343/1281
f 1439/1439/1377 1343/1343/1281 1440/1440/1378
f 1352/1352/1290 1312/1312/1251 1315/1315/1254
f 1352/1352/1290 1315/1315/1254 1405/1405/1343
f 36/36/35 1335/1335/1273 1338/1338/1276
f 36/36/35 1338/1338/1276 1440/1440/1378
f 1436/1436/1374 1306/1306/1245 1309/1309/1248
f 1436/1436/1374 1309/1309/1248 1437/1437/1375
f 1391/1391/1329 1314/1314/1253 1318/1318/1257
f 1391/1391/1329 1318/1318/1257 1392/1392/1330
f 1342/1342/1280 1341/1341/1279 1441/1441/1379
f 1342/1342/1280 1441/1441/1379 1442/1442/1380
f 1302/1302/1241 1301/1301/1240 1303/1303/1242
f 1302/1302/1241 1303/1303/1242 1320/1320/1259
f 1443/1443/1381 1435/1435/1373 1438/1438/1376
f 1443/1443/1381 1438/1438/1376 1444/1444/1382
f 1434/1434/1372 1403/1403/1341 1401/1401/1339
f 1434/1434/1372 1401/1401/1339 1439/1439/1377
f 1321/1321/1260 1303/1303/1242 1310/1310/1249
f 1321/1321/1260 1310/1310/1249 1351/1351/1289
f 1328/1328/1267 1432/1432/1370 1433/1433/1371
f 1328/1328/1267 1433/1433/1371 1329/1329/1268
f 1301/1301/1240 1300/1300/1239 1445/1445/1383
f 1301/1301/1240 1445/1445/1383 1304/1304/1243
f 1435/1435/1373 1443/1443/1381 1430/1430/1368
f 1435/1435/1373 1430/1430/1368 1299/1299/1238
f 1436/1436/1374 1435/1435/1373 1299/1299/1238
f 1436/1436/1374 1299/1299/1238 1302/1302/1241
f 1306/1306/1245 1436/1436/1374 1302/1302/1241
f 1306/1306/1245 1302/1302/1241 1320/1320/1259
f 1307/1307/1246 1306/1306/1245 1320/1320/1259
f 1307/1307/1246 1320/1320/1259 1434/1434/1372
f 1323/1323/1262 1307/1307/1246 1434/1434/1372
f 1323/1323/1262 1434/1434/1372 1439/1439/1377
f 1325/1325/1264 1323/1323/1262 1439/1439/1377
f 1325/1325/1264 1439/1439/1377 1440/1440/1378
f 1328/1328/1267 1327/1327/1266 1338/1338/1276
f 1328/1328/1267 1338/1338/1276 1342/1342/1280
f 1331/1331/1270 1432/1432/1370 1442/1442/1380
f 1331/1331/1270 1442/1442/1380 1441/1441/1379
f 1432/1432/1370 1328/1328/1267 1342/1342/1280
f 1432/1432/1370 1342/1342/1280 1442/1442/1380
f 1332/1332/1271 1331/1331/1270 1441/1441/1379
f 1332/1332/1271 1441/1441/1379 1341/1341/1279
f 1327/1327/1266 1325/1325/1264 1440/1440/1378
f 1327/1327/1266 1440/1440/1378 1338/1338/1276
f 1346/1346/1284 1345/1345/1283 1446/1446/1384
f 1346/1346/1284 1446/1446/1384 1447/1447/1385
f 1344/1344/1282 1347/1347/1285 1350/1350/1288
f 1344/1344/1282 1350/1350/1288 1349/1349/1287
f 22/22/21 24/24/23 1447/1447/1385
f 22/22/21 1447/1447/1385 1446/1446/1384
f 1440/1440/1378 1448/1448/1386 34/34/33
f 1440/1440/1378 34/34/33 36/36/35
f 1448/1448/1386 27/27/26 26/26/25
f 1448/1448/1386 26/26/25 34/34/33
f 1449/1449/1387 35/35/34 38/38/37
f 1449/1449/1387 38/38/37 1348/1348/1286
f 1450/1450/1388 37/37/36 40/40/39
f 1450/1450/1388 40/40/39 1451/1451/1389
f 32/32/31 31/31/30 37/37/36
f 32/32/31 37/37/36 1450/1450/1388
f 31/31/30 28/28/27 38/38/37
f 31/31/30 38/38/37 37/37/36
f 40/40/39 37/37/36 26/26/25
f 40/40/39 26/26/25 25/25/24
f 26/26/25 38/38/37 35/35/34
f 26/26/25 35/35/34 34/34/33
f 1431/1431/1369 1452/1452/1390 1445/1445/1383
f 1431/1431/1369 1445/1445/1383 1300/1300/1239
f 1453/1453/1391 1454/1454/1392 1455/1455/1393
f 1453/1453/1391 1455/1455/1393 1456/1456/1394
f 1457/1457/1395 1458/1458/1396 1459/1459/1397
f 1457/1457/1395 1459/1459/1397 1455/1455/1393
f 1460/1460/1398 1461/1461/1399 1462/1462/1400
f 1460/1460/1398 1462/1462/1400 1463/1463/1401
f 1464/1464/1402 1465/1465/1403 1458/1458/1396
f 1464/1464/1402 1458/1458/1396 1457/1457/1395
f 1466/1466/1404 1467/1467/1405 1465/1465/1403
f 1466/1466/1404 1465/1465/1403 1464/1464/1402
f 1468/1468/1406 1469/1469/1407 1470/1470/1408
f 1468/1468/1406 1470/1470/1408 1471/1471/1409
f 1472/1472/1257 1473/1473/1258 1469/1469/1407
f 1472/1472/1257 1469/1469/1407 1468/1468/1406
f 1471/1471/1409 1470/1470/1408 1467/1467/1405
f 1471/1471/1409 1467/1467/1405 1466/1466/1404
f 1474/1474/1410 1475/1475/1411 1476/1476/1412
f 1474/1474/1410 1476/1476/1412 1457/1457/1395
f 1463/1463/1401 1462/1462/1400 1477/1477/1413
f 1463/1463/1401 1477/1477/1413 1478/1478/1414
f 1478/1478/1414 1477/1477/1413 1479/1479/1415
f 1478/1478/1414 1479/1479/1415 1480/1480/1416
f 1481/1481/1417 1482/1482/1418 1483/1483/1419
f 1481/1481/1417 1483/1483/1419 1484/1484/1420
f 1485/1485/1421 1486/1486/1422 1333/1333/1168
f 1485/1485/1421 1333/1333/1168 1332/1332/1271
f 1480/1480/1416 1479/1479/1415 1482/1482/1418
f 1480/1480/1416 1482/1482/1418 1481/1481/1417
f 1487/1487/1423 1488/1488/1424 1337/1337/1275
f 1487/1487/1423 1337/1337/1275 1336/1336/1274
f 23/23/22 1340/1340/1278 1489/1489/1425
f 23/23/22 1489/1489/1425 41/41/40
f 1488/1488/1424 1490/1490/1426 1341/1341/1279
f 1488/1488/1424 1341/1341/1279 1337/1337/1275
f 41/41/40 1489/1489/1425 1491/1491/1427
f 41/41/40 1491/1491/1427 56/56/55
f 1492/1492/1428 1347/1347/1285 1346/1346/1284
f 1492/1492/1428 1346/1346/1284 1493/1493/1429
f 45/45/44 55/55/54 1494/1494/1430
f 45/45/44 1494/1494/1430 46/46/45
f 1336/1336/1274 1350/1350/1288 1495/1495/1431
f 1336/1336/1274 1495/1495/1431 1487/1487/1423
f 1496/1496/1432 1497/1497/1433 1498/1498/1434
f 1496/1496/1432 1498/1498/1434 1499/1499/1435
f 1500/1500/1436 1501/1501/1437 1502/1502/1438
f 1500/1500/1436 1502/1502/1438 1503/1503/1439
f 1504/1504/1440 1505/1505/1441 1506/1506/1442
f 1504/1504/1440 1506/1506/1442 1507/1507/1443
f 1475/1475/1411 1508/1508/1444 1509/1509/1445
f 1475/1475/1411 1509/1509/1445 1476/1476/1412
f 1510/1510/1446 1511/1511/1447 1512/1512/1448
f 1510/1510/1446 1512/1512/1448 1513/1513/1449
f 1514/1514/1450 1515/1515/1451 1516/1516/1452
f 1514/1514/1450 1516/1516/1452 1517/1517/1453
f 1513/1513/1449 1512/1512/1448 1518/1518/1454
f 1513/1513/1449 1518/1518/1454 1519/1519/1455
f 1520/1520/1313 1521/1521/1316 1522/1522/1456
f 1520/1520/1313 1522/1522/1456 1523/1523/1457
f 1524/1524/1458 1525/1525/1459 1526/1526/1460
f 1524/1524/1458 1526/1526/1460 1527/1527/1461
f 1383/1383/1321 1528/1528/1322 1511/1511/1447
f 1383/1383/1321 1511/1511/1447 1510/1510/1446
f 1529/1529/1462 1530/1530/1463 1501/1501/1437
f 1529/1529/1462 1501/1501/1437 1500/1500/1436
f 1531/1531/1464 1532/1532/1465 1533/1533/1466
f 1531/1531/1464 1533/1533/1466 1534/1534/1467
f 1535/1535/1468 1536/1536/1469 1537/1537/1331
f 1535/1535/1468 1537/1537/1331 1538/1538/1330
f 1539/1539/1470 1540/1540/1471 1541/1541/1472
f 1539/1539/1470 1541/1541/1472 1542/1542/1473
f 1489/1489/1425 1543/1543/1474 1544/1544/1475
f 1489/1489/1425 1544/1544/1475 1491/1491/1427
f 1491/1491/1427 1544/1544/1475 1545/1545/1476
f 1491/1491/1427 1545/1545/1476 1546/1546/1477
f 1546/1546/1477 1545/1545/1476 1547/1547/1478
f 1546/1546/1477 1547/1547/1478 1548/1548/1479
f 1548/1548/1479 1547/1547/1478 1508/1508/1444
f 1548/1548/1479 1508/1508/1444 1475/1475/1411
f 1549/1549/1480 1550/1550/1481 1536/1536/1469
f 1549/1549/1480 1536/1536/1469 1535/1535/1468
f 1340/1340/1278 1407/1407/1345 1543/1543/1474
f 1340/1340/1278 1543/1543/1474 1489/1489/1425
f 1499/1499/1435 1498/1498/1434 1550/1550/1481
f 1499/1499/1435 1550/1550/1481 1549/1549/1480
f 1476/1476/1412 1509/1509/1445 1497/1497/1433
f 1476/1476/1412 1497/1497/1433 1496/1496/1432
f 1517/1517/1453 1516/1516/1452 1540/1540/1471
f 1517/1517/1453 1540/1540/1471 1539/1539/1470
f 1551/1551/1482 1552/1552/1483 1553/1553/1348
f 1551/1551/1482 1553/1553/1348 1554/1554/1347
f 1503/1503/1439 1502/1502/1438 1555/1555/1484
f 1503/1503/1439 1555/1555/1484 1556/1556/1485
f 1542/1542/1473 1541/1541/1472 1530/1530/1463
f 1542/1542/1473 1530/1530/1463 1529/1529/1462
f 1507/1507/1443 1506/1506/1442 1525/1525/1459
f 1507/1507/1443 1525/1525/1459 1524/1524/1458
f 1557/1557/1486 1558/1558/1487 1515/1515/1451
f 1557/1557/1486 1515/1515/1451 1514/1514/1450
f 1527/1527/1461 1526/1526/1460 1552/1552/1483
f 1527/1527/1461 1552/1552/1483 1551/1551/1482
f 1556/1556/1485 1555/1555/1484 1559/1559/1488
f 1556/1556/1485 1559/1559/1488 1560/1560/1354
f 1519/1519/1455 1518/1518/1454 1532/1532/1465
f 1519/1519/1455 1532/1532/1465 1531/1531/1464
f 1523/1523/1457 1522/1522/1456 1558/1558/1487
f 1523/1523/1457 1558/1558/1487 1557/1557/1486
f 1504/1504/1440 1509/1509/1445 1508/1508/1444
f 1504/1504/1440 1508/1508/1444 1534/1534/1467
f 1507/1507/1443 1497/1497/1433 1509/1509/1445
f 1507/1507/1443 1509/1509/1445 1504/1504/1440
f 1524/1524/1458 1498/1498/1434 1497/1497/1433
f 1524/1524/1458 1497/1497/1433 1507/1507/1443
f 1527/1527/1461 1550/1550/1481 1498/1498/1434
f 1527/1527/1461 1498/1498/1434 1524/1524/1458
f 1554/1554/1347 1537/1537/1331 1536/1536/1469
f 1554/1554/1347 1536/1536/1469 1551/1551/1482
f 1551/1551/1482 1536/1536/1469 1550/1550/1481
f 1551/1551/1482 1550/1550/1481 1527/1527/1461
f 1534/1534/1467 1508/1508/1444 1547/1547/1478
f 1534/1534/1467 1547/1547/1478 1531/1531/1464
f 1531/1531/1464 1547/1547/1478 1545/1545/1476
f 1531/1531/1464 1545/1545/1476 1519/1519/1455
f 1519/1519/1455 1545/1545/1476 1544/1544/1475
f 1519/1519/1455 1544/1544/1475 1513/1513/1449
f 1510/1510/1446 1543/1543/1474 1407/1407/1345
f 1510/1510/1446 1407/1407/1345 1383/1383/1321
f 1513/1513/1449 1544/1544/1475 1543/1543/1474
f 1513/1513/1449 1543/1543/1474 1510/1510/1446
f 1540/1540/1471 1505/1505/1441 1533/1533/1466
f 1540/1540/1471 1533/1533/1466 1541/1541/1472
f 1516/1516/1452 1506/1506/1442 1505/1505/1441
f 1516/1516/1452 1505/1505/1441 1540/1540/1471
f 1515/1515/1451 1525/1525/1459 1506/1506/1442
f 1515/1515/1451 1506/1506/1442 1516/1516/1452
f 1558/1558/1487 1526/1526/1460 1525/1525/1459
f 1558/1558/1487 1525/1525/1459 1515/1515/1451
f 1521/1521/1316 1553/1553/1348 1552/1552/1483
f 1521/1521/1316 1552/1552/1483 1522/1522/1456
f 1522/1522/1456 1552/1552/1483 1526/1526/1460
f 1522/1522/1456 1526/1526/1460 1558/1558/1487
f 1541/1541/1472 1533/1533/1466 1532/1532/1465
f 1541/1541/1472 1532/1532/1465 1530/1530/1463
f 1530/1530/1463 1532/1532/1465 1518/1518/1454
f 1530/1530/1463 1518/1518/1454 1501/1501/1437
f 1501/1501/1437 1518/1518/1454 1512/1512/1448
f 1501/1501/1437 1512/1512/1448 1502/1502/1438
f 1555/1555/1484 1511/1511/1447 1528/1528/1322
f 1555/1555/1484 1528/1528/1322 1559/1559/1488
f 1502/1502/1438 1512/1512/1448 1511/1511/1447
f 1502/1502/1438 1511/1511/1447 1555/1555/1484
f 1534/1534/1467 1533/1533/1466 1505/1505/1441
f 1534/1534/1467 1505/1505/1441 1504/1504/1440
f 1557/1557/1486 1561/1561/1489 1562/1562/1490
f 1557/1557/1486 1562/1562/1490 1523/1523/1457
f 1517/1517/1453 1563/1563/1491 1564/1564/1492
f 1517/1517/1453 1564/1564/1492 1514/1514/1450
f 1560/1560/1354 1565/1565/1361 1566/1566/1493
f 1560/1560/1354 1566/1566/1493 1556/1556/1485
f 1529/1529/1462 1567/1567/1494 1568/1568/1495
f 1529/1529/1462 1568/1568/1495 1542/1542/1473
f 1514/1514/1450 1564/1564/1492 1561/1561/1489
f 1514/1514/1450 1561/1561/1489 1557/1557/1486
f 1556/1556/1485 1566/1566/1493 1569/1569/1496
f 1556/1556/1485 1569/1569/1496 1503/1503/1439
f 1542/1542/1473 1568/1568/1495 1570/1570/1497
f 1542/1542/1473 1570/1570/1497 1539/1539/1470
f 1500/1500/1436 1571/1571/1498 1567/1567/1494
f 1500/1500/1436 1567/1567/1494 1529/1529/1462
f 1523/1523/1457 1562/1562/1490 1572/1572/1367
f 1523/1523/1457 1572/1572/1367 1520/1520/1313
f 1539/1539/1470 1570/1570/1497 1563/1563/1491
f 1539/1539/1470 1563/1563/1491 1517/1517/1453
f 1503/1503/1439 1569/1569/1496 1571/1571/1498
f 1503/1503/1439 1571/1571/1498 1500/1500/1436
f 1456/1456/1394 1573/1573/1369 1574/1574/1368
f 1456/1456/1394 1574/1574/1368 1453/1453/1391
f 1496/1496/1432 1499/1499/1435 1466/1466/1404
f 1496/1496/1432 1466/1466/1404 1464/1464/1402
f 1575/1575/1499 1576/1576/1500 1486/1486/1422
f 1575/1575/1499 1486/1486/1422 1485/1485/1421
f 1474/1474/1410 1577/1577/1501 1548/1548/1479
f 1474/1474/1410 1548/1548/1479 1475/1475/1411
f 1549/1549/1480 1535/1535/1468 1468/1468/1406
f 1549/1549/1480 1468/1468/1406 1471/1471/1409
f 1578/1578/1502 1579/1579/1503 1580/1580/1504
f 1578/1578/1502 1580/1580/1504 1581/1581/1505
f 1582/1582/1506 1583/1583/1507 1491/1491/1427
f 1582/1582/1506 1491/1491/1427 1546/1546/1477
f 1499/1499/1435 1549/1549/1480 1471/1471/1409
f 1499/1499/1435 1471/1471/1409 1466/1466/1404
f 52/52/51 1583/1583/1507 1488/1488/1424
f 52/52/51 1488/1488/1424 1487/1487/1423
f 1581/1581/1505 1580/1580/1504 1461/1461/1399
f 1581/1581/1505 1461/1461/1399 1460/1460/1398
f 1535/1535/1468 1538/1538/1330 1472/1472/1257
f 1535/1535/1468 1472/1472/1257 1468/1468/1406
f 1490/1490/1426 1584/1584/1508 1585/1585/1509
f 1490/1490/1426 1585/1585/1509 1341/1341/1279
f 1454/1454/1392 1474/1474/1410 1457/1457/1395
f 1454/1454/1392 1457/1457/1395 1455/1455/1393
f 1586/1586/1381 1587/1587/1173 1579/1579/1503
f 1586/1586/1381 1579/1579/1503 1578/1578/1502
f 1577/1577/1501 1582/1582/1506 1546/1546/1477
f 1577/1577/1501 1546/1546/1477 1548/1548/1479
f 1476/1476/1412 1496/1496/1432 1464/1464/1402
f 1476/1476/1412 1464/1464/1402 1457/1457/1395
f 1484/1484/1420 1483/1483/1419 1576/1576/1500
f 1484/1484/1420 1576/1576/1500 1575/1575/1499
f 1455/1455/1393 1459/1459/1397 1588/1588/1510
f 1455/1455/1393 1588/1588/1510 1456/1456/1394
f 1578/1578/1502 1453/1453/1391 1574/1574/1368
f 1578/1578/1502 1574/1574/1368 1586/1586/1381
f 1581/1581/1505 1454/1454/1392 1453/1453/1391
f 1581/1581/1505 1453/1453/1391 1578/1578/1502
f 1460/1460/1398 1474/1474/1410 1454/1454/1392
f 1460/1460/1398 1454/1454/1392 1581/1581/1505
f 1463/1463/1401 1577/1577/1501 1474/1474/1410
f 1463/1463/1401 1474/1474/1410 1460/1460/1398
f 1478/1478/1414 1582/1582/1506 1577/1577/1501
f 1478/1478/1414 1577/1577/1501 1463/1463/1401
f 1480/1480/1416 1583/1583/1507 1582/1582/1506
f 1480/1480/1416 1582/1582/1506 1478/1478/1414
f 1484/1484/1420 1490/1490/1426 1488/1488/1424
f 1484/1484/1420 1488/1488/1424 1481/1481/1417
f 1485/1485/1421 1585/1585/1509 1584/1584/1508
f 1485/1485/1421 1584/1584/1508 1575/1575/1499
f 1575/1575/1499 1584/1584/1508 1490/1490/1426
f 1575/1575/1499 1490/1490/1426 1484/1484/1420
f 1332/1332/1271 1341/1341/1279 1585/1585/1509
f 1332/1332/1271 1585/1585/1509 1485/1485/1421
f 1481/1481/1417 1488/1488/1424 1583/1583/1507
f 1481/1481/1417 1583/1583/1507 1480/1480/1416
f 1346/1346/1284 1447/1447/1385 1589/1589/1511
f 1346/1346/1284 1589/1589/1511 1493/1493/1429
f 1492/1492/1428 1495/1495/1431 1350/1350/1288
f 1492/1492/1428 1350/1350/1288 1347/1347/1285
f 41/41/40 1589/1589/1511 1447/1447/1385
f 41/41/40 1447/1447/1385 24/24/23
f 1583/1583/1507 52/52/51 51/51/50
f 1583/1583/1507 51/51/50 1590/1590/1512
f 1590/1590/1512 51/51/50 44/44/43
f 1590/1590/1512 44/44/43 43/43/42
f 1591/1591/1513 1494/1494/1430 55/55/54
f 1591/1591/1513 55/55/54 53/53/52
f 1592/1592/1514 1593/1593/1515 57/57/56
f 1592/1592/1514 57/57/56 54/54/53
f 50/50/49 1592/1592/1514 54/54/53
f 50/50/49 54/54/53 48/48/47
f 48/48/47 54/54/53 55/55/54
f 48/48/47 55/55/54 45/45/44
f 57/57/56 42/42/41 44/44/43
f 57/57/56 44/44/43 54/54/53
f 44/44/43 51/51/50 53/53/52
f 44/44/43 53/53/52 55/55/54
f 1573/1573/1369 1456/1456/1394 1588/1588/1510
f 1573/1573/1369 1588/1588/1510 1594/1594/1390
f 1595/1595/1516 1596/1596/1517 1597/1597/1518
f 1595/1595/1516 1597/1597/1518 1598/1598/1236
f 1599/1599/1519 1600/1600/1520 1601/1601/1521
f 1599/1599/1519 1601/1601/1521 1602/1602/1522
f 1603/1603/1523 1604/1604/1524 1605/1605/1525
f 1603/1603/1523 1605/1605/1525 1606/1606/1526
f 1606/1606/1526 1605/1605/1525 1607/1607/1527
f 1606/1606/1526 1607/1607/1527 1608/1608/1528
f 1608/1608/1528 1607/1607/1527 1609/1609/1529
f 1608/1608/1528 1609/1609/1529 1610/1610/1183
f 1610/1610/1183 1609/1609/1529 1611/1611/1530
f 1610/1610/1183 1611/1611/1530 1612/1612/1531
f 1612/1612/1531 1611/1611/1530 1613/1613/1532
f 1612/1612/1531 1613/1613/1532 1614/1614/1533
f 1614/1614/1533 1613/1613/1532 1615/1615/1534
f 1614/1614/1533 1615/1615/1534 1616/1616/1168
f 1616/1616/1168 1615/1615/1534 1617/1617/1535
f 1616/1616/1168 1617/1617/1535 1618/1618/1536
f 1618/1618/1536 1617/1617/1535 1596/1596/1517
f 1618/1618/1536 1596/1596/1517 1595/1595/1516
f 1598/1598/1236 1597/1597/1518 1619/1619/1537
f 1598/1598/1236 1619/1619/1537 1620/1620/1538
f 1620/1620/1538 1619/1619/1537 1600/1600/1520
f 1620/1620/1538 1600/1600/1520 1599/1599/1519
f 1619/1619/1537 1597/1597/1518 1621/1621/1539
f 1619/1619/1537 1621/1621/1539 1622/1622/1540
f 1622/1622/1540 1621/1621/1539 1623/1623/1541
f 1622/1622/1540 1623/1623/1541 1624/1624/1542
f 1600/1600/1520 1619/1619/1537 1622/1622/1540
f 1600/1600/1520 1622/1622/1540 1625/1625/1543
f 1625/1625/1543 1622/1622/1540 1624/1624/1542
f 1625/1625/1543 1624/1624/1542 1626/1626/1544
f 1601/1601/1521 1600/1600/1520 1625/1625/1543
f 1601/1601/1521 1625/1625/1543 1627/1627/1545
f 1627/1627/1545 1625/1625/1543 1626/1626/1544
f 1627/1627/1545 1626/1626/1544 1628/1628/1546
f 1605/1605/1525 1604/1604/1524 1629/1629/1547
f 1605/1605/1525 1629/1629/1547 1630/1630/1548
f 1630/1630/1548 1629/1629/1547 1631/1631/1546
f 1630/1630/1548 1631/1631/1546 1632/1632/1549
f 1607/1607/1527 1605/1605/1525 1630/1630/1548
f 1607/1607/1527 1630/1630/1548 1633/1633/1550
f 1633/1633/1550 1630/1630/1548 1632/1632/1549
f 1633/1633/1550 1632/1632/1549 1634/1634/1551
f 1609/1609/1529 1607/1607/1527 1633/1633/1550
f 1609/1609/1529 1633/1633/1550 1635/1635/1552
f 1635/1635/1552 1633/1633/1550 1634/1634/1551
f 1635/1635/1552 1634/1634/1551 1636/1636/1553
f 1611/1611/1530 1609/1609/1529 1635/1635/1552
f 1611/1611/1530 1635/1635/1552 1637/1637/1554
f 1637/1637/1554 1635/1635/1552 1636/1636/1553
f 1637/1637/1554 1636/1636/1553 1638/1638/1555
f 1613/1613/1532 1611/1611/1530 1637/1637/1554
f 1613/1613/1532 1637/1637/1554 1639/1639/1556
f 1639/1639/1556 1637/1637/1554 1638/1638/1555
f 1639/1639/1556 1638/1638/1555 1640/1640/1557
f 1615/1615/1534 1613/1613/1532 1639/1639/1556
f 1615/1615/1534 1639/1639/1556 1641/1641/1558
f 1641/1641/1558 1639/1639/1556 1640/1640/1557
f 1641/1641/1558 1640/1640/1557 1642/1642/1559
f 1617/1617/1535 1615/1615/1534 1641/1641/1558
f 1617/1617/1535 1641/1641/1558 1643/1643/1560
f 1643/1643/1560 1641/1641/1558 1642/1642/1559
f 1643/1643/1560 1642/1642/1559 1644/1644/1561
f 1596/1596/1517 1617/1617/1535 1643/1643/1560
f 1596/1596/1517 1643/1643/1560 1645/1645/1562
f 1645/1645/1562 1643/1643/1560 1644/1644/1561
f 1645/1645/1562 1644/1644/1561 1646/1646/1563
f 1597/1597/1518 1596/1596/1517 1645/1645/1562
f 1597/1597/1518 1645/1645/1562 1621/1621/1539
f 1621/1621/1539 1645/1645/1562 1646/1646/1563
f 1621/1621/1539 1646/1646/1563 1623/1623/1541
f 1132/1132/1082 1139/1139/1089 1130/1130/1080
f 1139/1139/1089 1132/1132/1082 1149/1149/1099
f 1139/1139/1089 1149/1149/1099 1152/1152/1102
f 1139/1139/1089 1152/1152/1102 1147/1147/1097
f 1139/1139/1089 1147/1147/1097 4/4/4
f 4/4/4 1147/1147/1097 5/5/5
f 1134/1134/1084 1102/1102/1052 1101/1101/1051
f 1102/1102/1052 1134/1134/1084 1146/1146/1096
f 1146/1146/1096 1134/1134/1084 1133/1133/1083
f 6/6/6 1147/1147/1097 1152/1152/1102
f 1147/1147/1097 6/6/6 8/8/8
f 1147/1147/1097 8/8/8 3/3/3
f 3/3/3 8/8/8 1148/1148/1098
f 3/3/3 1153/1153/1103 1/1/1
f 1153/1153/1103 3/3/3 1148/1148/1098
f 1153/1153/1103 1148/1148/1098 1150/1150/1100
f 1141/1141/1091 1154/1154/1104 1156/1156/1106
f 1154/1154/1104 1141/1141/1091 1140/1140/1090
f 1154/1154/1104 1140/1140/1090 1143/1143/1093
f 1195/1195/1145 1190/1190/1140 1188/1188/1138
f 1190/1190/1140 1195/1195/1145 1204/1204/1154
f 1204/1204/1154 1195/1195/1145 1206/1206/1156
f 1206/1206/1156 1195/1195/1145 1202/1202/1152
f 1202/1202/1152 1195/1195/1145 12/12/12
f 1202/1202/1152 12/12/12 13/13/13
f 1167/1167/1117 1192/1192/1142 1164/1164/1114
f 1192/1192/1142 1167/1167/1117 1201/1201/1151
f 1192/1192/1142 1201/1201/1151 1191/1191/1141
f 1202/1202/1152 14/14/14 1206/1206/1156
f 14/14/14 1202/1202/1152 15/15/15
f 15/15/15 1202/1202/1152 10/10/10
f 15/15/15 10/10/10 1203/1203/1153
f 1207/1207/1157 10/10/10 9/9/9
f 10/10/10 1207/1207/1157 1203/1203/1153
f 1203/1203/1153 1207/1207/1157 1205/1205/1155
f 1208/1208/1158 1196/1196/1146 1209/1209/1159
f 1196/1196/1146 1208/1208/1158 1197/1197/1147
f 1197/1197/1147 1208/1208/1158 1199/1199/1149
f 1183/1183/1133 1024/1024/976 1023/1023/975
f 1024/1024/976 1183/1183/1133 1025/1025/977
f 1025/1025/977 1183/1183/1133 1186/1186/1136
f 1025/1025/977 1186/1186/1136 1026/1026/978
f 1026/1026/978 1186/1186/1136 995/995/947
f 995/995/947 1186/1186/1136 996/996/948
f 996/996/948 1186/1186/1136 997/997/949
f 1014/1014/966 1124/1124/1074 1015/1015/967
f 1124/1124/1074 1014/1014/966 1013/1013/965
f 1124/1124/1074 1013/1013/965 1127/1127/1077
f 1127/1127/1077 1013/1013/965 1012/1012/964
f 1127/1127/1077 1012/1012/964 1011/1011/963
f 1127/1127/1077 1011/1011/963 1010/1010/962
f 1127/1127/1077 1010/1010/962 1009/1009/961
f 1451/1451/1389 32/32/31 1450/1450/1388
f 32/32/31 1451/1451/1389 33/33/32
f 33/33/32 1451/1451/1389 1446/1446/1384
f 33/33/32 1446/1446/1384 1345/1345/1283
f 31/31/30 29/29/28 28/28/27
f 29/29/28 31/31/30 1344/1344/1282
f 1344/1344/1282 31/31/30 33/33/32
f 1344/1344/1282 33/33/32 1345/1345/1283
f 35/35/34 1335/1335/1273 36/36/35
f 1335/1335/1273 35/35/34 1449/1449/1387
f 1335/1335/1273 1449/1449/1387 1349/1349/1287
f 1440/1440/1378 27/27/26 1448/1448/1386
f 27/27/26 1440/1440/1378 1343/1343/1281
f 27/27/26 1343/1343/1281 25/25/24
f 25/25/24 1343/1343/1281 39/39/38
f 39/39/38 1451/1451/1389 40/40/39
f 1451/1451/1389 39/39/38 1446/1446/1384
f 1446/1446/1384 39/39/38 22/22/21
f 1348/1348/1286 1349/1349/1287 1449/1449/1387
f 1349/1349/1287 1348/1348/1286 30/30/29
f 1349/1349/1287 30/30/29 29/29/28
f 1349/1349/1287 29/29/28 1344/1344/1282
f 50/50/49 1593/1593/1515 1592/1592/1514
f 1593/1593/1515 50/50/49 49/49/48
f 1593/1593/1515 49/49/48 1589/1589/1511
f 1589/1589/1511 49/49/48 1493/1493/1429
f 47/47/46 48/48/47 45/45/44
f 48/48/47 47/47/46 1492/1492/1428
f 48/48/47 1492/1492/1428 49/49/48
f 49/49/48 1492/1492/1428 1493/1493/1429
f 1487/1487/1423 53/53/52 52/52/51
f 53/53/52 1487/1487/1423 1591/1591/1513
f 1591/1591/1513 1487/1487/1423 1495/1495/1431
f 1583/1583/1507 43/43/42 1491/1491/1427
f 43/43/42 1583/1583/1507 1590/1590/1512
f 1491/1491/1427 43/43/42 42/42/41
f 1491/1491/1427 42/42/41 56/56/55
f 1593/1593/1515 56/56/55 57/57/56
f 56/56/55 1593/1593/1515 1589/1589/1511
f 56/56/55 1589/1589/1511 41/41/40
f 1495/1495/1431 1494/1494/1430 1591/1591/1513
f 1494/1494/1430 1495/1495/1431 46/46/45
f 46/46/45 1495/1495/1431 47/47/46
f 47/47/46 1495/1495/1431 1492/1492/1428
f 1652/1647/1564 1650/1648/1565 1651/1649/1559
f 1650/1648/1565 1652/1647/1564 1653/1650/1566
f 1650/1648/1565 1653/1650/1566 1649/1651/1567
f 1649/1651/1567 1653/1650/1566 1654/1652/1553
f 1649/1651/1567 1654/1652/1553 1648/1653/1541
f 1648/1653/1541 1654/1652/1553 1655/1654/1568
f 1648/1653/1541 1655/1654/1568 1647/1655/1569
f 1647/1655/1569 1655/1654/1568 1656/1656/1570
f 1647/1655/1569 1656/1656/1570 1658/1657/1571
f 1658/1657/1571 1656/1656/1570 1657/1658/1572
